Step,Ideology_adaptive_mean,Ideology_adaptive_direct_mean,AvgEnergy_mean,CommunityPool_mean,TotalScar_mean,Renewables_mean,NonRenewables_mean,InfrastructureSites_mean,AgentsAlive_mean,GiniEnergy_mean,MinedRenewable_mean,MinedNonrenewable_mean,AvgAdaptiveEpsilon_mean,AvgAdaptiveReward_mean,Ideology_adaptive_std,Ideology_adaptive_direct_std,AvgEnergy_std,CommunityPool_std,TotalScar_std,Renewables_std,NonRenewables_std,InfrastructureSites_std,AgentsAlive_std,GiniEnergy_std,MinedRenewable_std,MinedNonrenewable_std,AvgAdaptiveEpsilon_std,AvgAdaptiveReward_std
0,0.0,15.0,20.0,0.0,0.0,100.0,100.0,0.0,15.0,0.0,0.0,0.0,0.0,0.0,0.0,0.0,0.0,0.0,0.0,0.0,0.0,0.0,0.0,0.0,0.0,0.0,0.0,0.0
1,0.0,15.0,18.9,0.0,0.0,100.0,100.0,0.0,15.0,0.030255323687106372,0.0,0.0,0.0,0.0,0.0,0.0,0.4567734398020997,0.0,0.0,0.0,0.0,0.0,0.0,0.018016155138708606,0.0,0.0,0.0,0.0
2,0.0,15.0,18.133333333333336,0.0,0.0,100.0,100.0,0.0,15.0,0.04529437723488809,0.0,0.0,0.0,0.0,0.0,0.0,0.34426518632954817,0.0,0.0,0.0,0.0,0.0,0.0,0.01153306018210244,0.0,0.0,0.0,0.0
3,0.0,15.0,17.333333333333336,0.0,0.0,100.0,100.0,0.0,15.0,0.05729708520210493,0.0,0.0,0.0,0.0,0.0,0.0,0.5258737584977434,0.0,0.0,0.0,0.0,0.0,0.0,0.013935586443232523,0.0,0.0,0.0,0.0
4,0.0,15.0,17.460000000000004,0.0,1.478,100.0,100.0,0.0,15.0,0.06760937506084627,8.1,9.0,0.0,0.0,0.0,0.0,0.5824172701278781,0.0,1.7470915513758543,0.0,0.0,0.0,0.0,0.01699890582871838,5.586690532964137,6.99205898780101,0.0,0.0
5,0.0,15.0,17.33333333333334,0.0,1.738,100.0,100.0,0.0,15.0,0.07261120290269862,4.4,5.5,0.0,0.0,0.0,0.0,0.6425258797689349,0.0,1.602448127085554,0.0,0.0,0.0,0.0,0.020966375424033058,3.977715704047013,5.50252467307306,0.0,0.0
6,0.0,15.0,17.21333333333334,0.0,2.284,100.0,100.0,0.0,15.0,0.06737694376827592,4.8,3.5,0.0,0.0,0.0,0.0,0.5985991878162885,0.0,1.7104008626959677,0.0,0.0,0.0,0.0,0.016563317905117156,5.266244708835067,4.743416490252569,0.0,0.0
7,0.0,15.0,16.886666666666674,0.0,2.299,100.0,100.0,0.0,15.0,0.06518205805975559,2.8,2.5,0.0,0.0,0.0,0.0,0.6748022115341357,0.0,1.7669902219436426,0.0,0.0,0.0,0.0,0.013291461162057141,1.9321835661585918,2.63523138347365,0.0,0.0
8,0.0,15.0,16.97333333333334,0.0,2.5999999999999996,100.0,100.0,0.0,15.0,0.06146893943634628,9.6,1.0,0.0,0.0,0.0,0.0,0.5649866162514018,0.0,1.8783444246936654,0.0,0.0,0.0,0.0,0.01180783051250987,8.044321668799123,2.1081851067789192,0.0,0.0
9,0.0,15.0,16.97333333333334,0.0,2.7039999999999997,100.0,100.0,0.0,15.0,0.06248526295407986,5.6,3.0,0.0,0.0,0.0,0.0,0.48909086736843643,0.0,1.9832083994264331,0.0,0.0,0.0,0.0,0.014118493007165446,4.2998707990925595,4.830458915396479,0.0,0.0
10,0.0,15.0,16.793333333333344,0.0,2.5629999999999997,100.0,100.0,0.0,15.0,0.060058108228849647,6.4,1.0,0.0,0.0,0.0,0.0,0.45698961276252353,0.0,1.6364735120238136,0.0,0.0,0.0,0.0,0.014545199776905535,5.719362823873924,2.1081851067789197,0.0,0.0
11,0.0,15.0,16.44000000000001,0.0,2.7039999999999997,100.0,100.0,0.0,15.0,0.068330512100127,3.2,3.0,0.0,0.0,0.0,0.0,0.603855922641024,0.0,1.737636965025267,0.0,0.0,0.0,0.0,0.01275855906144176,1.6865480854231356,3.496029493900505,0.0,0.0
12,0.0,15.0,16.446233333333346,0.0,2.9239999999999995,100.0,100.0,0.0,15.0,0.08039361790456905,7.593500000000001,4.0,0.0,0.0,0.0,0.0,0.5793460777271018,0.0,2.014327569079953,0.0,0.0,0.0,0.0,0.021654451087792122,6.095096412508811,6.146362971528591,0.0,0.0
13,0.0,15.0,16.32330000000001,0.0,2.906999999999999,100.0,100.0,0.0,15.0,0.0845422097083526,6.356,1.5,0.0,0.0,0.0,0.0,0.5609010927092836,0.0,2.0196592121774737,0.0,0.0,0.0,0.0,0.01963363625821832,5.3825875644423,2.41522945769824,0.0,0.0
14,0.0,15.0,16.384833333333347,0.0,3.405,100.0,100.0,0.0,15.0,0.08585257577015266,7.823,3.5,0.0,0.0,0.0,0.0,0.5287351375490494,0.0,1.9703256921974428,0.0,0.0,0.0,0.0,0.019356821195365897,5.773629322666597,2.41522945769824,0.0,0.0
15,0.0,15.0,16.118166666666678,0.0,3.3249999999999993,100.0,100.0,0.0,15.0,0.08644321677731599,3.6,3.0,0.0,0.0,0.0,0.0,0.7882722825001687,0.0,2.141516855979528,0.0,0.0,0.0,0.0,0.024475867421673167,2.2705848487901865,4.216370213557839,0.0,0.0
16,0.0,15.0,15.844833333333346,0.0,3.228999999999999,100.0,100.0,0.0,15.0,0.09367971448281079,6.0,1.5,0.0,0.0,0.0,0.0,1.0193669573942252,0.0,1.9569048690896205,0.0,0.0,0.0,0.0,0.024748335661359828,5.077182070575939,2.41522945769824,0.0,0.0
17,0.0,15.0,15.664833333333348,0.0,3.339999999999999,100.0,100.0,0.0,15.0,0.0993847200443094,5.2,1.5,0.0,0.0,0.0,0.0,1.3141040627189013,0.0,1.9087750580469711,0.0,0.0,0.0,0.0,0.03410631501483273,5.3499740393970345,3.374742788552764,0.0,0.0
18,0.0,15.0,15.63226666666668,0.0,3.2639999999999993,100.0,100.0,0.0,15.0,0.0994857901979593,7.411500000000001,2.5,0.0,0.0,0.0,0.0,1.1812744718217598,0.0,1.9295376533137552,0.0,0.0,0.0,0.0,0.027543268611435592,6.525504684611673,5.400617248673217,0.0,0.0
19,0.0,15.0,15.496833333333347,0.0,3.443999999999999,100.0,100.0,0.0,15.0,0.10012874060410726,5.7685,2.0,0.0,0.0,0.0,0.0,1.2698397317947048,0.0,1.73013936497099,0.0,0.0,0.0,0.0,0.028498073845403097,4.435254001244524,2.581988897471611,0.0,0.0
20,0.0,15.0,15.470933333333349,0.0,4.235999999999999,100.0,100.0,0.0,15.0,0.10808351563557281,5.5115,5.0,0.0,0.0,0.0,0.0,1.2858082033501232,0.0,2.5637307884322706,0.0,0.0,0.0,0.0,0.027394089560271298,4.736816822625835,5.270462766947299,0.0,0.0
21,0.0,15.0,15.270133333333352,0.0,4.157999999999999,100.0,100.0,0.0,15.0,0.11291505683918432,5.488,1.5,0.0,0.0,0.0,0.0,1.3273041479761036,0.0,2.2172896367712833,0.0,0.0,0.0,0.0,0.026419963400103358,4.352524299504573,2.4152294576982394,0.0,0.0
22,0.0,15.0,15.081966666666682,0.0,4.126999999999999,100.0,100.0,0.0,15.0,0.12210089602479446,7.6775,2.5,0.0,0.0,0.0,0.0,1.1152734863622995,0.0,1.8354173004160836,0.0,0.0,0.0,0.0,0.020981989191520924,4.973259187338264,2.63523138347365,0.0,0.0
23,0.0,15.0,14.756266666666685,0.0,4.124999999999998,100.0,100.0,0.0,15.0,0.1342232054548242,5.0145,1.5,0.0,0.0,0.0,0.0,1.2740517151354223,0.0,1.8157780701396296,0.0,0.0,0.0,0.0,0.01855706305270178,4.364871418495625,3.3747427885527643,0.0,0.0
24,0.0,15.0,14.596566666666684,0.0,4.268999999999998,100.0,100.0,0.0,15.0,0.13758698951196063,6.2045,1.0,0.0,0.0,0.0,0.0,1.348545902302657,0.0,1.857168992490092,0.0,0.0,0.0,0.0,0.025973808049489053,5.777637180447461,2.1081851067789197,0.0,0.0
25,0.0,15.0,14.716566666666685,0.0,4.338999999999999,100.0,100.0,0.0,15.0,0.13640535962234906,7.6,3.5,0.0,0.0,0.0,0.0,1.4696116061189468,0.0,1.8862098975929946,0.0,0.0,0.0,0.0,0.02811934749283299,4.788875998951459,4.1163630117428225,0.0,0.0
26,0.0,15.0,14.724300000000019,0.0,4.393999999999998,100.0,100.0,0.0,15.0,0.13730754830835917,9.016,1.5,0.0,0.0,0.0,0.0,1.2697531640168767,0.0,2.0280927000509608,0.0,0.0,0.0,0.0,0.02513408062011789,4.706768648564651,3.3747427885527643,0.0,0.0
27,0.0,15.0,14.557633333333351,0.0,4.663999999999998,100.0,100.0,0.0,15.0,0.14017594332558242,4.0,2.5,0.0,0.0,0.0,0.0,1.2113227180072617,0.0,2.31957467365607,0.0,0.0,0.0,0.0,0.02391850864043518,2.6666666666666665,3.5355339059327373,0.0,0.0
28,0.0,15.0,14.400566666666686,0.0,4.629999999999997,100.0,100.0,0.0,15.0,0.14575444801482115,5.044,1.5,0.0,0.0,0.0,0.0,1.3220802729593062,0.0,2.202286690389483,0.0,0.0,0.0,0.0,0.02591962930507179,5.026664898319759,2.4152294576982394,0.0,0.0
29,0.0,15.0,14.511966666666686,0.0,4.591999999999998,100.0,100.0,0.0,15.0,0.1494161344023322,8.971,2.5,0.0,0.0,0.0,0.0,1.5047997565813909,0.0,2.160251014221366,0.0,0.0,0.0,0.0,0.026372132844191758,3.964969384777419,2.6352313834736494,0.0,0.0
30,0.0,15.0,14.33110000000002,0.0,4.265999999999997,100.0,100.0,0.0,15.0,0.15689880691471342,8.787,0.5,0.0,0.0,0.0,0.0,1.5078486108801963,0.0,2.0112472636539627,0.0,0.0,0.0,0.0,0.031238561981739795,7.719497392965426,1.5811388300841898,0.0,0.0
31,0.0,15.0,14.13750000000002,0.0,4.154999999999998,100.0,100.0,0.0,15.0,0.16525997969448383,4.996,1.5,0.0,0.0,0.0,0.0,1.5218922614809367,0.0,1.9144784610378291,0.0,0.0,0.0,0.0,0.03531465960544992,3.618493240747222,2.4152294576982394,0.0,0.0
32,0.0,15.0,13.937866666666688,0.0,4.2609999999999975,100.0,100.0,0.0,15.0,0.1732233005350017,4.105500000000001,2.5,0.0,0.0,0.0,0.0,1.5879555082861434,0.0,1.8336148268743167,0.0,0.0,0.0,0.0,0.03738390616528689,5.6349437786803955,3.5355339059327373,0.0,0.0
33,0.0,15.0,14.105100000000022,0.0,4.406999999999997,100.0,100.0,0.0,15.0,0.17550918651903408,9.708499999999999,4.0,0.0,0.0,0.0,0.0,1.6585138747805261,0.0,1.9459533510453018,0.0,0.0,0.0,0.0,0.041057252311487664,6.3588691561035,5.163977794943222,0.0,0.0
34,0.0,15.0,14.109633333333354,0.0,3.864999999999997,100.0,100.0,0.0,15.0,0.17722690122518184,7.868,2.0,0.0,0.0,0.0,0.0,1.6534730186661037,0.0,1.608334196890959,0.0,0.0,0.0,0.0,0.04379311919075684,4.377317291066146,2.581988897471611,0.0,0.0
35,0.0,15.0,13.978433333333353,0.0,3.7459999999999973,100.0,100.0,0.0,15.0,0.17981081086706824,4.932,1.5,0.0,0.0,0.0,0.0,1.7050672268705884,0.0,1.3845994206107242,0.0,0.0,0.0,0.0,0.044220433212143716,3.2030568732592517,2.4152294576982394,0.0,0.0
36,0.0,15.0,13.860133333333355,0.0,3.581999999999997,100.0,100.0,0.0,15.0,0.18834916505364185,4.9255,1.0,0.0,0.0,0.0,0.0,1.8500542881590838,0.0,1.3337149453895887,0.0,0.0,0.0,0.0,0.04560824668157363,3.7736089784478497,2.1081851067789197,0.0,0.0
37,0.0,15.0,13.785733333333354,0.0,3.4279999999999973,100.0,100.0,0.0,15.0,0.19844469807184395,7.984,1.5,0.0,0.0,0.0,0.0,1.9861804202358893,0.0,1.40131525519579,0.0,0.0,0.0,0.0,0.04365720338852292,5.63188383718588,2.41522945769824,0.0,0.0
38,0.0,15.0,13.728400000000022,0.0,3.606999999999997,100.0,100.0,0.0,15.0,0.20263005887431468,7.540000000000001,2.5,0.0,0.0,0.0,0.0,1.9901571797222497,0.0,1.4236966749354374,0.0,0.0,0.0,0.0,0.04481048346754531,5.42918041696903,3.5355339059327378,0.0,0.0
39,0.0,15.0,13.521733333333355,0.0,3.4779999999999966,100.0,100.0,0.0,15.0,0.21876322831902612,3.5,3.0,0.0,0.0,0.0,0.0,2.0002470637522256,0.0,1.2248700611357373,0.0,0.0,0.0,0.0,0.05376861508723011,2.798809270624444,3.4960294939005054,0.0,0.0
40,0.0,15.0,13.375833333333356,0.0,3.532999999999997,100.0,100.0,0.0,15.0,0.21684787140683737,5.9115,4.0,0.0,0.0,0.0,0.0,2.200353283923765,0.0,1.0951717267675922,0.0,0.0,0.0,0.0,0.06264995878895618,5.100558820146845,4.594682917363407,0.0,0.0
41,0.0,15.0,13.307300000000023,0.0,3.421999999999997,100.0,100.0,0.0,15.0,0.2221304439082116,8.772,1.5,0.0,0.0,0.0,0.0,2.329016193774577,0.0,0.9507751223782266,0.0,0.0,0.0,0.0,0.06660388268144897,5.907796731626963,2.41522945769824,0.0,0.0
42,0.0,15.0,13.357700000000023,0.0,3.375999999999997,100.0,100.0,0.0,15.0,0.2215759918814495,7.456,2.0,0.0,0.0,0.0,0.0,2.2425614953650324,0.0,0.9093000971443173,0.0,0.0,0.0,0.0,0.0653158789574886,6.008925213565421,2.581988897471611,0.0,0.0
43,0.0,15.0,13.054766666666689,0.0,3.2099999999999973,100.0,100.0,0.0,15.0,0.2287331906386966,4.756,1.5,0.0,0.0,0.0,0.0,2.076173647260813,0.0,0.9585637404181543,0.0,0.0,0.0,0.0,0.07469374343546908,3.1083800711410223,2.41522945769824,0.0,0.0
44,0.0,15.0,12.961266666666692,0.0,3.2159999999999975,100.0,100.0,0.0,15.0,0.2316127486729116,7.1975,2.0,0.0,0.0,0.0,0.0,2.1551905292302993,0.0,0.8802297679835895,0.0,0.0,0.0,0.0,0.07388681487621451,4.130651851974725,2.581988897471611,0.0,0.0
45,0.0,15.0,13.018066666666693,0.0,3.0429999999999975,100.0,100.0,0.0,15.0,0.238019277438173,8.652000000000001,1.5,0.0,0.0,0.0,0.0,2.2046378936177558,0.0,0.8532558558577581,0.0,0.0,0.0,0.0,0.0827355115773606,6.362279116445266,2.41522945769824,0.0,0.0
46,0.0,14.9,13.072902380952405,0.0,2.948999999999997,100.0,100.0,0.0,14.9,0.23765399393528944,7.6,1.5,0.0,0.0,0.0,0.316227766016838,2.128054949841581,0.0,0.7039483882596317,0.0,0.0,0.0,0.316227766016838,0.07460381397533745,5.4812812776251905,2.41522945769824,0.0,0.0
47,0.0,14.8,12.9687404761905,0.0,2.6459999999999972,100.0,100.0,0.0,14.8,0.2359606882159988,5.905500000000001,0.5,0.0,0.0,0.0,0.4216370213557839,2.0303742462412493,0.0,0.9357492541630295,0.0,0.0,0.0,0.4216370213557839,0.08003444528429775,5.6474706481948385,1.5811388300841895,0.0,0.0
48,0.0,14.8,12.965597619047646,0.0,2.7079999999999975,100.0,100.0,0.0,14.8,0.2420869143178172,6.715999999999999,1.5,0.0,0.0,0.0,0.4216370213557839,2.1575746696425533,0.0,1.25291482374324,0.0,0.0,0.0,0.4216370213557839,0.08389561816531604,5.724596443806711,3.3747427885527643,0.0,0.0
49,0.0,14.8,12.938726190476217,0.0,2.6919999999999975,100.0,100.0,0.0,14.8,0.24992267162267642,6.375500000000001,1.5,0.0,0.0,0.0,0.4216370213557839,2.284322098488083,0.0,1.1330077963838843,0.0,0.0,0.0,0.4216370213557839,0.08414258462159781,7.352299885825598,2.41522945769824,0.0,0.0
50,0.0,14.6,13.082478571428599,0.0,2.8229999999999977,100.0,100.0,0.0,14.6,0.2539575448818073,10.379999999999999,1.0,0.0,0.0,0.0,0.6992058987801011,2.1969347893000077,0.0,1.3290602360732604,0.0,0.0,0.0,0.6992058987801011,0.0841856555218699,7.334818031523042,2.1081851067789192,0.0,0.0
51,0.0,14.0,13.378162912087939,0.0,2.7289999999999974,100.0,100.0,0.0,14.0,0.2380902904217502,4.2524999999999995,1.5,0.0,0.0,0.0,1.1547005383792515,1.9904111548476464,0.0,1.2341119164088081,0.0,0.0,0.0,1.1547005383792515,0.07702706868998731,4.229369042776948,3.3747427885527643,0.0,0.0
52,0.0,14.0,13.22785302197805,0.0,2.6419999999999977,100.0,100.0,0.0,14.0,0.24397159487524336,5.4719999999999995,1.0,0.0,0.0,0.0,1.1547005383792515,1.951794632503544,0.0,1.2297226426222203,0.0,0.0,0.0,1.1547005383792515,0.08422782361462801,4.674880390626766,2.1081851067789192,0.0,0.0
53,0.0,13.6,13.651425732600762,0.0,2.8519999999999976,100.0,100.0,0.0,13.6,0.225606137068244,7.1985,2.5,0.0,0.0,0.0,0.9660917830792958,2.2774778951470744,0.0,1.4283074676771181,0.0,0.0,0.0,0.9660917830792958,0.07413327015150283,7.692726741684136,2.63523138347365,0.0,0.0
54,0.0,13.6,13.854548809523838,0.0,2.9839999999999973,100.0,100.0,0.0,13.6,0.23033935632855718,9.779,3.0,0.0,0.0,0.0,0.9660917830792958,2.192584748278038,0.0,1.1843160238907704,0.0,0.0,0.0,0.9660917830792958,0.07048340264365834,6.426318195946693,4.216370213557839,0.0,0.0
55,0.0,13.6,13.599593498168526,0.0,3.1129999999999973,100.0,100.0,0.0,13.6,0.23451394213462332,3.096,0.5,0.0,0.0,0.0,0.9660917830792958,2.328509854491987,0.0,1.5294592363170572,0.0,0.0,0.0,0.9660917830792958,0.06969665043743735,3.4037469549502846,1.5811388300841895,0.0,0.0
56,0.0,13.5,13.429515950715981,0.0,2.9409999999999976,100.0,100.0,0.0,13.5,0.23188998413759948,3.772,0.5,0.0,0.0,0.0,1.1785113019775793,2.2270852576219577,0.0,1.4916616387252317,0.0,0.0,0.0,1.1785113019775793,0.07061711982616549,1.8838674758768643,1.5811388300841898,0.0,0.0
57,0.0,13.5,13.250338861138891,0.0,2.776999999999998,100.0,100.0,0.0,13.5,0.23323064722967332,4.647,0.0,0.0,0.0,0.0,1.1785113019775793,2.3374411045722634,0.0,1.4513675543354885,0.0,0.0,0.0,1.1785113019775793,0.07569361912081378,2.9960967199934574,0.0,0.0,0.0
58,0.0,13.0,13.920148593073623,0.0,2.6989999999999976,100.0,100.0,0.0,13.0,0.2155292098753671,7.794,2.0,0.0,0.0,0.0,1.4907119849998598,2.5165427285617685,0.0,1.3453743799486524,0.0,0.0,0.0,1.4907119849998598,0.032200721488382336,6.439558646021911,3.496029493900505,0.0,0.0
59,0.0,13.0,13.943380985681017,0.0,2.7269999999999976,100.0,100.0,0.0,13.0,0.2241999304520228,6.4875,4.0,0.0,0.0,0.0,1.4907119849998598,2.5322610700170105,0.0,1.6632034017388113,0.0,0.0,0.0,1.4907119849998598,0.03142606890691387,3.195292761756477,4.594682917363407,0.0,0.0
60,0.0,13.0,13.80353583083586,0.0,2.801999999999998,100.0,100.0,0.0,13.0,0.2304155478724093,4.1,1.5,0.0,0.0,0.0,1.4907119849998598,2.6269009720819665,0.0,1.7692044665454705,0.0,0.0,0.0,1.4907119849998598,0.033155334921374714,3.6040101122068027,3.3747427885527643,0.0,0.0
61,0.0,12.9,13.664678521478553,0.0,2.882999999999998,100.0,100.0,0.0,12.9,0.2309349077400185,4.6,1.5,0.0,0.0,0.0,1.4491376746189437,2.8700112070687114,0.0,2.066924983856184,0.0,0.0,0.0,1.4491376746189437,0.04921061028706874,3.0983866769659336,2.41522945769824,0.0,0.0
62,0.0,12.9,13.6562985680986,0.0,2.8879999999999977,100.0,100.0,0.0,12.9,0.23566234027620672,7.0,1.0,0.0,0.0,0.0,1.4491376746189437,3.068800826790964,0.0,2.1908385000573025,0.0,0.0,0.0,1.4491376746189437,0.05133807027767346,5.436502143433364,3.162277660168379,0.0,0.0
63,0.0,12.8,13.670930469530504,0.0,2.8999999999999977,100.0,100.0,0.0,12.8,0.24328247550086987,5.4205,2.5,0.0,0.0,0.0,1.5491933384829668,3.054326483675067,0.0,2.0159365069366637,0.0,0.0,0.0,1.5491933384829668,0.0594516737474788,3.4114484134715823,2.63523138347365,0.0,0.0
64,0.0,12.8,13.489470329670363,0.0,2.766999999999998,100.0,100.0,0.0,12.8,0.25136450927889176,4.301,0.0,0.0,0.0,0.0,1.5491933384829668,3.0716683825430913,0.0,1.950373468509727,0.0,0.0,0.0,1.5491933384829668,0.06080088611942186,2.9828042361360407,0.0,0.0,0.0
65,0.0,12.7,13.487553371628405,0.0,2.8589999999999978,100.0,100.0,0.0,12.7,0.2546763821715169,5.596,2.0,0.0,0.0,0.0,1.5670212364724214,2.989351450024116,0.0,1.9315419861976701,0.0,0.0,0.0,1.5670212364724214,0.05697716795677085,5.397627462341415,2.581988897471611,0.0,0.0
66,0.0,12.6,13.66570330502834,0.0,3.019999999999998,100.0,100.0,0.0,12.6,0.2546639620169306,6.296,2.5,0.0,0.0,0.0,1.7126976771553508,3.221988561954113,0.0,1.825991359356457,0.0,0.0,0.0,1.7126976771553508,0.055516971506013084,4.269340828642181,2.6352313834736494,0.0,0.0
67,0.0,12.6,13.548460464535498,0.0,2.905999999999998,100.0,100.0,0.0,12.6,0.26462405157344526,5.0755,2.0,0.0,0.0,0.0,1.7126976771553508,3.375468804752708,0.0,1.4236978455963025,0.0,0.0,0.0,1.7126976771553508,0.049428322064527935,4.157095974889736,2.581988897471611,0.0,0.0
68,0.0,12.4,13.623164277389312,0.0,2.9119999999999977,100.0,100.0,0.0,12.4,0.26806964717086024,5.876,0.5,0.0,0.0,0.0,1.7763883459298968,3.434901926419695,0.0,1.1043731253521147,0.0,0.0,0.0,1.7763883459298968,0.04907052316807658,3.835851926234901,1.5811388300841898,0.0,0.0
69,0.0,12.4,13.614031177156212,0.0,2.844999999999998,100.0,100.0,0.0,12.4,0.2775566754108175,6.3415,2.5,0.0,0.0,0.0,1.7763883459298968,3.4088625664943892,0.0,1.2479961716465484,0.0,0.0,0.0,1.7763883459298968,0.05564129084504307,5.334958111883875,3.5355339059327378,0.0,0.0
70,0.0,12.4,13.728192016317053,0.0,2.7789999999999977,100.0,100.0,0.0,12.4,0.2872323945854229,8.0,0.5,0.0,0.0,0.0,1.7763883459298968,3.4378359697325287,0.0,1.1333769599446297,0.0,0.0,0.0,1.7763883459298968,0.06433300786446311,3.265986323710904,1.5811388300841898,0.0,0.0
71,0.0,12.4,13.5980430652681,0.0,2.8029999999999977,100.0,100.0,0.0,12.4,0.29320847616677126,4.6615,1.5,0.0,0.0,0.0,1.7763883459298968,3.433418726125809,0.0,1.136994576357629,0.0,0.0,0.0,1.7763883459298968,0.058307163488565836,2.3886398384389764,2.41522945769824,0.0,0.0
72,0.0,12.4,13.617880769230805,0.0,2.690999999999998,100.0,100.0,0.0,12.4,0.3024135807007057,5.5505,2.5,0.0,0.0,0.0,1.7763883459298968,3.3783208140168597,0.0,1.026444239974961,0.0,0.0,0.0,1.7763883459298968,0.0709251680681658,4.622223160389861,3.5355339059327378,0.0,0.0
73,0.0,11.9,13.95988179320683,0.0,2.7049999999999974,100.0,100.0,0.0,11.9,0.29307848835522005,6.3525,1.0,0.0,0.0,0.0,1.5951314818673867,3.4496757512619394,0.0,1.397221449083063,0.0,0.0,0.0,1.5951314818673867,0.07033344035325996,7.124941032894394,2.1081851067789192,0.0,0.0
74,0.0,11.7,14.168872252747288,0.0,2.7849999999999975,100.0,100.0,0.0,11.7,0.29321595269520484,6.4,2.0,0.0,0.0,0.0,1.8287822299126935,3.4031195868017234,0.0,1.3711896699986867,0.0,0.0,0.0,1.8287822299126935,0.08357671946392507,3.3730961708462712,2.581988897471611,0.0,0.0
75,0.0,11.7,13.936829945054985,0.0,2.7919999999999976,100.0,100.0,0.0,11.7,0.30494902280553937,3.8564999999999996,1.5,0.0,0.0,0.0,1.8287822299126935,3.5627023374376945,0.0,1.7361758743476026,0.0,0.0,0.0,1.8287822299126935,0.07756448154891286,2.70500159170214,2.4152294576982394,0.0,0.0
76,0.0,11.5,14.333786904761945,0.0,2.849999999999998,100.0,100.0,0.0,11.5,0.2913840002141333,6.787999999999999,1.0,0.0,0.0,0.0,2.068278940998476,3.772048474081905,0.0,1.2822722886431808,0.0,0.0,0.0,2.068278940998476,0.07957112006559236,4.634711545620839,2.1081851067789192,0.0,0.0
77,0.0,11.5,14.178505463980503,0.0,2.7869999999999977,100.0,100.0,0.0,11.5,0.2921608247485684,4.6295,0.5,0.0,0.0,0.0,2.068278940998476,3.936819731675326,0.0,1.2735344518308085,0.0,0.0,0.0,2.068278940998476,0.07050300813459212,4.883308560801786,1.5811388300841898,0.0,0.0
78,0.0,11.3,14.410217954267996,0.0,2.5169999999999977,100.0,100.0,0.0,11.3,0.2924496693626138,6.2299999999999995,1.0,0.0,0.0,0.0,1.9465068427541912,3.8103521159756277,0.0,1.197599914644099,0.0,0.0,0.0,1.9465068427541912,0.06807119374990743,3.2488912638690213,2.1081851067789197,0.0,0.0
79,0.0,11.3,14.454160095460136,0.0,2.4719999999999978,100.0,100.0,0.0,11.3,0.2993628342083635,5.4775,2.0,0.0,0.0,0.0,1.9465068427541912,3.941775836008108,0.0,1.3694264817393034,0.0,0.0,0.0,1.9465068427541912,0.07546919719496357,4.89977961522534,2.581988897471611,0.0,0.0
80,0.0,11.0,14.696418281718326,0.0,2.4199999999999977,100.0,100.0,0.0,11.0,0.2914030988024,5.2,1.0,0.0,0.0,0.0,2.4037008503093262,3.5672007013709073,0.0,1.3131895014302635,0.0,0.0,0.0,2.4037008503093262,0.061825632649662794,3.794733192202055,2.1081851067789197,0.0,0.0
81,0.0,10.8,14.603610589410632,0.0,2.293999999999998,100.0,100.0,0.0,10.8,0.29124641590554523,3.6,0.0,0.0,0.0,0.0,2.2010098692292237,3.7633139391043966,0.0,1.265308043301884,0.0,0.0,0.0,2.2010098692292237,0.07639959547081183,3.977715704047013,0.0,0.0,0.0
82,0.0,10.8,14.35423113553118,0.0,2.3169999999999975,100.0,100.0,0.0,10.8,0.3053168531358657,3.5085,1.0,0.0,0.0,0.0,2.2010098692292237,3.859391830051511,0.0,1.1012119586064142,0.0,0.0,0.0,2.2010098692292237,0.08525024655539493,2.951863865048281,2.1081851067789197,0.0,0.0
83,0.0,10.4,14.972468492618537,0.0,2.3389999999999977,100.0,100.0,0.0,10.4,0.28346917830111884,6.197500000000001,2.0,0.0,0.0,0.0,2.170509412813294,4.105793767232212,0.0,1.1325825944863057,0.0,0.0,0.0,2.170509412813294,0.09122335809601699,5.387222150607863,3.496029493900505,0.0,0.0
84,0.0,10.2,15.21951612276617,0.0,2.208999999999998,100.0,100.0,0.0,10.2,0.2848429286661684,6.676,0.5,0.0,0.0,0.0,2.14993539954628,3.8966325279269203,0.0,1.084941882724087,0.0,0.0,0.0,2.14993539954628,0.09719620238355672,4.264684956450803,1.5811388300841898,0.0,0.0
85,0.0,10.2,14.986264374514423,0.0,2.081999999999998,100.0,100.0,0.0,10.2,0.294714975491405,4.2325,0.0,0.0,0.0,0.0,2.14993539954628,3.8477783359570386,0.0,1.0361445630584343,0.0,0.0,0.0,2.14993539954628,0.10043275597685873,5.243674098907707,0.0,0.0,0.0
86,0.0,10.2,14.87996989121994,0.0,2.034999999999998,100.0,100.0,0.0,10.2,0.3073417921694127,4.368,0.5,0.0,0.0,0.0,2.14993539954628,3.9239600853792247,0.0,1.1815738092335426,0.0,0.0,0.0,2.14993539954628,0.10771797764976986,3.5078983895077567,1.5811388300841895,0.0,0.0
87,0.0,10.1,14.958065122377672,0.0,1.9929999999999979,100.0,100.0,0.0,10.1,0.30113584097460827,4.367500000000001,0.5,0.0,0.0,0.0,2.2335820757001272,3.7719559458636236,0.0,1.1090942250322997,0.0,0.0,0.0,2.2335820757001272,0.11257701122189977,4.405449434759435,1.5811388300841895,0.0,0.0
88,0.0,9.4,16.125339675602227,0.0,1.8789999999999978,100.0,100.0,0.0,9.4,0.24738920844253945,5.956,0.5,0.0,0.0,0.0,2.590581230363393,3.054577136575214,0.0,1.0546136733420428,0.0,0.0,0.0,2.590581230363393,0.08148997907344799,3.314852770318599,1.5811388300841898,0.0,0.0
89,0.0,9.4,16.13124876651132,0.0,1.841999999999998,100.0,100.0,0.0,9.4,0.2519856014171305,5.18,1.0,0.0,0.0,0.0,2.590581230363393,3.2070262551816335,0.0,1.011267631352957,0.0,0.0,0.0,2.590581230363393,0.0808020275430363,5.67759730089332,2.1081851067789197,0.0,0.0
90,0.0,9.3,16.363237616550173,0.0,1.950999999999998,100.0,100.0,0.0,9.3,0.24774252775416344,5.5120000000000005,0.5,0.0,0.0,0.0,2.5841396591085743,3.286165559700783,0.0,1.3143350663611864,0.0,0.0,0.0,2.5841396591085743,0.07257162432019143,3.4304674122729493,1.5811388300841898,0.0,0.0
91,0.0,9.2,16.427168929681482,0.0,1.9109999999999978,100.0,100.0,0.0,9.2,0.24779002925588936,3.5840000000000005,0.5,0.0,0.0,0.0,2.5298221281347035,3.2516688129506117,0.0,1.2601715050826297,0.0,0.0,0.0,2.5298221281347035,0.07651826449363489,3.940319220006871,1.5811388300841895,0.0,0.0
92,0.0,9.2,16.54339707653463,0.0,2.021999999999998,100.0,100.0,0.0,9.2,0.25037554380310184,6.2225,1.0,0.0,0.0,0.0,2.5298221281347035,3.3156295428872484,0.0,1.4673089502744654,0.0,0.0,0.0,2.5298221281347035,0.07976156851480752,5.067933640931863,2.1081851067789192,0.0,0.0
93,0.0,9.2,16.46877586441342,0.0,2.059999999999998,100.0,100.0,0.0,9.2,0.25061123622304854,3.6,0.5,0.0,0.0,0.0,2.5298221281347035,3.444487926276019,0.0,1.291863425874078,0.0,0.0,0.0,2.5298221281347035,0.0755293291572327,4.402019738458447,1.5811388300841898,0.0,0.0
94,0.0,9.1,16.813222417859976,0.0,2.314999999999998,100.0,100.0,0.0,9.1,0.25182404726117247,5.861,2.0,0.0,0.0,0.0,2.6012817353502227,3.283789016410377,0.0,1.34086414922119,0.0,0.0,0.0,2.6012817353502227,0.06917501290080887,5.141755968970567,3.496029493900505,0.0,0.0
95,0.0,9.1,16.718657649295206,0.0,2.1479999999999984,100.0,100.0,0.0,9.1,0.2612192074283267,4.376,1.0,0.0,0.0,0.0,2.6012817353502227,3.2576623286225046,0.0,1.2346461481376396,0.0,0.0,0.0,2.6012817353502227,0.07070433778920653,2.956045406357021,2.1081851067789197,0.0,0.0
96,0.0,9.1,16.589692447830007,0.0,2.1049999999999978,100.0,100.0,0.0,9.1,0.2686136946979616,3.4725,1.0,0.0,0.0,0.0,2.6012817353502227,3.0382103602016324,0.0,1.2195194864280672,0.0,0.0,0.0,2.6012817353502227,0.073104774819149,3.1700519186074336,2.1081851067789197,0.0,0.0
97,0.0,9.0,16.772165835553395,0.0,1.9299999999999984,100.0,100.0,0.0,9.0,0.26301682913481345,5.593500000000001,0.5,0.0,0.0,0.0,2.6246692913372707,2.98732039671502,0.0,1.1462983904725677,0.0,0.0,0.0,2.6246692913372707,0.05863109145262599,5.061969341186403,1.5811388300841898,0.0,0.0
98,0.0,8.9,17.01983735847492,0.0,1.898999999999998,100.0,100.0,0.0,8.9,0.2559191342124426,5.457,0.5,0.0,0.0,0.0,2.6436506745197805,3.238462929745103,0.0,1.262901861235112,0.0,0.0,0.0,2.6436506745197805,0.05472930642349539,3.276158997633933,1.5811388300841898,0.0,0.0
99,0.0,8.9,16.955988644688706,0.0,2.104999999999998,100.0,100.0,0.0,8.9,0.2654647999540011,3.107,2.0,0.0,0.0,0.0,2.6436506745197805,3.3628941484630706,0.0,1.4010571405589105,0.0,0.0,0.0,2.6436506745197805,0.058557360684186655,2.5139866524882124,2.581988897471611,0.0,0.0
100,0.0,8.6,17.453263203463266,0.0,2.2179999999999986,100.0,100.0,0.0,8.6,0.24731385044183254,2.648,1.0,0.0,0.0,0.0,2.5905812303633926,3.63060469226973,0.0,1.2663052115856146,0.0,0.0,0.0,2.5905812303633926,0.05507995190390383,3.176849592494636,2.1081851067789197,0.0,0.0
101,0.0,8.4,17.9415754329005,0.0,2.1069999999999984,100.0,100.0,0.0,8.4,0.225596877773898,5.538500000000001,0.0,0.0,0.0,0.0,2.6749870196985173,3.091977752919389,0.0,1.2253258070135193,0.0,0.0,0.0,2.6749870196985173,0.056617381972253196,4.5696875956920975,0.0,0.0,0.0
102,0.0,8.4,18.066887121212186,0.0,2.3729999999999984,100.0,100.0,0.0,8.4,0.2281415613114886,5.976000000000001,1.5,0.0,0.0,0.0,2.6749870196985173,3.12240549960369,0.0,1.7565309878026947,0.0,0.0,0.0,2.6749870196985173,0.04854029175030809,4.70333026222437,2.41522945769824,0.0,0.0
103,0.0,8.4,18.010610064935133,0.0,2.062999999999998,100.0,100.0,0.0,8.4,0.23961026020051285,3.9799999999999995,1.5,0.0,0.0,0.0,2.6749870196985173,3.1047818723109675,0.0,1.3891648170353608,0.0,0.0,0.0,2.6749870196985173,0.05439758959833336,3.266598638747446,2.4152294576982394,0.0,0.0
104,0.0,8.4,17.9630451298702,0.0,2.033999999999998,100.0,100.0,0.0,8.4,0.2410670965382072,3.5,1.0,0.0,0.0,0.0,2.6749870196985173,3.157181580637401,0.0,1.3312500391236297,0.0,0.0,0.0,2.6749870196985173,0.050947732272689596,3.3747427885527643,2.1081851067789197,0.0,0.0
105,0.0,8.4,17.935447077922145,0.0,1.7969999999999984,100.0,100.0,0.0,8.4,0.24590342227605114,4.6435,0.5,0.0,0.0,0.0,2.6749870196985173,3.350332069946271,0.0,1.3706612353977994,0.0,0.0,0.0,2.6749870196985173,0.05777341551107786,4.071285662348497,1.5811388300841898,0.0,0.0
106,0.0,8.4,18.1348951298702,0.0,1.8509999999999984,100.0,100.0,0.0,8.4,0.2507734652603815,5.2,1.0,0.0,0.0,0.0,2.6749870196985173,2.9707952667557214,0.0,1.3302000684942925,0.0,0.0,0.0,2.6749870196985173,0.056283249581490974,4.638007234913623,2.1081851067789197,0.0,0.0
107,0.0,8.4,17.935873214285785,0.0,2.1229999999999984,100.0,100.0,0.0,8.4,0.2605152232203486,2.3525,1.0,0.0,0.0,0.0,2.6749870196985173,3.3174452929144906,0.0,1.2512398295734954,0.0,0.0,0.0,2.6749870196985173,0.06314480577339511,2.7705407113654426,2.1081851067789192,0.0,0.0
108,0.0,8.3,18.015633495671064,0.0,2.241999999999998,100.0,100.0,0.0,8.3,0.2566745597206217,3.4865000000000004,1.0,0.0,0.0,0.0,2.5407785333546005,3.4455238496641303,0.0,1.093971358552559,0.0,0.0,0.0,2.5407785333546005,0.0623649110413656,3.981225418553103,2.1081851067789197,0.0,0.0
109,0.0,8.3,17.93017245671003,0.0,2.2129999999999983,100.0,100.0,0.0,8.3,0.2642374642541764,3.9760000000000004,0.5,0.0,0.0,0.0,2.5407785333546005,3.664640176734727,0.0,1.1118857855013697,0.0,0.0,0.0,2.5407785333546005,0.07093197156638695,5.9274487672934715,1.5811388300841898,0.0,0.0
110,0.0,8.3,18.231665963203532,0.0,2.479999999999998,100.0,100.0,0.0,8.3,0.27185283668571925,6.16,1.5,0.0,0.0,0.0,2.5407785333546005,3.386874732280367,0.0,1.2060956291549458,0.0,0.0,0.0,2.5407785333546005,0.07168261601771882,3.5948110752397917,2.41522945769824,0.0,0.0
111,0.0,8.3,18.212282846320416,0.0,2.9619999999999984,100.0,100.0,0.0,8.3,0.27828791521427,3.1,2.0,0.0,0.0,0.0,2.5407785333546005,3.505809966132631,0.0,1.891723494006927,0.0,0.0,0.0,2.5407785333546005,0.07463707733493874,3.9001424475410014,3.496029493900505,0.0,0.0
112,0.0,8.3,18.264535281385356,0.0,2.7829999999999986,100.0,100.0,0.0,8.3,0.279650477642742,5.3375,1.0,0.0,0.0,0.0,2.5407785333546005,3.7830266313467655,0.0,1.5002522010204367,0.0,0.0,0.0,2.5407785333546005,0.07634383384733856,3.8010460913923274,2.1081851067789197,0.0,0.0
113,0.0,8.2,18.269222222222293,0.0,2.7409999999999988,100.0,100.0,0.0,8.2,0.27739691736067157,4.0,0.5,0.0,0.0,0.0,2.4855135843076335,3.936618856184324,0.0,1.4391081343047925,0.0,0.0,0.0,2.4855135843076335,0.07392843168359593,4.618802153517006,1.5811388300841898,0.0,0.0
114,0.0,8.0,18.830109235209314,0.0,2.9249999999999985,100.0,100.0,0.0,8.0,0.2630034901065133,4.8,1.5,0.0,0.0,0.0,2.260776661041756,3.9320703707427516,0.0,1.6109710667103165,0.0,0.0,0.0,2.260776661041756,0.0867301745534216,4.541169697580373,2.4152294576982394,0.0,0.0
115,0.0,7.9,18.97151724386732,0.0,2.6689999999999983,100.0,100.0,0.0,7.9,0.26140322311014197,4.1735,0.0,0.0,0.0,0.0,2.330951164939612,3.7701700180944444,0.0,1.4885074552868194,0.0,0.0,0.0,2.330951164939612,0.07935513791877362,2.772808494008276,0.0,0.0,0.0
116,0.0,7.9,18.983681746031827,0.0,2.5559999999999983,100.0,100.0,0.0,7.9,0.2651465150488788,5.18,0.0,0.0,0.0,0.0,2.330951164939612,3.997090999522753,0.0,1.4361770240622995,0.0,0.0,0.0,2.330951164939612,0.07986613237610354,5.305301331896448,0.0,0.0,0.0
117,0.0,7.9,18.90303244949503,0.0,2.4449999999999985,100.0,100.0,0.0,7.9,0.2655520459723316,3.7095,0.0,0.0,0.0,0.0,2.330951164939612,4.050214160378826,0.0,1.3848084504524236,0.0,0.0,0.0,2.330951164939612,0.08071091713891296,3.624121694363416,0.0,0.0,0.0
118,0.0,7.9,19.00365993867252,0.0,2.334999999999998,100.0,100.0,0.0,7.9,0.27221419094076876,4.6145,0.5,0.0,0.0,0.0,2.330951164939612,3.934623562472277,0.0,1.3329687001409876,0.0,0.0,0.0,2.330951164939612,0.08211404262541684,2.986542454634344,1.5811388300841898,0.0,0.0
119,0.0,7.9,19.044835263347842,0.0,2.226999999999998,100.0,100.0,0.0,7.9,0.2769420775880701,4.784000000000001,0.5,0.0,0.0,0.0,2.330951164939612,4.132245911676371,0.0,1.281102389871056,0.0,0.0,0.0,2.330951164939612,0.0850377510089803,4.134933023775731,1.5811388300841898,0.0,0.0
120,0.0,7.9,19.0322667207793,0.0,2.2689999999999984,100.0,100.0,0.0,7.9,0.2808365672085624,4.1850000000000005,0.5,0.0,0.0,0.0,2.330951164939612,4.312132841375008,0.0,1.4832655415220382,0.0,0.0,0.0,2.330951164939612,0.09104978263208063,3.7784800000941003,1.5811388300841898,0.0,0.0
121,0.0,7.8,19.709923286435874,0.0,2.4269999999999983,100.0,100.0,0.0,7.8,0.2526090361277019,3.9725,1.5,0.0,0.0,0.0,2.573367875415838,3.2813368990420777,0.0,1.6610642505467517,0.0,0.0,0.0,2.573367875415838,0.12115017657116167,3.229517722853092,2.41522945769824,0.0,0.0
122,0.0,7.8,19.707574801587388,0.0,2.5319999999999983,100.0,100.0,0.0,7.8,0.2569970139783937,3.6,1.5,0.0,0.0,0.0,2.573367875415838,3.2916361446680305,0.0,1.643254223924114,0.0,0.0,0.0,2.573367875415838,0.1228121994867395,2.9514591494904874,3.3747427885527648,0.0,0.0
123,0.0,7.7,20.00077718253977,0.0,2.411999999999998,100.0,100.0,0.0,7.7,0.2549190942357381,4.8555,0.5,0.0,0.0,0.0,2.4517567397911058,3.7425491153678045,0.0,1.5862380373421605,0.0,0.0,0.0,2.4517567397911058,0.12208298760081662,3.890869975553882,1.5811388300841898,0.0,0.0
124,0.0,7.6,20.105170039682626,0.0,2.2929999999999984,100.0,100.0,0.0,7.6,0.2525439120802127,3.5524999999999998,0.0,0.0,0.0,0.0,2.503331114069145,3.551763118126645,0.0,1.5311872662886286,0.0,0.0,0.0,2.503331114069145,0.1099395539230837,3.921777693569305,0.0,0.0,0.0
125,0.0,7.6,20.006821825396916,0.0,2.175999999999998,100.0,100.0,0.0,7.6,0.2659066736691452,3.8594999999999997,0.0,0.0,0.0,0.0,2.503331114069145,3.3642303785392493,0.0,1.4776497856017465,0.0,0.0,0.0,2.503331114069145,0.1146181760023489,3.1641643183206103,0.0,0.0,0.0
126,0.0,7.6,20.27436230158739,0.0,2.207999999999998,100.0,100.0,0.0,7.6,0.26351511882951384,5.038500000000001,1.0,0.0,0.0,0.0,2.503331114069145,3.1665473174035657,0.0,1.2527551858026984,0.0,0.0,0.0,2.503331114069145,0.1197279103398232,3.4957657323618747,2.1081851067789197,0.0,0.0
127,0.0,7.6,20.33465277777787,0.0,2.0909999999999984,100.0,100.0,0.0,7.6,0.267294726939088,5.192,0.5,0.0,0.0,0.0,2.503331114069145,3.3846758287220235,0.0,1.2114954028435723,0.0,0.0,0.0,2.503331114069145,0.1189235195819581,5.348671278405923,1.5811388300841898,0.0,0.0
128,0.0,7.6,20.228343253968344,0.0,1.977999999999998,100.0,100.0,0.0,7.6,0.26966808122614105,3.6,0.0,0.0,0.0,0.0,2.503331114069145,3.5823302545037374,0.0,1.173359848185258,0.0,0.0,0.0,2.503331114069145,0.11988332586789016,3.977715704047013,0.0,0.0,0.0
129,0.0,7.4,20.733799007936604,0.0,2.204999999999998,100.0,100.0,0.0,7.4,0.2546519106005306,2.4,2.0,0.0,0.0,0.0,2.5905812303633935,2.889666999202463,0.0,1.4502509361409757,0.0,0.0,0.0,2.5905812303633935,0.1117353749022992,2.7968235951204043,2.581988897471611,0.0,0.0
130,0.0,7.4,20.996110912698505,0.0,1.871999999999998,100.0,100.0,0.0,7.4,0.25997482816779544,5.74,0.0,0.0,0.0,0.0,2.5905812303633935,2.6174897253419287,0.0,1.2268912837828057,0.0,0.0,0.0,2.5905812303633935,0.1070592645955573,3.168435470911998,0.0,0.0,0.0
131,0.0,7.4,21.051007738095333,0.0,1.8419999999999983,100.0,100.0,0.0,7.4,0.2605172213631228,5.198,0.5,0.0,0.0,0.0,2.5905812303633935,2.716141201430637,0.0,1.1334784220854541,0.0,0.0,0.0,2.5905812303633935,0.10778519653817258,5.0018703168581515,1.5811388300841898,0.0,0.0
132,0.0,7.4,21.08469821428581,0.0,1.9059999999999984,100.0,100.0,0.0,7.4,0.25771481312361666,3.1,1.0,0.0,0.0,0.0,2.5905812303633935,2.8132487310316177,0.0,1.167011377646145,0.0,0.0,0.0,2.5905812303633935,0.11089011677286728,3.4511061028796743,2.1081851067789197,0.0,0.0
133,0.0,7.3,21.23289821428581,0.0,1.5499999999999983,100.0,100.0,0.0,7.3,0.2512483447917092,2.348,0.0,0.0,0.0,0.0,2.6687491868330793,2.2879803850759486,0.0,1.0217740563462259,0.0,0.0,0.0,2.6687491868330793,0.11222083284739838,2.7684604626639215,0.0,0.0,0.0
134,0.0,7.3,21.22401726190486,0.0,1.4579999999999982,100.0,100.0,0.0,7.3,0.27432554878888393,4.73,0.5,0.0,0.0,0.0,2.6687491868330793,2.491341064498002,0.0,0.9695336794333417,0.0,0.0,0.0,2.6687491868330793,0.11881707697865583,3.180098705665876,1.5811388300841898,0.0,0.0
135,0.0,7.3,21.254008333333434,0.0,1.6659999999999981,100.0,100.0,0.0,7.3,0.27213917775528096,4.3325000000000005,1.5,0.0,0.0,0.0,2.6687491868330793,2.863606221229393,0.0,1.2401809903755527,0.0,0.0,0.0,2.6687491868330793,0.11944346489727393,3.912414180812433,2.41522945769824,0.0,0.0
136,0.0,7.3,21.092341666666766,0.0,1.4329999999999983,100.0,100.0,0.0,7.3,0.2730214954552291,4.4,0.0,0.0,0.0,0.0,2.6687491868330793,2.7806212231370138,0.0,1.135058001454844,0.0,0.0,0.0,2.6687491868330793,0.11537541700445884,4.402019738458447,0.0,0.0,0.0
137,0.0,7.3,21.158932142857243,0.0,1.3409999999999982,100.0,100.0,0.0,7.3,0.2728411554038086,5.104,0.0,0.0,0.0,0.0,2.6687491868330793,2.6133405377027805,0.0,1.0761087305658281,0.0,0.0,0.0,2.6687491868330793,0.11387258495565875,4.177365464287536,0.0,0.0,0.0
138,0.0,7.3,21.20956011904772,0.0,1.2529999999999983,100.0,100.0,0.0,7.3,0.2850422824818309,3.5955,0.0,0.0,0.0,0.0,2.6687491868330793,2.605741594286015,0.0,1.0176885574673609,0.0,0.0,0.0,2.6687491868330793,0.11140442179692528,2.2609197366460303,0.0,0.0,0.0
139,0.0,7.2,21.48530297619058,0.0,1.1669999999999985,100.0,100.0,0.0,7.2,0.27879578015143813,4.7,0.0,0.0,0.0,0.0,2.573367875415838,2.6056494460563355,0.0,0.9609954329871816,0.0,0.0,0.0,2.573367875415838,0.11353535760456329,4.3728963196286985,0.0,0.0,0.0
140,0.0,7.2,21.614736309523913,0.0,1.2319999999999984,100.0,100.0,0.0,7.2,0.2785809282846069,5.561,1.0,0.0,0.0,0.0,2.573367875415838,2.3881097331638945,0.0,0.9262085198389296,0.0,0.0,0.0,2.573367875415838,0.10799701697492185,5.316900621811755,2.1081851067789197,0.0,0.0
141,0.0,7.0,22.226836904762013,0.0,1.2219999999999984,100.0,100.0,0.0,7.0,0.2619927898663597,3.168,1.0,0.0,0.0,0.0,2.494438257849294,2.8563302952247436,0.0,0.8896790932065828,0.0,0.0,0.0,2.494438257849294,0.09834213545292442,3.630429420575172,2.1081851067789197,0.0,0.0
142,0.0,6.9,22.727914285714395,0.0,1.2839999999999985,100.0,100.0,0.0,6.9,0.2607975286366989,3.6,1.0,0.0,0.0,0.0,2.4698178070456938,2.7685375275989057,0.0,0.8215189184269175,0.0,0.0,0.0,2.4698178070456938,0.08132093065236476,3.5023801430836525,2.1081851067789197,0.0,0.0
143,0.0,6.9,22.739509523809634,0.0,1.1959999999999984,100.0,100.0,0.0,6.9,0.26035038824855133,4.774500000000001,0.0,0.0,0.0,0.0,2.4698178070456938,2.85330576664319,0.0,0.7755170318353205,0.0,0.0,0.0,2.4698178070456938,0.08382693837388179,4.109967862810284,0.0,0.0,0.0
144,0.0,6.9,22.73427142857154,0.0,1.1129999999999984,100.0,100.0,0.0,6.9,0.26370937826211244,4.4,0.0,0.0,0.0,0.0,2.4698178070456938,2.7626353241087926,0.0,0.7292164744893422,0.0,0.0,0.0,2.4698178070456938,0.08108814335049763,3.977715704047013,0.0,0.0,0.0
145,0.0,6.9,22.83589047619059,0.0,0.9819999999999987,100.0,100.0,0.0,6.9,0.26401840420371686,3.84,1.0,0.0,0.0,0.0,2.4698178070456938,2.8213132469499116,0.0,0.6942750015503776,0.0,0.0,0.0,2.4698178070456938,0.0838615526491626,3.2024990241996956,2.1081851067789197,0.0,0.0
146,0.0,6.9,22.901128571428682,0.0,0.9109999999999987,100.0,100.0,0.0,6.9,0.2710207985325367,3.6,0.0,0.0,0.0,0.0,2.4698178070456938,2.7189149750399864,0.0,0.6568857502556196,0.0,0.0,0.0,2.4698178070456938,0.07534209784671814,2.9514591494904874,0.0,0.0,0.0
147,0.0,6.9,23.012194444444557,0.0,0.8429999999999988,100.0,100.0,0.0,6.9,0.2722199138191037,5.4805,0.0,0.0,0.0,0.0,2.4698178070456938,2.947450930774522,0.0,0.6246607968418625,0.0,0.0,0.0,2.4698178070456938,0.07950015879130329,3.7941361555256115,0.0,0.0,0.0
148,0.0,6.8,23.677442063492176,0.0,0.7809999999999989,100.0,100.0,0.0,6.8,0.2558173102743537,5.385,0.5,0.0,0.0,0.0,2.573367875415838,2.6676324059206444,0.0,0.5987292097991097,0.0,0.0,0.0,2.573367875415838,0.06719904439386304,4.381022838460343,1.5811388300841898,0.0,0.0
149,0.0,6.8,23.686727777777893,0.0,0.7999999999999989,100.0,100.0,0.0,6.8,0.24909122997691835,4.0,1.0,0.0,0.0,0.0,2.573367875415838,2.8388070338552716,0.0,0.6778069210492189,0.0,0.0,0.0,2.573367875415838,0.07281424383777534,3.7712361663282534,2.1081851067789197,0.0,0.0
150,0.0,6.8,23.63744206349218,0.0,0.745999999999999,100.0,100.0,0.0,6.8,0.25117841695797055,3.2,0.5,0.0,0.0,0.0,2.573367875415838,2.9444589667303385,0.0,0.6579800739975167,0.0,0.0,0.0,2.573367875415838,0.07280343988286295,3.675746333890726,1.5811388300841898,0.0,0.0
151,0.0,6.8,23.733870634920752,0.0,0.7699999999999992,100.0,100.0,0.0,6.8,0.25664808445692155,4.4,1.0,0.0,0.0,0.0,2.573367875415838,3.060312854225986,0.0,0.6332280614263534,0.0,0.0,0.0,2.573367875415838,0.07182446056920012,3.5023801430836525,2.1081851067789197,0.0,0.0
152,0.0,6.8,23.704584920635035,0.0,0.7239999999999992,100.0,100.0,0.0,6.8,0.25894967784149037,3.2,0.0,0.0,0.0,0.0,2.573367875415838,3.016099416741219,0.0,0.6083529677196725,0.0,0.0,0.0,2.573367875415838,0.07460869141724448,3.155242550986462,0.0,0.0,0.0
153,0.0,6.7,23.974022222222338,0.0,0.6799999999999992,100.0,100.0,0.0,6.7,0.25415696315719716,3.9,0.5,0.0,0.0,0.0,2.4517567397911058,3.17289321339226,0.0,0.5820461990063824,0.0,0.0,0.0,2.4517567397911058,0.06902871715414174,3.784471194529326,1.5811388300841898,0.0,0.0
154,0.0,6.7,23.81735555555567,0.0,0.6359999999999992,100.0,100.0,0.0,6.7,0.26036339942935477,3.6,0.0,0.0,0.0,0.0,2.4517567397911058,3.301316615736905,0.0,0.5565409039574516,0.0,0.0,0.0,2.4517567397911058,0.07116418346347016,4.402019738458447,0.0,0.0,0.0
155,0.0,6.7,24.08468888888901,0.0,0.5919999999999992,100.0,100.0,0.0,6.7,0.26552715322776066,6.276000000000001,0.0,0.0,0.0,0.0,2.4517567397911058,3.08739234148154,0.0,0.5319523788210115,0.0,0.0,0.0,2.4517567397911058,0.06777633254589074,3.322245559189681,0.0,0.0,0.0
156,0.0,6.7,24.20968888888901,0.0,0.6229999999999991,100.0,100.0,0.0,6.7,0.270912581592807,4.3,0.5,0.0,0.0,0.0,2.4517567397911058,3.2035060903947556,0.0,0.5642704237430052,0.0,0.0,0.0,2.4517567397911058,0.06365640336131809,2.8303906287138374,1.5811388300841898,0.0,0.0
157,0.0,6.7,24.100863492063613,0.0,0.5779999999999993,100.0,100.0,0.0,6.7,0.271150061806536,3.1720000000000006,0.5,0.0,0.0,0.0,2.4517567397911058,3.152979083597632,0.0,0.5364865122048992,0.0,0.0,0.0,2.4517567397911058,0.06577756376063049,3.108814708034059,1.5811388300841898,0.0,0.0
158,0.0,6.7,24.047292063492186,0.0,0.5389999999999995,100.0,100.0,0.0,6.7,0.2723768199445761,3.2,0.0,0.0,0.0,0.0,2.4517567397911058,3.419961263890357,0.0,0.5131265817406934,0.0,0.0,0.0,2.4517567397911058,0.06451791846202234,3.155242550986462,0.0,0.0,0.0
159,0.0,6.7,24.064434920635044,0.0,0.5799999999999995,100.0,100.0,0.0,6.7,0.27140134201472843,4.0,0.5,0.0,0.0,0.0,2.4517567397911058,3.644307791978354,0.0,0.5794058259209264,0.0,0.0,0.0,2.4517567397911058,0.06251592717989878,4.618802153517006,1.5811388300841898,0.0,0.0
160,0.0,6.7,24.005387301587426,0.0,0.6229999999999996,100.0,100.0,0.0,6.7,0.27923867433512517,3.6,0.5,0.0,0.0,0.0,2.4517567397911058,3.862601461596791,0.0,0.6879284523520998,0.0,0.0,0.0,2.4517567397911058,0.05526520046880851,3.5023801430836525,1.5811388300841898,0.0,0.0
161,0.0,6.6,24.17964821428584,0.0,0.5909999999999995,100.0,100.0,0.0,6.6,0.2800503411079015,3.18,0.0,0.0,0.0,0.0,2.3664319132398464,4.429409317433216,0.0,0.661688916502477,0.0,0.0,0.0,2.3664319132398464,0.05551271320080441,3.121894012009732,0.0,0.0,0.0
162,0.0,6.6,24.06324345238108,0.0,0.6319999999999995,100.0,100.0,0.0,6.6,0.2832936112908803,3.4435000000000002,0.5,0.0,0.0,0.0,2.3664319132398464,4.600794328939645,0.0,0.7227693653964279,0.0,0.0,0.0,2.3664319132398464,0.05743271975582537,3.370168187362629,1.5811388300841898,0.0,0.0
163,0.0,6.6,24.313481547619176,0.0,0.5979999999999995,100.0,100.0,0.0,6.6,0.28095818107414816,6.5,0.0,0.0,0.0,0.0,2.3664319132398464,4.615679572890571,0.0,0.6959374173651597,0.0,0.0,0.0,2.3664319132398464,0.060968917331056784,4.576510072581994,0.0,0.0,0.0
164,0.0,6.6,24.55419583333346,0.0,0.5639999999999995,100.0,100.0,0.0,6.6,0.28773937193799926,5.6,0.0,0.0,0.0,0.0,2.3664319132398464,4.673430950098251,0.0,0.6693645411051353,0.0,0.0,0.0,2.3664319132398464,0.056722175562131466,6.022181221672649,0.0,0.0,0.0
165,0.0,6.6,24.444124404762032,0.0,0.5299999999999995,100.0,100.0,0.0,6.6,0.2928871216055301,3.0495,0.5,0.0,0.0,0.0,2.3664319132398464,4.705495459449528,0.0,0.6430828527923562,0.0,0.0,0.0,2.3664319132398464,0.05491615121661826,3.7881470477735624,1.5811388300841898,0.0,0.0
166,0.0,6.6,24.409243452381084,0.0,0.6459999999999995,100.0,100.0,0.0,6.6,0.2939887294400357,2.7,1.0,0.0,0.0,0.0,2.3664319132398464,4.72951575519437,0.0,0.8928506158491586,0.0,0.0,0.0,2.3664319132398464,0.05540062643059422,1.888562063228706,3.1622776601683795,0.0,0.0
167,0.0,6.6,24.44650535714299,0.0,0.6099999999999994,100.0,100.0,0.0,6.6,0.29354516452599194,4.0,0.0,0.0,0.0,0.0,2.3664319132398464,4.90780517872697,0.0,0.8594442648854222,0.0,0.0,0.0,2.3664319132398464,0.05477480241346524,3.7712361663282534,0.0,0.0,0.0
168,0.0,6.6,24.76483869047632,0.0,0.5769999999999995,100.0,100.0,0.0,6.6,0.2992926615751562,6.3,0.5,0.0,0.0,0.0,2.3664319132398464,5.15384098220028,0.0,0.8273525380526864,0.0,0.0,0.0,2.3664319132398464,0.05003674111911615,5.2925524193068805,1.5811388300841898,0.0,0.0
169,0.0,6.6,24.753291071428702,0.0,0.5449999999999995,100.0,100.0,0.0,6.6,0.3072058431227732,3.6,0.0,0.0,0.0,0.0,2.3664319132398464,4.813103673155306,0.0,0.7979174281980698,0.0,0.0,0.0,2.3664319132398464,0.05412578930421431,3.5023801430836525,0.0,0.0,0.0
170,0.0,6.6,24.58805297619061,0.0,0.5139999999999996,100.0,100.0,0.0,6.6,0.309484581658986,2.4,0.0,0.0,0.0,0.0,2.3664319132398464,4.807054544648196,0.0,0.7680162035327694,0.0,0.0,0.0,2.3664319132398464,0.056804927932705244,2.7968235951204043,0.0,0.0,0.0
171,0.0,6.5,24.905960714285847,0.0,0.5589999999999995,100.0,100.0,0.0,6.5,0.3043992773818921,3.832,0.5,0.0,0.0,0.0,2.273030282830976,4.906096217405912,0.0,0.9361795886592602,0.0,0.0,0.0,2.273030282830976,0.05108379498505028,4.436967933673225,1.5811388300841898,0.0,0.0
172,0.0,6.5,25.248460714285848,0.0,0.6869999999999995,100.0,100.0,0.0,6.5,0.3065589749487462,6.4,1.0,0.0,0.0,0.0,2.273030282830976,5.345340488816722,0.0,0.9043481384707744,0.0,0.0,0.0,2.273030282830976,0.05235376660610347,6.310485101972924,2.1081851067789197,0.0,0.0
173,0.0,6.4,25.831139285714425,0.0,0.6539999999999996,100.0,100.0,0.0,6.4,0.301154988386574,4.3,0.0,0.0,0.0,0.0,2.270584848790187,5.768945452468786,0.0,0.8685901731477789,0.0,0.0,0.0,2.270584848790187,0.05463073158673243,2.9832867780352594,0.0,0.0,0.0
174,0.0,6.4,25.758782142857278,0.0,0.6239999999999996,100.0,100.0,0.0,6.4,0.3043329024650525,2.7560000000000002,0.0,0.0,0.0,0.0,2.270584848790187,5.7457350313770865,0.0,0.8353202978498723,0.0,0.0,0.0,2.270584848790187,0.05392531038172912,3.781802039592589,0.0,0.0,0.0
175,0.0,6.4,25.730710714285852,0.0,0.5939999999999996,100.0,100.0,0.0,6.4,0.308207596701019,3.436,0.0,0.0,0.0,0.0,2.270584848790187,6.06293131133293,0.0,0.8022496147985638,0.0,0.0,0.0,2.270584848790187,0.05591321391957231,3.993169723971728,0.0,0.0,0.0
176,0.0,6.4,26.09535357142871,0.0,0.5639999999999995,100.0,100.0,0.0,6.4,0.30684677071361166,5.9,0.5,0.0,0.0,0.0,2.270584848790187,6.358452682326014,0.0,0.7694038095968994,0.0,0.0,0.0,2.270584848790187,0.058951894135607946,5.300943312279429,1.5811388300841898,0.0,0.0
177,0.0,6.4,26.15713928571443,0.0,0.5339999999999996,100.0,100.0,0.0,6.4,0.30755223236281387,4.4,0.0,0.0,0.0,0.0,2.270584848790187,6.414214019095921,0.0,0.7368129568169474,0.0,0.0,0.0,2.270584848790187,0.05924635758240043,5.146735750831676,0.0,0.0,0.0
178,0.0,6.4,26.046067857142997,0.0,0.5039999999999994,100.0,100.0,0.0,6.4,0.31136849961622215,2.4,0.5,0.0,0.0,0.0,2.270584848790187,6.44342430745453,0.0,0.7045124397608443,0.0,0.0,0.0,2.270584848790187,0.06242792895997948,3.864367132317183,1.5811388300841898,0.0,0.0
179,0.0,6.4,25.973925000000143,0.0,0.47599999999999965,100.0,100.0,0.0,6.4,0.3140886418606853,3.2,0.0,0.0,0.0,0.0,2.270584848790187,6.7825169863290045,0.0,0.6742600882943216,0.0,0.0,0.0,2.270584848790187,0.06549802125641709,4.131182235954578,0.0,0.0,0.0
180,0.0,6.4,26.14463928571443,0.0,0.5979999999999996,100.0,100.0,0.0,6.4,0.31246204474210276,5.14,0.5,0.0,0.0,0.0,2.270584848790187,7.067582538984013,0.0,0.8100041152158833,0.0,0.0,0.0,2.270584848790187,0.07343400588234238,5.0261980329734985,1.5811388300841898,0.0,0.0
181,0.0,6.4,26.097496428571578,0.0,0.5699999999999996,100.0,100.0,0.0,6.4,0.31551848619260675,4.4,0.0,0.0,0.0,0.0,2.270584848790187,7.214540605885347,0.0,0.7769169839822008,0.0,0.0,0.0,2.270584848790187,0.0749315477530256,5.146735750831676,0.0,0.0,0.0
182,0.0,6.4,26.066425000000145,0.0,0.5419999999999996,100.0,100.0,0.0,6.4,0.32198626459141616,2.8,0.0,0.0,0.0,0.0,2.270584848790187,6.856480337769696,0.0,0.7439354810734593,0.0,0.0,0.0,2.270584848790187,0.07780129326276225,3.2930904093942583,0.0,0.0,0.0
183,0.0,6.3,27.329951785714435,0.0,0.5149999999999995,100.0,100.0,0.0,6.3,0.2698528073269563,3.1145,1.0,0.0,0.0,0.0,2.496664441476534,5.2247604295920285,0.0,0.7130100513550512,0.0,0.0,0.0,2.496664441476534,0.10627076249542822,4.532474459081069,2.1081851067789197,0.0,0.0
184,0.0,6.3,27.739356547619195,0.0,0.4889999999999996,100.0,100.0,0.0,6.3,0.2675415445354863,6.9925,0.0,0.0,0.0,0.0,2.496664441476534,5.210962220118194,0.0,0.6842100067474406,0.0,0.0,0.0,2.496664441476534,0.10694999288401738,3.515917179216699,0.0,0.0,0.0
185,0.0,6.3,27.79078511904777,0.0,0.4649999999999996,100.0,100.0,0.0,6.3,0.2671538939142395,4.7,0.0,0.0,0.0,0.0,2.496664441476534,5.172157380575214,0.0,0.6540344877077282,0.0,0.0,0.0,2.496664441476534,0.10628740503534215,4.9452558635075246,0.0,0.0,0.0
186,0.0,6.3,27.871499404762055,0.0,0.44099999999999956,100.0,100.0,0.0,6.3,0.2745856385242284,2.4,0.0,0.0,0.0,0.0,2.496664441476534,4.886831336711693,0.0,0.6240806571803569,0.0,0.0,0.0,2.496664441476534,0.10890981273025464,3.3730961708462712,0.0,0.0,0.0
187,0.0,6.3,27.660070833333485,0.0,0.41699999999999965,100.0,100.0,0.0,6.3,0.2773496112816328,2.4,0.0,0.0,0.0,0.0,2.496664441476534,5.019089294525729,0.0,0.5943820320299054,0.0,0.0,0.0,2.496664441476534,0.10969678282198174,3.3730961708462717,0.0,0.0,0.0
188,0.0,6.2,28.104517261904913,0.0,0.3929999999999996,100.0,100.0,0.0,6.2,0.27042708005860117,4.4,0.0,0.0,0.0,0.0,2.440400695696417,5.036799703517882,0.0,0.5649788589948394,0.0,0.0,0.0,2.440400695696417,0.10586255490662098,2.9514591494904874,0.0,0.0,0.0
189,0.0,6.1,28.687220833333487,0.0,0.5949999999999996,100.0,100.0,0.0,6.1,0.2565244723396049,4.289,0.5,0.0,0.0,0.0,2.514402955419481,4.72010078500858,0.0,0.7801032695169986,0.0,0.0,0.0,2.514402955419481,0.1048390176441953,4.708348259563361,1.5811388300841898,0.0,0.0
190,0.0,6.1,28.681506547619204,0.0,0.5669999999999996,100.0,100.0,0.0,6.1,0.2592645787878362,3.6,0.0,0.0,0.0,0.0,2.514402955419481,4.816653651796468,0.0,0.7534520555416911,0.0,0.0,0.0,2.514402955419481,0.10478172242651332,4.402019738458447,0.0,0.0,0.0
191,0.0,6.1,28.62034940476206,0.0,0.5389999999999996,100.0,100.0,0.0,6.1,0.2575549898156671,3.3515,0.0,0.0,0.0,0.0,2.514402955419481,4.9225726216485945,0.0,0.7271932342919587,0.0,0.0,0.0,2.514402955419481,0.10570889739652843,4.069082649825525,0.0,0.0,0.0
192,0.0,6.1,28.682611309523963,0.0,0.5109999999999996,100.0,100.0,0.0,6.1,0.2592324353148024,4.1475,0.0,0.0,0.0,0.0,2.514402955419481,4.855674541805412,0.0,0.7013708798568065,0.0,0.0,0.0,2.514402955419481,0.10505738285976027,4.188052616935731,0.0,0.0,0.0
193,0.0,6.1,29.03003988095254,0.0,0.48299999999999954,100.0,100.0,0.0,6.1,0.25945038365533324,4.5520000000000005,0.0,0.0,0.0,0.0,2.514402955419481,4.62110307605609,0.0,0.6760350089554039,0.0,0.0,0.0,2.514402955419481,0.1075364162867404,3.9483239763502467,0.0,0.0,0.0
194,0.0,6.1,29.247182738095393,0.0,0.5289999999999996,100.0,100.0,0.0,6.1,0.26017598105516926,4.4,1.0,0.0,0.0,0.0,2.514402955419481,4.4957638318813045,0.0,0.6356003286482611,0.0,0.0,0.0,2.514402955419481,0.11037533644752372,2.9514591494904874,2.1081851067789197,0.0,0.0
195,0.0,6.0,29.5841946428573,0.0,0.5009999999999996,100.0,100.0,0.0,6.0,0.24957149589215807,2.0,0.5,0.0,0.0,0.0,2.494438257849294,4.89031040824123,0.0,0.6141199665646225,0.0,0.0,0.0,2.494438257849294,0.10887809015200063,3.8873012632302,1.5811388300841898,0.0,0.0
196,0.0,6.0,29.429551785714448,0.0,0.4739999999999996,100.0,100.0,0.0,6.0,0.25174096877650604,2.4,0.0,0.0,0.0,0.0,2.494438257849294,4.734982863002999,0.0,0.592475034635778,0.0,0.0,0.0,2.494438257849294,0.10818242570751598,3.8643671323171835,0.0,0.0,0.0
197,0.0,6.0,29.492051785714448,0.0,0.44899999999999957,100.0,100.0,0.0,6.0,0.254496343285437,1.6,0.5,0.0,0.0,0.0,2.494438257849294,4.805559232287333,0.0,0.5715563547601115,0.0,0.0,0.0,2.494438257849294,0.10937013035441213,3.864367132317183,1.5811388300841895,0.0,0.0
198,0.0,6.0,29.738051785714447,0.0,0.42499999999999966,100.0,100.0,0.0,6.0,0.2617818720906261,6.739500000000001,0.0,0.0,0.0,0.0,2.494438257849294,4.973800551070814,0.0,0.5519510847892227,0.0,0.0,0.0,2.494438257849294,0.11328450888225944,3.7782627180579524,0.0,0.0,0.0
199,0.0,6.0,29.546623214285876,0.0,0.4769999999999996,100.0,100.0,0.0,6.0,0.2615133803664033,2.4,1.0,0.0,0.0,0.0,2.494438257849294,5.327468087969435,0.0,0.5367608612987929,0.0,0.0,0.0,2.494438257849294,0.11647284402693567,3.3730961708462712,2.1081851067789197,0.0,0.0
200,0.0,6.0,29.375480357143022,0.0,0.45299999999999957,100.0,100.0,0.0,6.0,0.263768414160417,2.2560000000000002,0.0,0.0,0.0,0.0,2.494438257849294,5.417420105975167,0.0,0.5168505049281118,0.0,0.0,0.0,2.494438257849294,0.11822657677090616,3.17592051397876,0.0,0.0,0.0
201,0.0,6.0,29.65440892857159,0.0,0.42899999999999966,100.0,100.0,0.0,6.0,0.26045022946857815,3.5,0.5,0.0,0.0,0.0,2.494438257849294,5.309167870786426,0.0,0.4971798243872909,0.0,0.0,0.0,2.494438257849294,0.11857160398438396,4.790035954399971,1.5811388300841895,0.0,0.0
202,0.0,5.9,30.87859940476207,0.0,0.40499999999999964,100.0,100.0,0.0,5.9,0.2456603509139809,7.087999999999999,0.5,0.0,0.0,0.0,2.6012817353502227,4.534238019351417,0.0,0.4777784237721728,0.0,0.0,0.0,2.6012817353502227,0.09382230114526845,4.518320238515391,1.5811388300841898,0.0,0.0
203,0.0,5.9,30.580385119047786,0.0,0.45599999999999963,100.0,100.0,0.0,5.9,0.2530495618649281,1.2,0.5,0.0,0.0,0.0,2.6012817353502227,4.845534248148019,0.0,0.4507080848817532,0.0,0.0,0.0,2.6012817353502227,0.09816061911808198,2.6997942308422114,1.5811388300841895,0.0,0.0
204,0.0,5.9,30.387170833333506,0.0,0.4309999999999996,100.0,100.0,0.0,5.9,0.25999763044434043,2.4,0.0,0.0,0.0,0.0,2.6012817353502227,4.941539268301745,0.0,0.4351870606736574,0.0,0.0,0.0,2.6012817353502227,0.10010424542295111,2.065591117977289,0.0,0.0,0.0
205,0.0,5.9,30.701456547619223,0.0,0.6299999999999997,100.0,100.0,0.0,5.9,0.2562687091293305,3.5,1.0,0.0,0.0,0.0,2.6012817353502227,4.9969053976000195,0.0,0.8212321366229053,0.0,0.0,0.0,2.6012817353502227,0.09834729727669896,4.600724580614087,2.1081851067789192,0.0,0.0
206,0.0,5.9,31.108599404762078,0.0,0.6749999999999996,100.0,100.0,0.0,5.9,0.2540497149160861,5.9,0.5,0.0,0.0,0.0,2.6012817353502227,4.7340003795689,0.0,0.8223577215678236,0.0,0.0,0.0,2.6012817353502227,0.0967851786940111,5.78215646046813,1.5811388300841895,0.0,0.0
207,0.0,5.9,30.99252797619065,0.0,0.6429999999999996,100.0,100.0,0.0,5.9,0.254274878063277,2.8,0.0,0.0,0.0,0.0,2.6012817353502227,4.8230177075935305,0.0,0.8005144179421961,0.0,0.0,0.0,2.6012817353502227,0.09574963674404766,4.237399621885521,0.0,0.0,0.0
208,0.0,5.9,31.09693273809541,0.0,0.6109999999999995,100.0,100.0,0.0,5.9,0.26071973791965014,4.3,0.0,0.0,0.0,0.0,2.6012817353502227,5.063729281311457,0.0,0.7789943659759178,0.0,0.0,0.0,2.6012817353502227,0.0982280902225968,3.7727090178455764,0.0,0.0,0.0
209,0.0,5.9,31.323361309523982,0.0,0.5809999999999996,100.0,100.0,0.0,5.9,0.2596586891417115,3.4,0.5,0.0,0.0,0.0,2.6012817353502227,4.89236931224887,0.0,0.7560930277860433,0.0,0.0,0.0,2.6012817353502227,0.09850718376497615,3.8643671323171835,1.5811388300841898,0.0,0.0
210,0.0,5.9,31.473718452381128,0.0,0.5549999999999997,100.0,100.0,0.0,5.9,0.26308538791275726,5.1,0.0,0.0,0.0,0.0,2.6012817353502227,5.024337886362212,0.0,0.7300570753943371,0.0,0.0,0.0,2.6012817353502227,0.10129106106187918,4.954235000930461,0.0,0.0,0.0
211,0.0,5.9,31.19693273809541,0.0,0.5309999999999997,100.0,100.0,0.0,5.9,0.26641585871087503,1.2,0.0,0.0,0.0,0.0,2.6012817353502227,5.0068211579986315,0.0,0.7024947607554725,0.0,0.0,0.0,2.6012817353502227,0.10177112543649777,1.9321835661585918,0.0,0.0,0.0
212,0.0,5.9,31.330504166666845,0.0,0.7299999999999996,100.0,100.0,0.0,5.9,0.27151973984148114,4.0,0.5,0.0,0.0,0.0,2.6012817353502227,5.085159606766103,0.0,1.094237431070403,0.0,0.0,0.0,2.6012817353502227,0.10452866540631357,3.265986323710904,1.5811388300841895,0.0,0.0
213,0.0,5.9,31.37357559523827,0.0,0.5659999999999996,100.0,100.0,0.0,5.9,0.27490347511503177,2.779000000000001,0.0,0.0,0.0,0.0,2.6012817353502227,5.127659262479746,0.0,0.7593593791260277,0.0,0.0,0.0,2.6012817353502227,0.10321863533477706,2.690222832571475,0.0,0.0,0.0
214,0.0,5.9,31.330004166666846,0.0,0.5399999999999996,100.0,100.0,0.0,5.9,0.2756251505628876,3.5,0.0,0.0,0.0,0.0,2.6012817353502227,5.410900777043546,0.0,0.7308138537882876,0.0,0.0,0.0,2.6012817353502227,0.10173020794090781,3.5039660069381067,0.0,0.0,0.0
215,0.0,5.9,31.13143273809542,0.0,0.7369999999999995,100.0,100.0,0.0,5.9,0.28054675710880134,1.6,0.5,0.0,0.0,0.0,2.6012817353502227,5.246804966904505,0.0,0.8579568753731156,0.0,0.0,0.0,2.6012817353502227,0.10310572501780309,2.7968235951204043,1.5811388300841898,0.0,0.0
216,0.0,5.9,31.008456547619225,0.0,0.7049999999999995,100.0,100.0,0.0,5.9,0.2818783212320482,3.2,0.0,0.0,0.0,0.0,2.6012817353502227,5.349479331569641,0.0,0.8309465820509896,0.0,0.0,0.0,2.6012817353502227,0.1054233567442503,3.675746333890726,0.0,0.0,0.0
217,0.0,5.9,31.354170833333512,0.0,0.6089999999999997,100.0,100.0,0.0,5.9,0.27991906704775954,3.5,0.5,0.0,0.0,0.0,2.6012817353502227,5.38665321708883,0.0,0.749243321995969,0.0,0.0,0.0,2.6012817353502227,0.10423929222971855,2.9533408577782247,1.5811388300841895,0.0,0.0
218,0.0,5.9,31.716670833333513,0.0,0.6559999999999996,100.0,100.0,0.0,5.9,0.27486846557617545,6.7,0.5,0.0,0.0,0.0,2.6012817353502227,5.376788365844331,0.0,0.9077224245329625,0.0,0.0,0.0,2.6012817353502227,0.10128986259585294,5.250396810400779,1.5811388300841898,0.0,0.0
219,0.0,5.9,31.793099404762085,0.0,0.6259999999999997,100.0,100.0,0.0,5.9,0.28179707135793175,3.6,0.0,0.0,0.0,0.0,2.6012817353502227,5.2600119975181014,0.0,0.8789792059226681,0.0,0.0,0.0,2.6012817353502227,0.10352466483241454,2.2705848487901865,0.0,0.0,0.0
220,0.0,5.8,32.213754166666845,0.0,0.6709999999999996,100.0,100.0,0.0,5.8,0.2706840406611092,3.6,0.5,0.0,0.0,0.0,2.573367875415838,4.722134223871676,0.0,0.905728068094024,0.0,0.0,0.0,2.573367875415838,0.10160416859917475,2.9514591494904874,1.5811388300841898,0.0,0.0
221,0.0,5.8,32.54696845238114,0.0,0.6409999999999996,100.0,100.0,0.0,5.8,0.2670858369193955,4.0,0.0,0.0,0.0,0.0,2.573367875415838,4.818151332090874,0.0,0.874648500827618,0.0,0.0,0.0,2.573367875415838,0.1000283715970172,2.6666666666666665,0.0,0.0,0.0
222,0.0,5.8,32.89703988095256,0.0,0.6839999999999995,100.0,100.0,0.0,5.8,0.2657274752139592,6.688,0.5,0.0,0.0,0.0,2.573367875415838,4.723416325396487,0.0,0.8829395348619417,0.0,0.0,0.0,2.573367875415838,0.09876053299136367,6.25425153173601,1.5811388300841895,0.0,0.0
223,0.0,5.8,33.09586130952399,0.0,0.6519999999999995,100.0,100.0,0.0,5.8,0.2711778283864615,4.3415,0.0,0.0,0.0,0.0,2.573367875415838,4.521116482997863,0.0,0.8507356293885373,0.0,0.0,0.0,2.573367875415838,0.10156668800298294,2.9660299410341615,0.0,0.0,0.0
224,0.0,5.8,33.02943273809542,0.0,0.6199999999999996,100.0,100.0,0.0,5.8,0.27571993051539667,3.2,0.0,0.0,0.0,0.0,2.573367875415838,4.690174075577788,0.0,0.8186981535747263,0.0,0.0,0.0,2.573367875415838,0.10358950117261713,3.155242550986462,0.0,0.0,0.0
225,0.0,5.8,33.0506470238097,0.0,0.5899999999999996,100.0,100.0,0.0,5.8,0.2812478259170598,3.08,0.5,0.0,0.0,0.0,2.573367875415838,5.1326483476063,0.0,0.7851539127245474,0.0,0.0,0.0,2.573367875415838,0.10517863575065409,2.5160816096992296,1.5811388300841898,0.0,0.0
226,0.0,5.8,33.146361309523996,0.0,0.5599999999999996,100.0,100.0,0.0,5.8,0.2811318557154747,4.7,0.0,0.0,0.0,0.0,2.573367875415838,5.319761712885156,0.0,0.7517978451684997,0.0,0.0,0.0,2.573367875415838,0.10584384949965477,4.3728963196286985,0.0,0.0,0.0
227,0.0,5.8,33.22993273809543,0.0,0.5319999999999996,100.0,100.0,0.0,5.8,0.2815915515455035,3.2,0.5,0.0,0.0,0.0,2.573367875415838,5.143726376084753,0.0,0.7202283588480034,0.0,0.0,0.0,2.573367875415838,0.10710655890141668,2.529822128134703,1.5811388300841898,0.0,0.0
228,0.0,5.8,33.31028988095257,0.0,0.5059999999999996,100.0,100.0,0.0,5.8,0.2848867416055815,3.2,0.0,0.0,0.0,0.0,2.573367875415838,5.045973309858314,0.0,0.6903815370262056,0.0,0.0,0.0,2.573367875415838,0.10577720659706395,2.5298221281347035,0.0,0.0,0.0
229,0.0,5.8,33.271004166666856,0.0,0.47999999999999954,100.0,100.0,0.0,5.8,0.28454348349889735,2.8,0.0,0.0,0.0,0.0,2.573367875415838,5.03628836485299,0.0,0.6606730574867484,0.0,0.0,0.0,2.573367875415838,0.10584614844765063,3.2930904093942583,0.0,0.0,0.0
230,0.0,5.8,33.40707559523828,0.0,0.45399999999999957,100.0,100.0,0.0,5.8,0.2846890716596782,5.2,0.0,0.0,0.0,0.0,2.573367875415838,5.174574843897684,0.0,0.6311224568620222,0.0,0.0,0.0,2.573367875415838,0.10660445240039232,5.977736472389306,0.0,0.0,0.0
231,0.0,5.8,33.508980357143045,0.0,0.42899999999999955,100.0,100.0,0.0,5.8,0.2834523064477484,4.3,0.0,0.0,0.0,0.0,2.573367875415838,4.99840834602448,0.0,0.6026137513642821,0.0,0.0,0.0,2.573367875415838,0.10553101011092444,4.808557187163549,0.0,0.0,0.0
232,0.0,5.8,33.667962500000186,0.0,0.47999999999999954,100.0,100.0,0.0,5.8,0.28542150005651584,3.5144999999999995,0.5,0.0,0.0,0.0,2.573367875415838,4.9545072806175385,0.0,0.5652924513520016,0.0,0.0,0.0,2.573367875415838,0.10638326519144219,2.819257634752651,1.5811388300841898,0.0,0.0
233,0.0,5.7,34.447462500000185,0.0,0.45399999999999957,100.0,100.0,0.0,5.7,0.2712228303498869,3.196,0.5,0.0,0.0,0.0,2.5841396591085743,6.141074963373032,0.0,0.5400864128390317,0.0,0.0,0.0,2.5841396591085743,0.11065636192959954,3.154140840933462,1.5811388300841898,0.0,0.0
234,0.0,5.7,34.78853392857162,0.0,0.4279999999999996,100.0,100.0,0.0,5.7,0.2711326762930576,4.3,0.5,0.0,0.0,0.0,2.5841396591085743,6.423916696136409,0.0,0.5152086955787912,0.0,0.0,0.0,2.5841396591085743,0.11301639482809495,4.715223571935199,1.5811388300841898,0.0,0.0
235,0.0,5.7,34.929605357143046,0.0,0.6269999999999996,100.0,100.0,0.0,5.7,0.2698589704919939,4.0,0.5,0.0,0.0,0.0,2.5841396591085743,6.28436451735448,0.0,1.1251868980554096,0.0,0.0,0.0,2.5841396591085743,0.11282045184260646,2.6666666666666665,1.5811388300841898,0.0,0.0
236,0.0,5.7,34.71865297619066,0.0,0.7429999999999995,100.0,100.0,0.0,5.7,0.2771050573908108,2.4,0.5,0.0,0.0,0.0,2.5841396591085743,6.337842801559832,0.0,1.0967634202506935,0.0,0.0,0.0,2.5841396591085743,0.1135421016504765,2.7968235951204043,1.5811388300841898,0.0,0.0
237,0.0,5.7,34.751033928571616,0.0,0.6649999999999995,100.0,100.0,0.0,5.7,0.28056661893610335,3.2,0.5,0.0,0.0,0.0,2.5841396591085743,6.217344724682126,0.0,1.067200387306276,0.0,0.0,0.0,2.5841396591085743,0.11451332437996979,3.675746333890726,1.5811388300841895,0.0,0.0
238,0.0,5.6,36.03293869047639,0.0,0.6329999999999996,100.0,100.0,0.0,5.6,0.2615112588783731,5.2,0.0,0.0,0.0,0.0,2.6749870196985173,5.6789842338045124,0.0,1.0275758960885668,0.0,0.0,0.0,2.6749870196985173,0.1175315794716358,4.638007234913623,0.0,0.0,0.0
239,0.0,5.6,35.939010119047815,0.0,0.6009999999999995,100.0,100.0,0.0,5.6,0.26095253612219077,2.8,0.0,0.0,0.0,0.0,2.6749870196985173,5.569190355168088,0.0,0.9882695313863854,0.0,0.0,0.0,2.6749870196985173,0.11612913705737304,3.794733192202055,0.0,0.0,0.0
240,0.0,5.6,35.841867261904966,0.0,0.5689999999999995,100.0,100.0,0.0,5.6,0.2608572813525606,2.4,0.0,0.0,0.0,0.0,2.6749870196985173,5.584232691204068,0.0,0.9493208098424889,0.0,0.0,0.0,2.6749870196985173,0.1163263003304802,3.864367132317183,0.0,0.0,0.0
241,0.0,5.5,36.4841498015875,0.0,0.5379999999999996,100.0,100.0,0.0,5.5,0.2577744054787524,5.176,0.0,0.0,0.0,0.0,2.5055493963954847,5.250611076693529,0.0,0.9101623786751211,0.0,0.0,0.0,2.5055493963954847,0.11329816813974762,3.775768354476565,0.0,0.0,0.0
242,0.0,5.5,36.509030753968446,0.0,0.5089999999999997,100.0,100.0,0.0,5.5,0.25983202693715474,4.0,0.0,0.0,0.0,0.0,2.5055493963954847,5.385049306012581,0.0,0.8700504455362212,0.0,0.0,0.0,2.5055493963954847,0.11452367957677115,4.216370213557839,0.0,0.0,0.0
243,0.0,5.5,36.31161011904781,0.0,0.48299999999999965,100.0,100.0,0.0,5.5,0.2588623945009735,1.5,0.5,0.0,0.0,0.0,2.5055493963954847,5.279789172800843,0.0,0.8287480517825261,0.0,0.0,0.0,2.5055493963954847,0.11238024408014187,1.9578900207451218,1.5811388300841898,0.0,0.0
244,0.0,5.5,36.22974503968274,0.0,0.45899999999999963,100.0,100.0,0.0,5.5,0.2608821947342469,2.8,0.5,0.0,0.0,0.0,2.5055493963954847,5.28926858237159,0.0,0.7868283732103767,0.0,0.0,0.0,2.5055493963954847,0.1130645895503783,2.6997942308422114,1.5811388300841898,0.0,0.0
245,0.0,5.5,36.38617361111131,0.0,0.4349999999999996,100.0,100.0,0.0,5.5,0.2649673061148651,4.0,0.0,0.0,0.0,0.0,2.5055493963954847,5.321507421639752,0.0,0.7450316920925051,0.0,0.0,0.0,2.5055493963954847,0.11270564615795016,3.265986323710904,0.0,0.0,0.0
246,0.0,5.5,36.496768849206546,0.0,0.4109999999999996,100.0,100.0,0.0,5.5,0.2692972526868904,4.3,0.0,0.0,0.0,0.0,2.5055493963954847,5.504663853894091,0.0,0.7033799352649552,0.0,0.0,0.0,2.5055493963954847,0.11440412328872543,3.8887301554906353,0.0,0.0,0.0
247,0.0,5.5,36.636649801587495,0.0,0.3869999999999996,100.0,100.0,0.0,5.5,0.2694639326632431,2.8,0.0,0.0,0.0,0.0,2.5055493963954847,5.350513725023133,0.0,0.661900462473189,0.0,0.0,0.0,2.5055493963954847,0.11324045887695326,3.2930904093942583,0.0,0.0,0.0
248,0.0,5.5,36.49319742063512,0.0,0.3629999999999996,100.0,100.0,0.0,5.5,0.2709907002567356,2.4,0.0,0.0,0.0,0.0,2.5055493963954847,5.315316315820284,0.0,0.6206278183330878,0.0,0.0,0.0,2.5055493963954847,0.1137507067937222,2.7968235951204043,0.0,0.0,0.0
249,0.0,5.5,36.88117361111131,0.0,0.3399999999999996,100.0,100.0,0.0,5.5,0.2687664284849429,5.6,0.5,0.0,0.0,0.0,2.5055493963954847,5.144098406683361,0.0,0.5789454013789012,0.0,0.0,0.0,2.5055493963954847,0.11035110516121077,3.8643671323171835,1.5811388300841898,0.0,0.0
250,0.0,5.5,37.175245039682736,0.0,0.39099999999999957,100.0,100.0,0.0,5.5,0.2709626965593901,5.4895000000000005,0.5,0.0,0.0,0.0,2.5055493963954847,5.354611279797462,0.0,0.6626789066609352,0.0,0.0,0.0,2.5055493963954847,0.11166286857790786,4.642615671986836,1.5811388300841898,0.0,0.0
251,0.0,5.5,37.14845932539702,0.0,0.3669999999999996,100.0,100.0,0.0,5.5,0.27061456508977655,3.2,0.0,0.0,0.0,0.0,2.5055493963954847,5.1031304592655395,0.0,0.6225583417551227,0.0,0.0,0.0,2.5055493963954847,0.11125800908704023,4.131182235954578,0.0,0.0,0.0
252,0.0,5.5,37.023578373016065,0.0,0.3439999999999996,100.0,100.0,0.0,5.5,0.27147264257126164,2.7,0.0,0.0,0.0,0.0,2.5055493963954847,5.193203648572792,0.0,0.5850014244996897,0.0,0.0,0.0,2.5055493963954847,0.11038025695176103,1.8885620632287057,0.0,0.0,0.0
253,0.0,5.5,37.195483134920835,0.0,0.3239999999999997,100.0,100.0,0.0,5.5,0.2709414838460574,4.0,0.0,0.0,0.0,0.0,2.5055493963954847,5.054472695360255,0.0,0.553457817322653,0.0,0.0,0.0,2.5055493963954847,0.10789314827499469,2.6666666666666665,0.0,0.0,0.0
254,0.0,5.5,37.31976884920655,0.0,0.3059999999999997,100.0,100.0,0.0,5.5,0.275275543724461,5.2,0.0,0.0,0.0,0.0,2.5055493963954847,5.3300586559676155,0.0,0.5257206693884326,0.0,0.0,0.0,2.5055493963954847,0.11002867554571447,5.3499740393970345,0.0,0.0,0.0
255,0.0,5.5,37.327506944444636,0.0,0.28799999999999965,100.0,100.0,0.0,5.5,0.2741034555544486,3.5,0.0,0.0,0.0,0.0,2.5055493963954847,5.179272841236292,0.0,0.49812537466875595,0.0,0.0,0.0,2.5055493963954847,0.10907034027039408,3.3747427885527643,0.0,0.0,0.0
256,0.0,5.5,37.54655456349226,0.0,0.4209999999999997,100.0,100.0,0.0,5.5,0.27652841146627927,2.4,0.5,0.0,0.0,0.0,2.5055493963954847,5.006568034889664,0.0,0.6691860727779678,0.0,0.0,0.0,2.5055493963954847,0.10892375056891447,2.065591117977289,1.5811388300841898,0.0,0.0
257,0.0,5.5,37.845840277777974,0.0,0.40099999999999963,100.0,100.0,0.0,5.5,0.2735437768113649,5.1,0.0,0.0,0.0,0.0,2.5055493963954847,5.032557921831917,0.0,0.6423472581088827,0.0,0.0,0.0,2.5055493963954847,0.10522645056162397,3.725288952252936,0.0,0.0,0.0
258,0.0,5.5,38.085483134920835,0.0,0.3809999999999997,100.0,100.0,0.0,5.5,0.2760155644077418,5.2,0.0,0.0,0.0,0.0,2.5055493963954847,5.393174711690193,0.0,0.6156378805759111,0.0,0.0,0.0,2.5055493963954847,0.10739365019707307,5.3499740393970345,0.0,0.0,0.0
259,0.0,5.5,38.103141865079564,0.0,0.4359999999999996,100.0,100.0,0.0,5.5,0.27544241537153746,3.2,1.0,0.0,0.0,0.0,2.5055493963954847,5.174145343645909,0.0,0.7267003050318149,0.0,0.0,0.0,2.5055493963954847,0.10700439209215663,3.675746333890726,2.1081851067789197,0.0,0.0
260,0.0,5.5,38.25980853174623,0.0,0.4139999999999996,100.0,100.0,0.0,5.5,0.276776457591148,2.3,0.0,0.0,0.0,0.0,2.5055493963954847,5.146205044060603,0.0,0.6963587836421359,0.0,0.0,0.0,2.5055493963954847,0.10672223671043618,2.7507574714370344,0.0,0.0,0.0
261,0.0,5.5,38.2123878968256,0.0,0.3919999999999996,100.0,100.0,0.0,5.5,0.27507670625143643,3.1,0.0,0.0,0.0,0.0,2.5055493963954847,5.034598613746706,0.0,0.6661631431814079,0.0,0.0,0.0,2.5055493963954847,0.10611982087064618,4.121757985239902,0.0,0.0,0.0
262,0.0,5.5,38.3246498015875,0.0,0.36999999999999966,100.0,100.0,0.0,5.5,0.2766687626546484,4.0,0.0,0.0,0.0,0.0,2.5055493963954847,5.3210412711061865,0.0,0.6361341577581464,0.0,0.0,0.0,2.5055493963954847,0.1078704533241745,3.7712361663282534,0.0,0.0,0.0
263,0.0,5.4,38.6100625000002,0.0,0.34799999999999964,100.0,100.0,0.0,5.4,0.2746337425378253,2.8,0.0,0.0,0.0,0.0,2.3664319132398464,4.9683096944625165,0.0,0.6062965904205261,0.0,0.0,0.0,2.3664319132398464,0.10499486830641995,2.6997942308422114,0.0,0.0,0.0
264,0.0,5.4,38.602919642857344,0.0,0.32599999999999973,100.0,100.0,0.0,5.4,0.27706225187807776,2.8,0.0,0.0,0.0,0.0,2.3664319132398464,5.039760019840305,0.0,0.576680153984858,0.0,0.0,0.0,2.3664319132398464,0.10441880897770535,3.2930904093942583,0.0,0.0,0.0
265,0.0,5.4,38.603514880952574,0.0,0.3059999999999997,100.0,100.0,0.0,5.4,0.27499437699420676,4.4,0.0,0.0,0.0,0.0,2.3664319132398464,5.025330865950357,0.0,0.5460402915536541,0.0,0.0,0.0,2.3664319132398464,0.10270088851998652,3.977715704047013,0.0,0.0,0.0
266,0.0,5.4,38.774586309524004,0.0,0.2859999999999997,100.0,100.0,0.0,5.4,0.27429750582326007,3.9,0.5,0.0,0.0,0.0,2.3664319132398464,5.372167244095778,0.0,0.5156484590623082,0.0,0.0,0.0,2.3664319132398464,0.10379825900255005,3.784471194529326,1.5811388300841898,0.0,0.0
267,0.0,5.4,38.77477678571448,0.0,0.2659999999999997,100.0,100.0,0.0,5.4,0.2774109818736942,3.184,0.0,0.0,0.0,0.0,2.3664319132398464,5.684807624207466,0.0,0.4855512331361126,0.0,0.0,0.0,2.3664319132398464,0.10464862917708632,3.6722236678430504,0.0,0.0,0.0
268,0.0,5.4,39.35584821428591,0.0,0.2459999999999997,100.0,100.0,0.0,5.4,0.277620907124253,5.1,0.0,0.0,0.0,0.0,2.3664319132398464,5.394947934243014,0.0,0.45580697669079134,0.0,0.0,0.0,2.3664319132398464,0.104401311553922,2.766867462592951,0.0,0.0,0.0
269,0.0,5.4,39.261205357143055,0.0,0.2259999999999997,100.0,100.0,0.0,5.4,0.27633388631921085,2.8,0.0,0.0,0.0,0.0,2.3664319132398464,5.415321050140907,0.0,0.4264895465698227,0.0,0.0,0.0,2.3664319132398464,0.10392285045287705,3.2930904093942583,0.0,0.0,0.0
270,0.0,5.4,39.199062500000196,0.0,0.2069999999999997,100.0,100.0,0.0,5.4,0.27666057984274806,2.8,0.0,0.0,0.0,0.0,2.3664319132398464,5.561485926515582,0.0,0.39972351555655145,0.0,0.0,0.0,2.3664319132398464,0.10608525655306814,3.794733192202055,0.0,0.0,0.0
271,0.0,5.4,39.354776785714485,0.0,0.1889999999999997,100.0,100.0,0.0,5.4,0.28015410343188674,4.0,0.0,0.0,0.0,0.0,2.3664319132398464,6.0598914642996995,0.0,0.3757791904829214,0.0,0.0,0.0,2.3664319132398464,0.10700810340317342,4.216370213557839,0.0,0.0,0.0
272,0.0,5.4,39.472633928571625,0.0,0.17099999999999968,100.0,100.0,0.0,5.4,0.28082710790800003,3.2,0.0,0.0,0.0,0.0,2.3664319132398464,5.7577428931881265,0.0,0.3528440007834746,0.0,0.0,0.0,2.3664319132398464,0.1072934419902575,3.675746333890726,0.0,0.0,0.0
273,0.0,5.4,39.36608630952401,0.0,0.45299999999999985,100.0,100.0,0.0,5.4,0.28375974646687546,3.1,0.5,0.0,0.0,0.0,2.3664319132398464,5.671979517365836,0.0,1.1730496816228864,0.0,0.0,0.0,2.3664319132398464,0.10856482084342652,3.142893217686178,1.5811388300841898,0.0,0.0
274,0.0,5.4,39.42715773809543,0.0,0.43599999999999983,100.0,100.0,0.0,5.4,0.2826065160030057,4.1,0.0,0.0,0.0,0.0,2.3664319132398464,5.945288782355554,0.0,1.1315593959959265,0.0,0.0,0.0,2.3664319132398464,0.11007371399481687,4.1486276177925525,0.0,0.0,0.0
275,0.0,5.4,39.72388095238115,0.0,0.4199999999999998,100.0,100.0,0.0,5.4,0.28254917969748544,5.1995,0.0,0.0,0.0,0.0,2.3664319132398464,6.3267404114804915,0.0,1.09317071961438,0.0,0.0,0.0,2.3664319132398464,0.10754233011356451,4.237557243140072,0.0,0.0,0.0
276,0.0,5.4,39.95495238095258,0.0,0.5519999999999998,100.0,100.0,0.0,5.4,0.2838194185630651,4.3,0.5,0.0,0.0,0.0,2.3664319132398464,6.027987278813908,0.0,1.0948850776831935,0.0,0.0,0.0,2.3664319132398464,0.10784819579044119,3.529242915351047,1.5811388300841898,0.0,0.0
277,0.0,5.4,39.59955952380972,0.0,0.5319999999999998,100.0,100.0,0.0,5.4,0.29020772325253386,1.5355,0.0,0.0,0.0,0.0,2.3664319132398464,5.955666508074935,0.0,1.0565856961616187,0.0,0.0,0.0,2.3664319132398464,0.11052555395135943,1.9910472537503139,0.0,0.0,0.0
278,0.0,5.4,40.01241666666686,0.0,0.5119999999999998,100.0,100.0,0.0,5.4,0.2870207713811957,4.4,0.5,0.0,0.0,0.0,2.3664319132398464,5.948412069451654,0.0,1.018329787227868,0.0,0.0,0.0,2.3664319132398464,0.11194807569570722,3.5023801430836525,1.5811388300841898,0.0,0.0
279,0.0,5.4,40.091345238095435,0.0,0.4919999999999998,100.0,100.0,0.0,5.4,0.2909296838592176,3.6,0.0,0.0,0.0,0.0,2.3664319132398464,6.23252554820545,0.0,0.9801224413306733,0.0,0.0,0.0,2.3664319132398464,0.11199651084246595,3.5023801430836525,0.0,0.0,0.0
280,0.0,5.4,40.08955952380972,0.0,0.4719999999999997,100.0,100.0,0.0,5.4,0.2932127329090423,3.6,0.0,0.0,0.0,0.0,2.3664319132398464,5.72359409399685,0.0,0.9419695678028384,0.0,0.0,0.0,2.3664319132398464,0.11073402476405876,3.5023801430836525,0.0,0.0,0.0
281,0.0,5.4,39.968523809524,0.0,0.4519999999999998,100.0,100.0,0.0,5.4,0.29658144786655716,2.6845,0.0,0.0,0.0,0.0,2.3664319132398464,5.704367255420525,0.0,0.9038780645394349,0.0,0.0,0.0,2.3664319132398464,0.11148975719583173,2.6672629020943717,0.0,0.0,0.0
282,0.0,5.4,40.07138095238115,0.0,0.5779999999999997,100.0,100.0,0.0,5.4,0.2949628218535315,3.2,1.0,0.0,0.0,0.0,2.3664319132398464,6.022340750616443,0.0,1.1068052122111536,0.0,0.0,0.0,2.3664319132398464,0.11162293519946237,3.155242550986462,3.1622776601683795,0.0,0.0
283,0.0,5.4,40.08780952380972,0.0,0.5539999999999997,100.0,100.0,0.0,5.4,0.29640921286107713,3.6,0.0,0.0,0.0,0.0,2.3664319132398464,6.240392123981911,0.0,1.0657099876503817,0.0,0.0,0.0,2.3664319132398464,0.11375284349603516,3.977715704047013,0.0,0.0,0.0
284,0.0,5.4,40.48709523809543,0.0,0.6779999999999997,100.0,100.0,0.0,5.4,0.2933194369743096,5.4,0.5,0.0,0.0,0.0,2.3664319132398464,6.097950074264382,0.0,1.0463672607858312,0.0,0.0,0.0,2.3664319132398464,0.11124830470768218,4.695151163109069,1.5811388300841895,0.0,0.0
285,0.0,5.3,41.13233809523829,0.0,0.6499999999999997,100.0,100.0,0.0,5.3,0.280512585572955,3.5,0.0,0.0,0.0,0.0,2.359378449224852,5.67118186852488,0.0,1.0068322159680383,0.0,0.0,0.0,2.359378449224852,0.11915913169358831,3.7490739597339977,0.0,0.0,0.0
286,0.0,5.3,41.04122857142877,0.0,0.6219999999999997,100.0,100.0,0.0,5.3,0.2850530372423358,2.176,0.0,0.0,0.0,0.0,2.359378449224852,5.786646086257223,0.0,0.9675375387492147,0.0,0.0,0.0,2.359378449224852,0.12439263332430554,2.4798709643850425,0.0,0.0,0.0
287,0.0,5.3,40.942300000000195,0.0,0.5949999999999998,100.0,100.0,0.0,5.3,0.28757285735717414,3.6,0.0,0.0,0.0,0.0,2.359378449224852,5.675424148258002,0.0,0.9302239873636167,0.0,0.0,0.0,2.359378449224852,0.12601434223033783,3.502380143083653,0.0,0.0,0.0
288,0.0,5.3,41.18015714285734,0.0,0.45699999999999974,100.0,100.0,0.0,5.3,0.2876185613191741,4.0,1.0,0.0,0.0,0.0,2.359378449224852,5.880432803791653,0.0,0.7178060709937992,0.0,0.0,0.0,2.359378449224852,0.12718790578476652,2.6666666666666665,3.1622776601683795,0.0,0.0
289,0.0,5.3,41.15551428571448,0.0,0.4349999999999997,100.0,100.0,0.0,5.3,0.2862793959260278,2.8,0.0,0.0,0.0,0.0,2.359378449224852,5.9621608764977765,0.0,0.6872691531626371,0.0,0.0,0.0,2.359378449224852,0.12495430702669313,2.6997942308422114,0.0,0.0,0.0
290,0.0,5.3,41.182228571428766,0.0,0.4129999999999997,100.0,100.0,0.0,5.3,0.2858684120944277,3.176,0.0,0.0,0.0,0.0,2.359378449224852,6.33778357096335,0.0,0.6569973786519662,0.0,0.0,0.0,2.359378449224852,0.12681600079804056,3.1493886531974566,0.0,0.0,0.0
291,0.0,5.3,41.17544285714305,0.0,0.3909999999999997,100.0,100.0,0.0,5.3,0.2888433718155796,2.8,0.0,0.0,0.0,0.0,2.359378449224852,6.492254777761314,0.0,0.6270291504830976,0.0,0.0,0.0,2.359378449224852,0.12939360091204768,3.2930904093942583,0.0,0.0,0.0
292,0.0,5.3,41.464371428571624,0.0,0.6669999999999996,100.0,100.0,0.0,5.3,0.2881566185746057,4.8,1.0,0.0,0.0,0.0,2.359378449224852,6.5584408683862465,0.0,1.0002894025675213,0.0,0.0,0.0,2.359378449224852,0.12769677628333884,3.155242550986462,2.1081851067789197,0.0,0.0
293,0.0,5.3,41.51618095238115,0.0,0.6369999999999997,100.0,100.0,0.0,5.3,0.2853513414093178,3.8840000000000003,0.0,0.0,0.0,0.0,2.359378449224852,6.350115481650062,0.0,0.9696511400154867,0.0,0.0,0.0,2.359378449224852,0.1256552139907392,4.121637215152897,0.0,0.0,0.0
294,0.0,5.3,41.89710952380972,0.0,0.7569999999999997,100.0,100.0,0.0,5.3,0.2846056186783557,4.2475000000000005,0.5,0.0,0.0,0.0,2.359378449224852,6.45045823153144,0.0,1.0869329939482621,0.0,0.0,0.0,2.359378449224852,0.1272557651604609,3.150186281969864,1.5811388300841898,0.0,0.0
295,0.0,5.3,41.57615714285733,0.0,0.7269999999999996,100.0,100.0,0.0,5.3,0.29195041488173723,1.6,0.0,0.0,0.0,0.0,2.359378449224852,6.575858335072296,0.0,1.0501010533383068,0.0,0.0,0.0,2.359378449224852,0.13463221923122073,2.065591117977289,0.0,0.0,0.0
296,0.0,5.2,42.56357142857162,0.0,0.9179999999999996,100.0,100.0,0.0,5.2,0.28249187529434644,4.0,0.5,0.0,0.0,0.0,2.3475755815545347,7.105725440802474,0.0,1.0832953839506971,0.0,0.0,0.0,2.3475755815545347,0.13360218986246047,3.7712361663282534,1.5811388300841895,0.0,0.0
297,0.0,5.2,42.770357142857335,0.0,0.9559999999999997,100.0,100.0,0.0,5.2,0.28198944963289774,4.4,0.5,0.0,0.0,0.0,2.3475755815545347,6.950553559783712,0.0,1.1950099953091975,0.0,0.0,0.0,2.3475755815545347,0.13076677132703976,4.402019738458447,1.5811388300841898,0.0,0.0
298,0.0,5.2,42.982857142857334,0.0,0.9199999999999996,100.0,100.0,0.0,5.2,0.2781923981758848,4.0,0.0,0.0,0.0,0.0,2.3475755815545347,7.1767209266937675,0.0,1.1574205036296106,0.0,0.0,0.0,2.3475755815545347,0.12764070205945674,3.265986323710904,0.0,0.0,0.0
299,0.0,5.2,42.86607142857162,0.0,0.8839999999999997,100.0,100.0,0.0,5.2,0.2798918789694057,2.0,0.0,0.0,0.0,0.0,2.3475755815545347,7.130241267045116,0.0,1.12006150624766,0.0,0.0,0.0,2.3475755815545347,0.1299920290010945,2.1081851067789197,0.0,0.0,0.0
300,0.0,5.2,43.06464285714305,0.0,0.8479999999999996,100.0,100.0,0.0,5.2,0.28224779929730615,4.4,0.0,0.0,0.0,0.0,2.3475755815545347,7.387333177848661,0.0,1.082956857661262,0.0,0.0,0.0,2.3475755815545347,0.12939714129839705,3.977715704047013,0.0,0.0,0.0
