timestep,AgentsAlive,AvgEnergy,GiniEnergy,AgentsAlive_std,AvgEnergy_std,GiniEnergy_std
0,15.0,10.0,0.0,0.0,0.0,0.0
1,15.0,9.599999999999998,0.0,0.0,1.7763568394002505e-15,0.0
2,15.0,9.200000000000001,0.0,0.0,1.7763568394002505e-15,0.0
3,15.0,8.799999999999999,2.220446049250313e-16,0.0,0.0,0.0
4,15.0,7.967999999999999,0.033147281721154956,0.0,0.12496399481450621,0.005443090789305787
5,15.0,7.167999999999999,0.03414019997700082,0.0,0.10851727973000448,0.005970634321244601
6,15.0,6.503999999999996,0.013658270540759942,0.0,0.0803990049689672,0.009578240829747342
7,15.0,6.047999999999998,0.006958304853042075,0.0,0.06400000000000006,0.00911551132471024
8,15.0,5.511999999999996,0.021783283073125603,0.0,0.06645299090334467,0.014891366932816364
9,15.0,5.803999999999997,0.13857483101077755,0.0,0.33546253309588997,0.029912634138468168
10,15.0,6.197999999999995,0.1868464431869235,0.0,0.32841775564396963,0.010345307703781047
11,15.0,6.50733333333333,0.16852908934389246,0.0,0.31087618113969423,0.02158500849856709
12,15.0,6.55533333333333,0.13802017082282517,0.0,0.348712552748599,0.03654468907488469
13,15.0,6.48466666666666,0.10875561653281487,0.0,0.3744038223926435,0.04474746014269926
14,15.0,7.3766666666666625,0.13179846451819693,0.0,0.5014401481953972,0.021861907383283977
15,15.0,8.027333333333328,0.14605452519093798,0.0,0.39969377166915065,0.011088738660330772
16,15.0,8.431333333333326,0.11986792219502888,0.0,0.6204231530889934,0.03555881440905833
17,15.0,8.403333333333329,0.09935122045956912,0.0,0.5358710458475786,0.03791962836481155
18,15.0,8.299333333333326,0.0797453964346978,0.0,0.4574562517030696,0.038050480025434645
19,15.0,8.964666666666659,0.12518878902503747,0.0,0.5343993512970109,0.02957521079975261
20,15.0,9.774666666666658,0.12945384437522972,0.0,0.6336756969372337,0.030074266583691795
21,15.0,10.161333333333324,0.1041184953479494,0.0,0.7222298803012791,0.035150039532870464
22,15.0,9.982666666666658,0.0966902154356708,0.0,0.5731798244103774,0.03168049590002604
23,15.0,9.759999999999991,0.09110664105439356,0.0,0.48372627705253984,0.030403896098821985
24,15.0,10.745333333333324,0.12845938160887138,0.0,0.6063501005561425,0.032914740538834746
25,15.0,11.462666666666657,0.12413228352692632,0.0,0.7218260793909353,0.03243158681711974
26,15.0,11.890666666666656,0.0937552537755594,0.0,0.7429143811892308,0.03417906599856953
27,15.0,11.693333333333321,0.0882808956220402,0.0,0.6171475602407501,0.031219558400531307
28,15.0,11.682666666666655,0.09262353434725641,0.0,0.7343943839049363,0.029493916922299523
29,15.0,12.599999999999985,0.11810513272963781,0.0,0.7217755883929571,0.030625245336472758
30,15.0,13.325333333333322,0.10748076009518966,0.0,0.8099426591500852,0.03514995267056327
31,15.0,13.60133333333332,0.08983703266097642,0.0,0.794636464750461,0.03675953117225721
32,15.0,13.707999999999988,0.08642656341278616,0.0,0.7757078487850091,0.02504772474398204
33,15.0,13.541333333333318,0.09019127121980111,0.0,0.7213123841689921,0.03058194264816061
34,14.9,13.602380952380937,0.08255809404263673,0.29999999999999993,0.5499693250567724,0.01716772430740737
35,14.9,13.404666666666653,0.08899147032935484,0.29999999999999993,0.6919091141343805,0.01948150614840299
36,14.9,13.532095238095224,0.09673338348296581,0.29999999999999993,0.6705135338626437,0.01558313086107262
37,14.9,13.434857142857126,0.10214740756825227,0.29999999999999993,0.6699949842435878,0.01842683483683502
38,14.9,13.506952380952367,0.11674377774931902,0.29999999999999993,0.6546852665105136,0.017643466188553388
39,14.9,13.72523809523808,0.12696376347647736,0.29999999999999993,0.7805024545974559,0.016924378923713727
40,14.9,14.35238095238094,0.13472812180638966,0.29999999999999993,0.9942510484743238,0.022487263947454046
41,14.9,14.592476190476173,0.13569039294492163,0.29999999999999993,0.9338482981678188,0.028242726019649333
42,14.9,14.92380952380951,0.12800614252950626,0.29999999999999993,0.8413736743349821,0.021294228003977154
43,14.9,14.679714285714272,0.12987987486327218,0.29999999999999993,0.8466063559857484,0.018890679203109596
44,14.9,15.273523809523798,0.14493261902166976,0.29999999999999993,1.030898672306043,0.012926273272187178
45,14.9,15.9042857142857,0.14294836309749445,0.29999999999999993,1.2280758875116524,0.024845636555206923
46,14.9,16.453238095238085,0.13990244299842355,0.29999999999999993,1.125078093535419,0.028956586554451796
47,14.9,16.371999999999993,0.13331522984298189,0.29999999999999993,1.1197055168411238,0.02163505515303503
48,14.9,16.598666666666656,0.14779290725667105,0.29999999999999993,1.2196094092417933,0.016690820348815298
49,14.9,17.146190476190466,0.1504249447769836,0.29999999999999993,1.320680732187718,0.02599799621559789
50,14.9,17.823714285714278,0.14631785384961607,0.29999999999999993,1.1749457419807292,0.02261765997315788
51,14.9,17.997619047619036,0.137402459036899,0.29999999999999993,1.0868800132789775,0.01796311982400166
52,14.9,18.130952380952372,0.15155235655090857,0.29999999999999993,1.2394223839373706,0.019513322695604726
53,14.9,18.419904761904757,0.1547327360981546,0.29999999999999993,1.2169282506980208,0.022309471697938517
54,14.9,19.11971428571428,0.15271419907073444,0.29999999999999993,1.110998166141635,0.01805090222247597
55,14.9,19.40380952380952,0.143639325282951,0.29999999999999993,1.076341160963654,0.017872990195071537
56,14.9,19.909619047619042,0.15175504994437833,0.29999999999999993,1.2706812463918638,0.020207609006699653
57,14.9,20.139904761904763,0.15228865197330438,0.29999999999999993,1.2953680922159057,0.02247539926709085
58,14.9,20.577142857142857,0.15028355419194306,0.29999999999999993,1.2447379310548916,0.023192356340492347
59,14.9,20.76304761904762,0.147994157352956,0.29999999999999993,1.2010565869974978,0.022190284447742046
60,14.9,21.347047619047622,0.15381088316371205,0.29999999999999993,1.4961576305084987,0.024458722631666176
61,14.9,21.795428571428577,0.15373471000139402,0.29999999999999993,1.578829831612078,0.02603354014507842
62,14.9,22.223904761904766,0.1518143746513181,0.29999999999999993,1.5099803695920355,0.02868351456427816
63,14.9,22.159428571428577,0.15028014432803272,0.29999999999999993,1.4471718732890755,0.028626266810068586
64,14.7,23.003714285714288,0.1470963746945692,0.45825756949558405,1.5490634988134022,0.019707238354205254
65,14.6,23.777904761904768,0.13681376055394218,0.48989794855663565,1.7085754525620218,0.023969191669713456
66,14.6,24.366571428571437,0.1374132614563805,0.48989794855663565,1.5756413055672078,0.02395612172810673
67,14.6,24.287809523809536,0.13591133976864575,0.48989794855663565,1.41330700784108,0.021942893548938268
68,14.6,24.636952380952394,0.1438771459475046,0.48989794855663565,1.5874484897101393,0.019830895503597474
69,14.6,25.27923809523811,0.14207546803956964,0.48989794855663565,1.8620874736803326,0.026757477661708894
70,14.6,26.150095238095247,0.13446474243991557,0.48989794855663565,1.7197997668610294,0.02378622988838408
71,14.6,26.360476190476202,0.12743285122514741,0.48989794855663565,1.4630130900259615,0.018655127859566804
72,14.6,26.519619047619063,0.13770975416642028,0.48989794855663565,1.704207156347503,0.01627317039212126
73,14.6,26.818666666666683,0.14078979376113587,0.48989794855663565,1.951723289929577,0.02412448679268266
74,14.6,27.603428571428587,0.1383978138729723,0.48989794855663565,1.7961182735576529,0.02018835470687829
75,14.6,28.021809523809544,0.12832057941408695,0.48989794855663565,1.7075717970782023,0.02277058943681108
76,14.6,28.43171428571431,0.133867013446684,0.48989794855663565,1.795082476519028,0.017362999736514572
77,14.6,28.702285714285733,0.1366226258935482,0.48989794855663565,1.9870264112949505,0.02281648121632394
78,14.6,29.274000000000022,0.13693652749065843,0.48989794855663565,1.9099540686146619,0.02296100698334948
79,14.6,29.64180952380955,0.1292614421526267,0.48989794855663565,1.7876895970045001,0.02314342865850334
80,14.6,30.220571428571457,0.13210399689249114,0.48989794855663565,1.9440935468286706,0.021323304376415712
81,14.6,30.649904761904786,0.1329027725078779,0.48989794855663565,2.0788357198473846,0.024945826253447854
82,14.6,31.192666666666696,0.1334403942223238,0.48989794855663565,1.9526982808318682,0.02451893382625404
83,14.6,31.239619047619072,0.1311715770768138,0.48989794855663565,1.7720086710168055,0.026364471508173632
84,14.6,31.89495238095241,0.1315598234927143,0.48989794855663565,1.9963098405788249,0.022040547056124092
85,14.6,32.49980952380955,0.1297843283765353,0.48989794855663565,2.318431747692285,0.02878492149313402
86,14.6,33.22533333333336,0.12813639558575335,0.48989794855663565,2.133440184398939,0.027584472443007536
87,14.6,33.192666666666696,0.12701786523681247,0.48989794855663565,2.00636470483265,0.028148975451435222
88,14.6,33.58580952380955,0.13131529629786995,0.48989794855663565,2.000511564960815,0.02401332520852691
89,14.6,34.18361904761908,0.1298451238138493,0.48989794855663565,2.267587880028206,0.028190399940646923
90,14.6,35.029142857142894,0.1268994466995891,0.48989794855663565,2.162556528562673,0.0289033236177837
91,14.6,35.16942857142861,0.12411150098563635,0.48989794855663565,2.073631426391156,0.030471373911057774
92,14.6,35.48295238095241,0.12912124462895608,0.48989794855663565,2.1459936178166434,0.02568032447261885
93,14.6,35.86647619047623,0.13058842828090095,0.48989794855663565,2.3314758320762357,0.02983504958811598
94,14.6,36.7459047619048,0.12735179612638578,0.48989794855663565,2.2284478516816195,0.029284198805405975
95,14.6,37.09019047619052,0.12120380164426976,0.48989794855663565,2.232272915068173,0.031152623268964563
96,14.6,37.55933333333338,0.12405390316794367,0.48989794855663565,2.1725917957847334,0.026603605148877905
97,14.6,37.85657142857147,0.12726997927462474,0.48989794855663565,2.3817508832456187,0.03048591297134182
98,14.6,38.45723809523814,0.12801091814613733,0.48989794855663565,2.253053899270031,0.03067061465398147
99,14.6,38.748666666666715,0.12367407989104495,0.48989794855663565,2.2839493761540517,0.03260026051645432
100,14.6,39.38847619047624,0.12337107439658294,0.48989794855663565,2.3905226119567797,0.02949095278253987
101,14.6,39.898666666666706,0.12371236831670593,0.48989794855663565,2.5407311676391835,0.032752084728122195
102,14.6,40.39257142857147,0.1267458853421525,0.48989794855663565,2.41100367880869,0.03344638519782907
103,14.6,40.49200000000004,0.1238256117016167,0.48989794855663565,2.390088042856942,0.03455713862902385
104,14.5,41.42835164835169,0.11746636701047901,0.6708203932499369,2.0039346127123183,0.02174419060182764
105,14.4,42.32367032967037,0.10947388290923685,0.66332495807108,1.9748446116428304,0.019137856478063275
106,14.4,43.00944322344327,0.1111318740894438,0.66332495807108,1.7854829024733796,0.019022758866233766
107,14.4,43.00419780219785,0.11034286585038548,0.66332495807108,1.626872752189741,0.020332033651989344
108,14.4,43.36150915750921,0.1141852239150051,0.66332495807108,1.7526619297691917,0.017717809358037084
109,14.4,43.958461538461584,0.11331191718319109,0.66332495807108,1.9590522366650616,0.018950440117929027
110,14.4,44.85547252747258,0.11134611262483281,0.66332495807108,1.9351390490003677,0.017745562935073025
111,14.4,44.95698901098907,0.10997866008839194,0.66332495807108,1.7900054258576505,0.019618012162220443
112,14.4,45.25040293040298,0.1147890644864615,0.66332495807108,1.8644409675727003,0.016401925101835295
113,14.4,45.62914285714292,0.1161228819108792,0.66332495807108,2.0915547364148774,0.01956930910017485
114,14.4,46.588234432234486,0.1131118854317128,0.66332495807108,1.9862341050485381,0.017806313335092326
115,14.4,46.83460805860812,0.10903383418659807,0.66332495807108,1.9157961712274238,0.01864767965344567
116,14.4,47.240498168498235,0.11177005811362936,0.66332495807108,1.9599761246940877,0.01667511897163755
117,14.4,47.61838827838834,0.11409873469193502,0.66332495807108,2.127060323188812,0.017601762214866323
118,14.4,48.26415384615391,0.1152153704988124,0.66332495807108,2.081676927586117,0.01865869447938858
119,14.4,48.568161172161226,0.11113602786953922,0.66332495807108,1.9460557758983523,0.0184044336732015
120,14.4,49.12214652014658,0.11158175060112778,0.66332495807108,2.0751145267830564,0.0160529521344157
121,14.4,49.633465201465256,0.11190322581663123,0.66332495807108,2.2030762382247358,0.018395002620254657
122,14.4,50.24819047619054,0.1139483299123761,0.66332495807108,2.097612472829001,0.019065080285644662
123,14.4,50.26684249084255,0.11346518514891983,0.66332495807108,2.0134832230565634,0.021021371845978715
124,14.4,50.819670329670394,0.11395563141293752,0.66332495807108,2.1232240658783628,0.01951023043306355
125,14.4,51.51679853479859,0.11133966420641564,0.66332495807108,2.3129269755774557,0.019387562745690732
126,14.4,52.22980952380958,0.11288949820471428,0.66332495807108,2.179098777704487,0.020254000732736532
127,14.4,52.25351648351655,0.1125749430396843,0.66332495807108,2.040703711045728,0.02208477571901245
128,14.4,52.56063736263742,0.11574402850510127,0.66332495807108,2.135020614163672,0.020955978361161032
129,14.4,53.12997069597077,0.11549895000903454,0.66332495807108,2.295566206401533,0.02244744358747352
130,14.4,54.02698168498175,0.11454705201554742,0.66332495807108,2.298606495865278,0.02186933876164901
131,14.4,54.19916483516488,0.11244030311043496,0.66332495807108,2.151406745269306,0.02417954215002021
132,14.4,54.44276923076929,0.11575175089888042,0.66332495807108,2.2745408370309215,0.02228932526990447
133,14.4,54.827699633699694,0.11700335095528465,0.66332495807108,2.3880803345934165,0.02334034587827666
134,14.4,55.757838827838896,0.11551574323022988,0.66332495807108,2.3206034281555015,0.021265713707709518
135,14.4,56.09097435897443,0.11146336713384837,0.66332495807108,2.1903061952240996,0.022177998878381157
136,14.4,56.55343589743595,0.11284324370069294,0.66332495807108,2.214254153257651,0.0216969435365917
137,14.4,56.856659340659405,0.11526951588286458,0.66332495807108,2.3371477375143144,0.023340508020852326
138,14.4,57.498805860805916,0.117239929554846,0.66332495807108,2.3895688592151463,0.023349117241086417
139,14.4,57.74138461538466,0.11416979699478921,0.66332495807108,2.209806084331661,0.023452208734996857
140,14.4,58.36917948717953,0.11321909961252616,0.66332495807108,2.27777400881649,0.02164065279204237
141,14.4,58.88716483516488,0.11314747389914273,0.66332495807108,2.4061600956466394,0.022972120721288746
142,14.4,59.44760439560444,0.11607590604029072,0.66332495807108,2.3873807816359762,0.022432191307663735
143,14.4,59.49073260073264,0.11535386216384136,0.66332495807108,2.3203641888732287,0.02489254883477841
144,14.4,60.11479853479857,0.11482827978063459,0.66332495807108,2.3227420313249323,0.02317538998011549
145,14.4,60.7817362637363,0.11300054062936324,0.66332495807108,2.4685339823040984,0.02369661750088397
146,14.4,61.47246153846157,0.114835013658146,0.66332495807108,2.436402852950596,0.02422956491458153
147,14.4,61.453406593406626,0.11470990226418498,0.66332495807108,2.3216854835549094,0.026026508654515633
148,14.4,61.7805274725275,0.11682769087135277,0.66332495807108,2.3715642941762054,0.024268667553291677
149,14.4,62.45033699633702,0.11538839641598368,0.66332495807108,2.508997236762525,0.023611718375029622
150,14.4,63.29487179487181,0.1153513470035846,0.66332495807108,2.498065192454367,0.02296305744866451
151,14.4,63.46572161172164,0.11290382971205368,0.66332495807108,2.434521568293619,0.025514467301548223
152,14.4,63.796087912087934,0.11472401931971125,0.66332495807108,2.394838935228825,0.023064762453529154
153,14.4,64.17304761904764,0.1158569432614085,0.66332495807108,2.62914003684347,0.024801677785678843
154,14.4,65.02052014652016,0.11604327123472855,0.66332495807108,2.6189671342842042,0.02400708200549718
155,14.4,65.26508424908425,0.11314262299442726,0.66332495807108,2.4537303162517237,0.02498632889358938
156,14.4,65.71011721611723,0.11394147641217822,0.66332495807108,2.463945775032281,0.023418441574015722
157,14.4,66.09962637362636,0.11528884122614566,0.66332495807108,2.621262693090255,0.023724180863159722
158,14.4,66.7182490842491,0.11765430816991576,0.66332495807108,2.6694009876501648,0.0240476429250944
159,14.4,66.96311355311354,0.1146139669752321,0.66332495807108,2.54297215144795,0.024843730300418802
160,14.4,67.62643223443223,0.11325190486528276,0.66332495807108,2.530678601441549,0.02274587675329636
161,14.4,68.04530402930402,0.11415709041213848,0.66332495807108,2.7230980462569723,0.0245538929477129
162,14.4,68.60041025641024,0.11615043848036552,0.66332495807108,2.8088034528271737,0.024901426140649545
163,14.4,68.64258608058607,0.11551201380437622,0.66332495807108,2.6634005806954715,0.026342014813371378
164,14.4,69.25589010989009,0.11492006923993056,0.66332495807108,2.6551328466705324,0.02412760834216613
165,14.4,69.87520879120878,0.11389219418540963,0.66332495807108,2.7951637971887786,0.02360738577691347
166,14.4,70.58821978021976,0.11519977679549923,0.66332495807108,2.8138568157806407,0.02380255133493276
167,14.4,70.57992673992669,0.11497036179800854,0.66332495807108,2.719105144818577,0.02519349672119968
168,14.4,70.95819047619042,0.1163640172851802,0.66332495807108,2.665148120349273,0.02477295710146214
169,14.4,71.50660073260069,0.11620481679283538,0.66332495807108,2.897231930591404,0.02519170800311597
170,14.4,72.33551648351644,0.11594919647564461,0.66332495807108,2.934926285954884,0.024252520379347445
171,14.4,72.42093772893767,0.11528674417525739,0.66332495807108,2.841904067452343,0.02594127325075421
172,14.4,72.74416117216113,0.11716170876856458,0.66332495807108,2.814506652921322,0.024774112515642533
173,14.4,73.18642490842485,0.11736892529545055,0.66332495807108,2.984369373489224,0.024890446530181746
174,14.4,74.01523076923068,0.1176708007940768,0.66332495807108,3.0123581590653243,0.02414408220647817
175,14.4,74.27589010989006,0.11546174039891302,0.66332495807108,2.892127136674015,0.02503963963199782
176,14.4,74.73168498168491,0.11631525913786467,0.66332495807108,2.7781856310758584,0.024858003627952284
177,14.4,75.07579487179478,0.11749425439487964,0.66332495807108,2.981266343373255,0.02550053210329289
178,14.4,75.58051282051272,0.12002351291903315,0.66332495807108,3.1177605276939384,0.025634047018683444
179,14.4,75.84309157509149,0.11752662690435545,0.66332495807108,3.0970394745644674,0.02659851098662785
180,14.4,76.46726739926731,0.11713993573631014,0.66332495807108,2.9225448476606175,0.02471780973076693
181,14.4,76.95991941391932,0.11717730174157963,0.66332495807108,3.0789343531939517,0.025494027022671815
182,14.4,77.48835897435887,0.11983555552134333,0.66332495807108,3.1966829924168274,0.02538719742551858
183,14.4,77.5092967032966,0.11936431695609888,0.66332495807108,3.2150410036839183,0.02680282819394433
184,14.4,78.17688644688634,0.11819848138580506,0.66332495807108,3.032149616140944,0.02524361513165629
185,14.4,78.71394871794861,0.11840116016226368,0.66332495807108,3.175331796535091,0.026054509872954743
186,14.4,79.31305494505483,0.12028186924721847,0.66332495807108,3.312004385120187,0.026478629376384618
187,14.4,79.30247619047606,0.12013548665590679,0.66332495807108,3.221793424592605,0.027310879566145682
188,14.4,79.70740659340647,0.12114939751528556,0.66332495807108,3.182043019169519,0.02702915954259351
189,14.4,80.34340659340646,0.12050124988066098,0.66332495807108,3.373838547415933,0.026786027471132862
190,14.4,81.15413186813171,0.12076372447231642,0.66332495807108,3.386536982451678,0.026269924780620492
191,14.4,81.24898168498154,0.119636565059609,0.66332495807108,3.366730433524386,0.02731680206907333
192,14.4,81.62468131868118,0.12087605278355862,0.66332495807108,3.252996384289985,0.026660476627616052
193,14.4,81.974498168498,0.12233995661775883,0.66332495807108,3.4627117381262598,0.027607273743111876
194,14.4,82.79254212454197,0.12212055426408612,0.66332495807108,3.532755040408093,0.026831567750046734
195,14.4,82.97310622710606,0.12077636165915744,0.66332495807108,3.4727307049305356,0.028012566435234185
196,14.4,83.38794871794855,0.12233209826594633,0.66332495807108,3.434037895113827,0.027943030618906465
197,14.4,83.76850549450532,0.12332858321603239,0.66332495807108,3.5935194607553713,0.028133198355512725
198,14.4,84.41065201465184,0.12435671220288858,0.66332495807108,3.679068034216948,0.027835524885373455
199,14.4,84.63018315018296,0.12274940146729338,0.66332495807108,3.7273264532681005,0.02877286306611413
200,14.4,85.17835897435877,0.12272613654602142,0.66332495807108,3.451636153307561,0.027753057993344907
201,14.4,85.67989743589723,0.12260318217592674,0.66332495807108,3.634909597705758,0.02834420121172878
202,14.4,86.23319413919394,0.12468361148915201,0.66332495807108,3.721481035669429,0.02829854381438015
203,14.4,86.21803663003644,0.12465437392492391,0.66332495807108,3.763054074382155,0.02978600239531831
204,14.4,86.7437509157507,0.12524884089550045,0.66332495807108,3.7240619387679073,0.029349291679189232
205,14.4,87.39506959706937,0.12390203238950948,0.66332495807108,3.8071329261272795,0.028824250905438928
206,14.4,88.05074725274704,0.12539401577013978,0.66332495807108,3.868843293586456,0.02941460967674439
207,14.4,87.98816849816826,0.12567583799988621,0.66332495807108,3.8850836587158457,0.030471800504339838
208,14.4,88.33700366300341,0.12663795187317767,0.66332495807108,3.7310250199148918,0.029528305439172856
209,14.4,88.96503296703271,0.12620617657968666,0.66332495807108,3.9754502373200302,0.030263812345943948
210,14.4,89.75661538461516,0.126656541468156,0.66332495807108,4.0078543215771445,0.02987656591483355
211,14.4,89.84917948717923,0.12579609379560996,0.66332495807108,4.009912273500545,0.03138339770306166
212,14.4,90.11630769230743,0.12795990001347526,0.66332495807108,3.907801086289514,0.030459153671750255
213,14.4,90.50971428571401,0.12866709131694629,0.66332495807108,4.086161098889373,0.030506484676217447
214,14.4,91.43188278388251,0.1281734138292035,0.66332495807108,4.2046060430361525,0.030584704878963302
215,14.4,91.66720879120851,0.12635673382148155,0.66332495807108,4.1102954204171755,0.03118964928513
216,14.4,92.00243223443195,0.12785814693138978,0.66332495807108,3.929508423184644,0.03137667923889639
217,14.4,92.22778021977993,0.12987971049159305,0.66332495807108,4.158239570609657,0.03147120947679225
218,14.4,92.85745054945025,0.1311730148549407,0.66332495807108,4.339897425138331,0.031551201219439426
219,14.4,93.12536263736236,0.12921027846078484,0.66332495807108,4.333915991506797,0.03260535690117493
220,14.4,93.64639560439531,0.1296967740056674,0.66332495807108,4.11614919877743,0.03197238121779483
221,14.4,94.1390476190473,0.12969740653480744,0.66332495807108,4.320327316062235,0.03199050135192754
222,14.4,94.75196336996305,0.13121500646377596,0.66332495807108,4.363632428882951,0.031157516796315624
223,14.4,94.76575824175792,0.13087755815126229,0.66332495807108,4.469022327266507,0.03244357605008395
224,14.3,96.07885714285679,0.12387826305462242,0.9,4.287717411238647,0.03489888593383392
225,14.3,96.55809523809491,0.1243596613483234,0.9,4.3471993329977385,0.03434856711539196
226,14.3,97.21699999999964,0.12588075188356196,0.9,4.491356809324075,0.03370866165044544
227,14.3,97.23238095238062,0.12545339859858243,0.9,4.48358827386318,0.034409757041632426
228,14.3,97.5921428571425,0.12668520931600735,0.9,4.421588879571939,0.03578004923492366
229,14.3,98.24980952380915,0.1255634884024948,0.9,4.592637330640556,0.035452814455707866
230,14.3,99.0491904761901,0.12584624781155823,0.9,4.660512385336735,0.033875903612273606
231,14.3,99.21047619047582,0.12476863012670832,0.9,4.664305408451533,0.03479544411005993
232,14.3,99.5114285714282,0.126287124733377,0.9,4.413859310581279,0.03527250434126814
233,14.3,99.80404761904724,0.12757159581934766,0.9,4.599777216580864,0.03533687740712489
234,14.3,100.58214285714246,0.12810337737194186,0.9,4.873088183761045,0.03455252109454633
235,14.3,100.8447619047615,0.12667493178019254,0.9,4.777023048546946,0.03512123476095102
236,14.3,101.24885714285674,0.12732770006823133,0.9,4.617877849914854,0.03609364328999703
237,14.3,101.59076190476148,0.12838031561470692,0.9,4.747030885858242,0.036113760842743765
238,14.3,102.16304761904722,0.1300097340491047,0.9,5.028800784812704,0.035751842658886354
239,14.3,102.42228571428532,0.12855572296556766,0.9,5.0831828049531085,0.03665669086861061
240,14.3,103.0784761904758,0.12750133812281708,0.9,4.692487365779913,0.03603136214321915
241,14.3,103.43771428571385,0.12823099860309126,0.9,4.8021152595482235,0.03602067471969948
242,14.3,103.91071428571385,0.13035637931351038,0.9,4.969238904981734,0.03514786031104807
243,14.3,103.93242857142813,0.13014072568481716,0.9,5.037685753680351,0.03621891427811462
244,14.3,104.53895238095193,0.12972704738804147,0.9,4.952529145218619,0.03705559312640953
245,14.3,105.11780952380907,0.12924076695932601,0.9,5.029113229289574,0.0372642883328325
246,14.3,105.72423809523767,0.13035679515889886,0.9,5.13530632836711,0.036821679668101966
247,14.3,105.68942857142811,0.1304810613856972,0.9,5.1803363332969585,0.03712852729731127
248,14.3,106.09985714285668,0.13125259739048978,0.9,5.007070565562819,0.03783099273496759
249,14.3,106.57961904761859,0.13148351506567074,0.9,5.2076216288703145,0.0379873812773375
250,14.3,107.33004761904715,0.13179077226140865,0.9,5.190027820083635,0.036354688890404066
251,14.3,107.42504761904715,0.1311645145195363,0.9,5.20015846697311,0.037020524198783857
252,14.3,107.64733333333285,0.133101750413146,0.9,5.017832473305407,0.03763819175909925
253,14.3,108.12404761904713,0.13285923412501038,0.9,5.230873399277967,0.038402623324136374
254,14.3,108.89728571428523,0.13270116878878604,0.9,5.419760042089656,0.037568070900289435
255,14.3,109.13504761904713,0.13148828545971458,0.9,5.368011236474833,0.03772941094632993
256,14.3,109.5022857142852,0.1326833140582658,0.9,5.134090786063871,0.03848248311964082
257,14.3,109.7747619047614,0.13386034456816825,0.9,5.24114197540466,0.03777749294466786
258,14.3,110.30657142857092,0.13526148740126448,0.9,5.509954816248219,0.03787645535253377
259,14.3,110.50438095238044,0.13422510968805457,0.9,5.621342698361816,0.03894373620321307
260,14.3,111.00895238095185,0.13458850221186136,0.9,5.2874429983042734,0.0389012905810072
261,14.3,111.57942857142805,0.1339097276098801,0.9,5.371202818626411,0.038820141251269175
262,14.3,112.01328571428519,0.1355678934635629,0.9,5.523564429907316,0.03838171431850846
263,14.3,111.98661904761852,0.13566012628324703,0.9,5.6982267140582135,0.03957765788812767
264,14.3,112.57799999999948,0.1353623499717612,0.9,5.441673836292377,0.03951088964300287
265,14.3,113.07104761904709,0.13569276698175278,0.9,5.495160157902332,0.03888544130174546
266,14.3,113.71042857142803,0.13659026891459963,0.9,5.643332029243868,0.038768343688208085
267,14.3,113.62266666666612,0.13716224915555808,0.9,5.710930742098218,0.03944088418583695
268,14.3,113.84090476190423,0.1385275473053827,0.9,5.587976347265243,0.040401198689948105
269,14.3,114.47323809523758,0.1377431020610763,0.9,5.831292197996262,0.04089616312374459
270,14.3,115.2623333333328,0.137539282686472,0.9,5.817619139021688,0.03958964980797777
271,14.3,115.35476190476133,0.1371875047184666,0.9,5.919052128106112,0.04019069861447093
272,14.3,115.60323809523751,0.13876698192089468,0.9,5.63554754536361,0.04029790675075508
273,14.3,115.85052380952325,0.1402069143331737,0.9,5.913535227477779,0.04074738496070282
274,14.2,117.49623809523753,0.13436119988099382,0.8717797887081348,6.5968663503204406,0.03826867207858474
275,14.2,117.7401904761899,0.13305387624858694,0.8717797887081348,6.464542028418369,0.03828940959562526
276,14.2,118.0421904761899,0.13439031952696173,0.8717797887081348,6.279822679732937,0.038960596073664006
277,14.2,118.41485714285655,0.13502466704852778,0.8717797887081348,6.493274039036936,0.03932636001072987
278,14.2,118.9062857142851,0.13656092687664806,0.8717797887081348,6.688648199012858,0.03925580166641522
279,14.2,119.19266666666609,0.13510814226102785,0.8717797887081348,6.768283202905925,0.03985458465057315
280,14.2,119.7547619047613,0.13504386414739727,0.8717797887081348,6.494008209910481,0.03946158930385607
281,14.2,120.05495238095178,0.13612668430677735,0.8717797887081348,6.634879032982607,0.03928300074759061
282,14.2,120.55690476190414,0.13791803561026303,0.8717797887081348,6.715425972917254,0.03838654789791176
283,14.2,120.59328571428512,0.13761974209405597,0.8717797887081348,6.805410500763305,0.039450546303564975
284,14.2,121.12123809523749,0.13765702911269578,0.8717797887081348,6.7014365813583225,0.03979452299938673
285,14.2,121.65438095238032,0.13729920107306878,0.8717797887081348,6.783778536928704,0.03990124205632297
286,14.2,122.19423809523747,0.13872835083407473,0.8717797887081348,6.866827058591682,0.03962142033139976
287,14.2,122.17276190476127,0.139016408741846,0.8717797887081348,6.90755537843322,0.04014270246917721
288,14.2,122.49871428571366,0.1399301287892561,0.8717797887081348,6.788156199054768,0.04044303229448147
289,14.2,122.96619047618984,0.14010119181762526,0.8717797887081348,7.007361328568328,0.040217125324143684
290,14.2,123.73052380952318,0.1404930461508049,0.8717797887081348,7.0395759201853645,0.03927694911977957
291,14.2,123.81838095238034,0.14008712781290514,0.8717797887081348,7.023980705581432,0.039727039119657775
292,14.2,124.06561904761843,0.14155182549564332,0.8717797887081348,6.916126049850032,0.04001994534509137
293,14.2,124.43261904761842,0.14145334265438397,0.8717797887081348,7.205333427902931,0.040696777594023154
294,14.2,125.13033333333269,0.1419909315315114,0.8717797887081348,7.316539093769461,0.04015604457696639
295,14.2,125.3240952380946,0.14114267282483556,0.8717797887081348,7.321318259176645,0.040558004431870874
296,14.2,125.79819047618984,0.14169498541450962,0.8717797887081348,7.070083802869037,0.040485902900851294
297,14.2,125.91380952380887,0.1434606991581377,0.8717797887081348,7.27158019301173,0.040645914987351935
298,14.2,126.3914285714279,0.14517249649994618,0.8717797887081348,7.420779698782842,0.04053458051500076
299,14.2,126.66704761904694,0.1441164716892068,0.8717797887081348,7.543821188994241,0.04137297524894769
300,14.2,127.17257142857075,0.14419210233656882,0.8717797887081348,7.296795628834535,0.04110000158007835
301,14.2,127.53580952380882,0.1440662149742534,0.8717797887081348,7.365866908906725,0.04114748293536099
302,14.2,127.92976190476125,0.14602668593085777,0.8717797887081348,7.44081661468842,0.0405446317059998
303,14.2,128.00090476190408,0.14554170182067863,0.8717797887081348,7.601694787909161,0.04121980242725959
304,14.2,128.65380952380883,0.14523927563018696,0.8717797887081348,7.4055872913126155,0.04100492299848726
305,14.2,129.07761904761838,0.14542632885578533,0.8717797887081348,7.520060443260681,0.04081455472464656
306,14.2,129.55604761904692,0.14723257235504442,0.8717797887081348,7.635277149201852,0.040816766360682336
307,14.2,129.48647619047549,0.14767349212116415,0.8717797887081348,7.702452332634531,0.0414593210749593
308,14.2,129.73109523809453,0.14912802265722389,0.8717797887081348,7.6489131563851664,0.04225434296520024
309,14.2,130.31542857142787,0.14811580539522323,0.8717797887081348,7.81471042402321,0.0424284085363814
310,14.2,131.02061904761834,0.14841809490733543,0.8717797887081348,7.757187769316568,0.041224736346676824
311,14.2,131.08590476190403,0.14795235731266432,0.8717797887081348,7.800376684898182,0.04133536774367366
312,14.2,131.4483809523802,0.14883261996482133,0.8717797887081348,7.644200846722513,0.04132783346595121
313,14.2,131.6886190476183,0.1498251406030336,0.8717797887081348,7.900544998136072,0.04194046796812558
314,14.2,132.33566666666593,0.1504802269227839,0.8717797887081348,8.10378216463654,0.04160986143897451
315,14.2,132.49514285714213,0.14992681362094032,0.8717797887081348,8.110263606889841,0.0419344179870877
316,14.2,132.84066666666592,0.15100464256021592,0.8717797887081348,8.000817997295615,0.042646551196045206
317,14.2,133.13095238095164,0.15120078801861556,0.8717797887081348,8.144539299933575,0.042649617499587913
318,14.2,133.63799999999924,0.15246927365918927,0.8717797887081348,8.244167709078862,0.04239104633574345
319,14.2,133.81276190476117,0.15169079364035581,0.8717797887081348,8.41296994805865,0.04273376957110105
320,14.2,134.365904761904,0.15151030835293758,0.8717797887081348,8.10081667504704,0.042478387605023996
321,14.2,134.74390476190402,0.1520511994050027,0.8717797887081348,8.29090114006221,0.04249646132654982
322,14.2,135.1711904761897,0.1535857215621475,0.8717797887081348,8.46697291548007,0.04220289051398095
323,14.2,135.14223809523733,0.15377770839035904,0.8717797887081348,8.610537572136728,0.042957406282319144
324,14.2,135.5731428571421,0.1541985448335657,0.8717797887081348,8.55849489597049,0.04339442913784425
325,14.2,136.11771428571353,0.15350034799038006,0.8717797887081348,8.679260490771417,0.04347238703599879
326,14.2,136.67757142857064,0.15474204601221253,0.8717797887081348,8.712042465497628,0.0432898521792464
327,14.2,136.58057142857064,0.1551419462451724,0.8717797887081348,8.819880575700191,0.043612025067873234
328,14.2,136.89328571428496,0.15597012058385878,0.8717797887081348,8.673365632995491,0.04398222603382666
329,14.2,137.3420952380945,0.1563072240068419,0.8717797887081348,8.990050926181004,0.0444210084591244
330,14.2,137.99385714285637,0.15700240872639315,0.8717797887081348,9.123307826076104,0.044075561363949335
331,14.2,138.17028571428494,0.15597291053195772,0.8717797887081348,9.104976624286158,0.04373701986926805
332,14.2,138.32457142857066,0.15765576265053477,0.8717797887081348,8.942929233443339,0.04400378395712502
333,14.2,138.64652380952302,0.15793932747999118,0.8717797887081348,9.138761195738887,0.044544860128414326
334,14.2,139.36652380952302,0.15858692967526358,0.8717797887081348,9.28746215063865,0.044612770299979815
335,14.2,139.55009523809446,0.15777073894164081,0.8717797887081348,9.329274969945503,0.04466566645062801
336,14.2,139.83114285714208,0.15897413191138607,0.8717797887081348,9.11516392295842,0.04487320125086003
337,14.2,139.97209523809443,0.16048049257010863,0.8717797887081348,9.330933151537268,0.04509576794515342
338,14.2,140.51371428571346,0.16163066328390602,0.8717797887081348,9.57703428547765,0.04504315729049521
339,14.2,140.6990476190468,0.16092834331936182,0.8717797887081348,9.686856195270211,0.04535164823098118
340,14.2,141.13438095238013,0.16129835470005546,0.8717797887081348,9.401490174254166,0.045188425957179375
341,14.2,141.5572380952373,0.1609891583618752,0.8717797887081348,9.489225506676103,0.045232950031653285
342,14.2,142.05795238095158,0.16256421513153535,0.8717797887081348,9.564578520240204,0.04492151785304985
343,14.2,142.01080952380872,0.16280519670385735,0.8717797887081348,9.782864203310153,0.04575429235042321
344,14.2,142.54676190476107,0.1626320092662931,0.8717797887081348,9.711625008637276,0.04609364792907397
345,14.2,142.96695238095154,0.16286469981930463,0.8717797887081348,9.819903505721276,0.04570930719026827
346,14.2,143.4310952380944,0.1645167077300881,0.8717797887081348,9.995688245155021,0.045818499381616216
347,14.2,143.3638095238087,0.16509969713678344,0.8717797887081348,10.066763751390155,0.045998086289270906
348,14.2,143.61738095238013,0.16621514398124518,0.8717797887081348,9.93872110939071,0.04656631833618289
349,14.2,144.0900952380944,0.16586489684568867,0.8717797887081348,10.127591240994583,0.046746538056717975
350,14.2,144.83623809523726,0.16624242433103725,0.8717797887081348,10.17321262767075,0.04639682457870961
351,14.2,144.9286666666658,0.16586558113376604,0.8717797887081348,10.25983650751788,0.04652330644124029
352,14.2,145.19542857142773,0.1668466530116565,0.8717797887081348,9.988031802284457,0.04608490962794376
353,14.2,145.36271428571342,0.1681271515878127,0.8717797887081348,10.257354921206094,0.04662048259067068
354,14.2,145.9959523809515,0.1686548706811734,0.8717797887081348,10.566021266690795,0.04678587160616077
355,14.2,146.20123809523722,0.16824149998355636,0.8717797887081348,10.623590709150768,0.04688618757968134
356,14.2,146.46895238095152,0.16959597681301986,0.8717797887081348,10.365412555766707,0.04714259695030303
357,14.2,146.7361904761896,0.16991756887960016,0.8717797887081348,10.490188587372412,0.04719656608260931
358,14.2,147.2414285714277,0.17116093328578147,0.8717797887081348,10.63954644362607,0.04731780136736886
359,14.2,147.42057142857058,0.17048892774797078,0.8717797887081348,10.815253377268201,0.047493964355520876
360,14.2,147.91409523809438,0.1705748582245017,0.8717797887081348,10.601168076658734,0.04732083315111505
361,14.2,148.2342857142848,0.17110610418322095,0.8717797887081348,10.709260002255863,0.04715068402910408
362,14.2,148.60776190476102,0.17259068196559618,0.8717797887081348,10.946063358158273,0.04712807186357785
363,14.2,148.57214285714196,0.1728966547629454,0.8717797887081348,11.108004413581812,0.04762820393238341
364,14.2,149.086761904761,0.1732676243448795,0.8717797887081348,11.04247924321045,0.04837814587066031
365,14.2,149.5802857142848,0.17279181972581187,0.8717797887081348,11.069424777603782,0.048119521481925116
366,14.2,150.07871428571337,0.1741363328337417,0.8717797887081348,11.129400283027964,0.04780881576175604
367,14.2,150.01190476190385,0.17451170005324768,0.8717797887081348,11.303779973000337,0.048278454199248845
368,14.2,150.3446190476181,0.17522123783343238,0.8717797887081348,11.237087808053058,0.048708183516362774
369,14.2,150.79523809523715,0.17535907921146715,0.8717797887081348,11.448117713566385,0.04899122395107871
370,14.2,151.43109523809431,0.17566828669644122,0.8717797887081348,11.532494641461046,0.04850064760501748
371,14.2,151.4825714285705,0.17562567818574318,0.8717797887081348,11.590840805392968,0.04847913774035425
372,14.2,151.70752380952288,0.1770872156216417,0.8717797887081348,11.464696156031014,0.048894735633167416
373,14.2,151.98595238095146,0.17736076155034458,0.8717797887081348,11.654456318285673,0.049222882658989414
374,14.2,152.67347619047527,0.17783925573431564,0.8717797887081348,11.80071939859015,0.04932283346577478
375,14.2,152.83523809523714,0.17735807409353,0.8717797887081348,11.88807745890533,0.049536276382241805
376,14.2,153.1616190476181,0.17819393801991368,0.8717797887081348,11.750858318049929,0.04955194813109652
377,14.2,153.32971428571332,0.17954759406885462,0.8717797887081348,11.976018295079571,0.04979186518154748
378,14.2,153.76333333333238,0.1806313393663299,0.8717797887081348,12.140661562476822,0.049741564069542527
379,14.2,153.94247619047525,0.1801503815453349,0.8717797887081348,12.344623015948873,0.05025249113483692
380,14.2,154.39828571428478,0.18063624071848844,0.8717797887081348,12.208572727238842,0.05067513955688019
381,14.2,154.7891428571419,0.18054961496229288,0.8717797887081348,12.273161347810376,0.05036069688906419
382,14.2,155.20309523809425,0.18203289875790707,0.8717797887081348,12.305959994838142,0.05004736857460015
383,14.2,155.19871428571332,0.1819299508018647,0.8717797887081348,12.490222803104865,0.05063362917397592
384,14.2,155.78580952380855,0.18182770094010553,0.8717797887081348,12.457909656391058,0.0512894364731859
385,14.2,156.14152380952285,0.18252960911135127,0.8717797887081348,12.634628082917589,0.05140976439443553
386,14.2,156.54880952380853,0.18386877815608627,0.8717797887081348,12.744386251144702,0.05100263170465179
387,14.2,156.47619047618952,0.1842234307861595,0.8717797887081348,12.842427748529062,0.05112125758047803
388,14.2,156.73461904761808,0.1851952579665171,0.8717797887081348,12.807857147814373,0.05190164637569805
389,14.2,157.2856190476181,0.18468884349450304,0.8717797887081348,13.065083101668884,0.05222937708062272
390,14.2,157.96061904761808,0.18523745611357284,0.8717797887081348,13.053765639534086,0.05180177828156293
391,14.2,158.00904761904664,0.18497873568363246,0.8717797887081348,13.057035526285926,0.05167649045109622
392,14.2,158.2852380952371,0.18557917897807988,0.8717797887081348,12.848342485544554,0.051784772560868705
393,14.2,158.484999999999,0.1866699329093988,0.8717797887081348,13.108769267632152,0.052290829906417736
394,14.1,160.16214285714187,0.1819068356148155,0.8306623862918074,12.793834188935216,0.04664075270122574
395,14.1,160.29638095237996,0.18169608435660375,0.8306623862918074,12.884955003850289,0.046761993451737385
396,14.1,160.50666666666567,0.18285913931220998,0.8306623862918074,12.690128704257157,0.04751971643321308
397,14.1,160.75523809523708,0.18333504910899928,0.8306623862918074,12.830984628258719,0.047367933500132894
398,14.1,161.28228571428468,0.18433046763801422,0.8306623862918074,12.940608229579981,0.04751402965303083
399,14.1,161.43047619047516,0.18386061098857703,0.8306623862918074,13.202011260228188,0.04821109781099072
400,14.1,161.9359047619037,0.18364565935996416,0.8306623862918074,12.954481034579606,0.04811022235120088
