timestep,AgentsAlive,AvgEnergy,CommunityPool,GiniEnergy,AgentsAlive_std,AvgEnergy_std,CommunityPool_std,GiniEnergy_std
0,15.0,10.0,0.0,0.0,0.0,0.0,0.0,0.0
1,15.0,9.599999999999998,0.0,0.0,0.0,1.7763568394002505e-15,0.0,0.0
2,15.0,9.200000000000001,0.0,0.0,0.0,1.7763568394002505e-15,0.0,0.0
3,15.0,8.799999999999999,0.0,2.220446049250313e-16,0.0,0.0,0.0,0.0
4,15.0,8.013333333333332,0.0,0.035985324477827096,0.0,0.23437861108329253,0.0,0.017323062593771622
5,15.0,7.159999999999998,0.0,0.06525474525474546,0.0,0.20698899595013356,0.0,0.007281160221704712
6,15.0,6.266666666666665,0.0,0.0652709864603482,0.0,0.2529822128134704,0.0,0.014405664908157877
7,15.0,5.45333333333333,0.0,0.03586060016746369,0.0,0.20176994600562068,0.0,0.02664011087422795
8,15.0,4.959999999999996,0.0,0.04438399533136406,0.0,0.22939534045447035,0.0,0.022038365822847687
9,15.0,4.886666666666665,0.0,0.09477245481841337,0.0,0.26170381901854023,0.0,0.027275465974918662
10,15.0,5.006666666666662,0.0,0.14165326441033216,0.0,0.30177254127350084,0.0,0.017079093589486873
11,15.0,5.01333333333333,0.0,0.15767482937634367,0.0,0.19275776393067945,0.0,0.016656182536252378
12,15.0,5.039999999999997,0.0,0.14021569092428537,0.0,0.25681813712344304,0.0,0.024837141629550072
13,15.0,4.979999999999996,0.0,0.14740956362257765,0.0,0.266749986983234,0.0,0.039282137182710286
14,15.0,5.133333333333328,0.0,0.17177624073518502,0.0,0.37357135269658404,0.0,0.03854886460000177
15,15.0,5.439999999999996,0.0,0.2042273277246517,0.0,0.22548712700383672,0.0,0.034749862439214
16,15.0,5.4599999999999955,0.0,0.20597885909381874,0.0,0.339214779552228,0.0,0.046278457989644986
17,15.0,5.401333333333328,0.2799999999999976,0.21455689888140822,0.0,0.3899378867916728,0.5599999999999951,0.049741578976987756
18,15.0,5.139999999999995,0.399999999999995,0.23584666269646543,0.0,0.4509742540076741,0.6082762530298158,0.05105500351819163
19,15.0,5.279999999999995,0.399999999999995,0.2583809998967618,0.0,0.3909532509705533,0.6082762530298158,0.07547242852860378
20,13.9,5.884743589743584,1.8388068845354155e-17,0.22194228681006778,1.374772708486752,0.7999737935385477,5.78066503452101e-17,0.04761734613115898
21,13.4,6.044512175455565,1.8388068845354155e-17,0.1971412650686557,1.2,0.6875769864783692,5.78066503452101e-17,0.026821131600759492
22,13.4,5.9585744465178365,0.27,0.2032407838849804,1.2,0.6810537199143413,0.5762811813689566,0.043060685870889445
23,13.4,5.81766602160941,0.63,0.209977355544195,1.2,0.6033604853144776,0.9044888059008803,0.058375659215622204
24,13.4,5.992035984979376,1.68599999999999,0.22637108316192572,1.2,0.6546524800818267,0.8495669485096453,0.062162130788223004
25,13.2,6.282742267826962,1.0139999999999814,0.22428973544602693,0.9797958971132712,1.0063405112968251,0.8193680491695874,0.07411703479851166
26,13.2,6.285266077350773,1.1339999999999704,0.23448779033659184,0.9797958971132712,1.03034683764106,0.8074676464106639,0.08203532365283793
27,13.2,6.19934739603209,1.4027999999999703,0.23966444039751839,0.9797958971132712,0.9677935749432207,0.7789265433915992,0.08777542256580798
28,13.2,6.0431734033580975,1.8294666666666353,0.24764233640180583,0.9797958971132712,0.9455847058384821,0.7383340887881723,0.09382120830658895
29,12.6,6.407385790636228,2.8194666666666355,0.21982210821389786,1.42828568570857,0.8822191144400499,1.1657157572352903,0.07660167833809214
30,12.6,6.683548228198663,1.5915,0.19869976821878754,1.42828568570857,1.2119261534684806,1.6667484063289217,0.0838264231576804
31,12.5,6.741563786726469,2.6580499999999994,0.19727990852218308,1.4317821063276353,1.194556942062625,1.6669348285101007,0.09116784525410318
32,12.1,6.717350021756737,3.298049999999995,0.1885866428404624,1.2206555615733703,1.0858052630535837,1.7016837903970283,0.08508715306877959
33,11.8,6.845151247567618,3.717299999999993,0.16023609707497627,1.4000000000000001,0.803025037872782,1.6777210316378572,0.06686424333032877
34,11.8,6.844588477004848,4.617299999999993,0.1915392977645794,1.4000000000000001,0.85012215611852,2.222025620914395,0.06445731371890753
35,11.8,7.146470879032644,2.158210526315785,0.16529365210779648,1.4000000000000001,1.070277200813635,3.1072261074956304,0.06467584903317541
36,11.8,7.166429918255751,3.297072185508609,0.17509023180532735,1.4000000000000001,1.085166377479513,2.802908153426549,0.07737098675708376
37,11.8,7.0211309463942815,3.8408221855086078,0.17367786060698007,1.4000000000000001,1.0812501411644906,2.7217677092615475,0.07339060647894337
38,11.7,7.041824001953533,4.290822185508608,0.16463430509251883,1.4866068747318506,0.8826656660105846,2.8006748287191603,0.08590659859261696
39,11.5,7.253266588845092,6.340909919645481,0.16948127862589435,1.4317821063276353,0.8743544244248236,3.599976361836863,0.06949777748710892
40,11.5,7.803418920244044,1.68367260646665,0.1367179104652087,1.4317821063276353,1.1813432367384344,1.2596525200834923,0.06311700367174547
41,11.5,7.696226357144511,2.720333680011357,0.14722835420540636,1.4317821063276353,1.153375033565294,1.2480925294083618,0.0664789888754623
42,11.5,7.590073509991662,3.3203336800113563,0.14359436363346578,1.4317821063276353,1.1291618509820094,1.44479149653605,0.07297939441219364
43,11.5,7.591453654665512,3.989976681872714,0.1462712166266573,1.4317821063276353,1.0772060363696787,1.5115120389720036,0.08439121584840527
44,11.5,7.636385722597579,6.0599766818727145,0.16349498304304888,1.4317821063276353,1.2141017119386366,2.236457379891749,0.0922588862406566
45,11.5,8.047238126826784,2.931394736079795,0.13642019255472626,1.4317821063276353,1.2906297826565232,3.549197502650068,0.07790910044260071
46,11.4,8.046934225795699,4.031436482717693,0.12860249499175364,1.5620499351813308,1.0949640310613409,3.402996378398016,0.05901354655640038
47,11.4,7.983255143653021,4.840625112364947,0.12343501855485764,1.5620499351813308,1.1394091889043003,3.3797213693785695,0.060337473504458665
48,11.4,8.072916405355324,5.958730200600661,0.12299770512940952,1.5620499351813308,1.0068626233073437,3.2916272850670385,0.06765426608332022
49,11.4,8.128503484942403,7.938730200600659,0.1312845685680313,1.5620499351813308,1.1060883971020856,4.044845882437265,0.07320201190692739
50,11.4,8.480736044191001,6.035461492894362,0.10531722280777452,1.5620499351813308,1.1639873628235895,6.762520076081464,0.07220828757210157
51,11.4,8.367013426981993,7.365113044145692,0.11489521330159033,1.5620499351813308,1.178056064858878,6.634960611262863,0.0756830159609752
52,11.4,8.361345479258489,8.57690594962087,0.11473622245948076,1.5620499351813308,1.1442745954733662,6.867360078669748,0.07803847005454559
53,11.4,8.353434858080892,9.693787354405071,0.11438572381682022,1.5620499351813308,1.0756211455715177,6.682415118215387,0.0789052370627101
54,11.4,8.274919443710344,11.698180381914804,0.12689555722062498,1.5620499351813308,1.0344618422014344,7.483554181835465,0.08282779719035022
55,11.4,9.097862323715084,4.453990755826847,0.11284121267781863,1.5620499351813308,1.3473271155995583,6.162041787976443,0.061296209584456474
56,11.4,9.120002401885051,6.394487639965051,0.11579878717190546,1.5620499351813308,1.2703547212398514,6.243289026234467,0.06698378937188332
57,11.4,9.029999987081906,8.092544589630759,0.11429989107101705,1.5620499351813308,1.3244222543471098,6.439211046112458,0.06709542256220408
58,11.4,8.961180735218512,9.460849625759659,0.1203088526382337,1.5620499351813308,1.2244455107276,6.144685159705174,0.08020815927631236
59,11.4,8.96925116478894,11.400849625759658,0.12206001223035401,1.5620499351813308,1.2674366959831584,6.727694676365351,0.07995927591017833
60,11.4,9.391684165267304,11.399046377116672,0.09758939102438773,1.5620499351813308,1.1865642814786013,9.964265848371923,0.060788208932629775
61,11.4,9.336435580518721,12.88904637711667,0.09566305734269413,1.5620499351813308,1.0980573719686275,9.996351875751207,0.05638991739572666
62,11.4,9.096277904861044,14.48904637711667,0.08633876128136622,1.5620499351813308,0.9614471122845667,10.072019602243127,0.0552234188086002
63,11.4,9.023262004711707,15.856271310209689,0.0871858458111966,1.5620499351813308,0.860438553468796,9.608275308052017,0.06050662646917035
64,11.4,9.024647452597156,18.346271310209687,0.09358272220141832,1.5620499351813308,0.9258988444585049,10.220949113884032,0.06313470239404684
65,11.4,9.272502957586097,17.619046377116668,0.08453144164811195,1.5620499351813308,0.8203394180954598,13.717226874781364,0.042118968005054075
66,11.4,9.25436059994374,19.339046377116663,0.08408774855628665,1.5620499351813308,0.7437846169947546,13.554691161585525,0.03835829848742067
67,11.4,9.173438979844192,20.827439057610942,0.08362207122075624,1.5620499351813308,0.8041867245439634,13.631239382617078,0.03786726198517944
68,11.4,9.15859981900503,22.867439057610937,0.09336813413740119,1.5620499351813308,0.682790035782178,13.386728826652176,0.0470006891533602
69,11.4,9.209503884952943,24.86096939152739,0.09179548305905809,1.5620499351813308,0.6690633613148435,14.263818118384343,0.03780532452303512
70,11.4,10.074632687714601,16.452544589630758,0.09906663530402553,1.5620499351813308,1.3552305052420965,16.863599001686158,0.06718841388040164
71,11.4,9.999376441496432,18.107298314851427,0.10042951993143619,1.5620499351813308,1.2976963320789556,16.650334038522477,0.07029918714908981
72,11.4,9.904163543283532,20.307298314851423,0.10282468877836697,1.5620499351813308,1.3541504696645443,16.75251830940128,0.07453688185089481
73,11.4,9.857276985396975,21.84729831485142,0.10198282425386755,1.5620499351813308,1.2385244718990711,16.790393715139196,0.07367849291921864
74,11.4,9.87539903001902,24.15729831485142,0.10388078019821574,1.5620499351813308,1.3050396000203575,16.74940882644906,0.07019025917092404
75,11.4,10.38479929888121,20.322544589630773,0.10868171203413948,1.5620499351813308,1.5215522357138247,18.703856171808038,0.0767844913807711
76,11.4,10.424623112895757,22.79088804836426,0.11209493870404767,1.5620499351813308,1.3806461357435285,18.954796562571957,0.08025440404252443
77,11.4,10.368069888342534,24.440888048364254,0.10804281425964765,1.5620499351813308,1.297179108495594,19.849613398776,0.0830040572082769
78,11.4,10.202899392172037,26.120888048364254,0.10355967634875055,1.5620499351813308,1.278549688770216,19.287023986685554,0.08382969491995709
79,11.4,10.213497294269938,28.24088804836425,0.1017752803392404,1.5620499351813308,1.4228727324373411,18.855979235097433,0.08081428085135026
80,11.4,10.633727665439995,26.785458879719158,0.10928128466171175,1.5620499351813308,1.4182161023702506,22.601599337909168,0.07820600696674081
81,11.4,10.475360215938288,28.678528662497264,0.11659353769496508,1.5620499351813308,1.3951160640931262,23.053336737466676,0.07653365333196407
82,11.4,10.391432144010217,30.46852866249726,0.11585461076061258,1.5620499351813308,1.3536100414529484,23.194479036108955,0.0812606020752963
83,11.4,10.158687000265072,31.77852866249726,0.11767524894812198,1.5620499351813308,1.1490424803212749,22.6833461992659,0.07410938631708729
84,11.4,10.22239235047042,34.64852866249726,0.1200830216911483,1.5620499351813308,1.345445231738972,22.36041405999612,0.06744958746383398
85,11.4,10.884772397720047,28.54561437240888,0.11973734627207158,1.5620499351813308,1.2755734156398002,29.345979682285634,0.0665613117562013
86,11.4,10.836831505279154,30.49561437240888,0.11806320373579501,1.5620499351813308,1.1973021573033202,29.123646789272897,0.07009639648011376
87,11.4,10.714994675442323,32.005614372408886,0.11582833335590488,1.5620499351813308,1.2246020778991655,29.326379635519462,0.0717007296687995
88,11.4,10.651157845605495,34.06561437240888,0.1223647839560205,1.5620499351813308,1.1668004335044075,29.32847657199252,0.06828645207608065
89,11.4,10.687898615465844,36.40820008232047,0.12101478388484081,1.5620499351813308,1.2173422263299507,29.457109727269685,0.06288200351313622
90,11.4,11.48676976548439,31.268732967624693,0.13892496293058482,1.5620499351813308,1.96180202798488,31.05175172758574,0.09890918717433314
91,11.4,11.305172786868955,32.938920460478286,0.1323032969628696,1.5620499351813308,1.6750344073985557,30.943966177022503,0.09435553947393802
92,11.4,11.220857324553496,35.28892046047828,0.12602737726555768,1.5620499351813308,1.5210799787625333,32.04113297831737,0.09295863791164655
93,11.4,11.01426991196608,36.64892046047829,0.1208881682110117,1.5620499351813308,1.717206884393614,31.650971748260453,0.08857672385175178
94,11.4,11.047391956588127,39.04892046047829,0.11736668563440919,1.5620499351813308,1.7747916214792423,31.259609582083417,0.08519449313279294
95,11.4,11.112115066811235,40.27892046047828,0.11212139160471268,1.5620499351813308,1.6461679405617393,33.02508563637072,0.08677143113231198
96,11.4,11.122932083128251,42.79892046047829,0.11487128502368693,1.5620499351813308,1.578974797335695,33.40427707253699,0.08718253596775437
97,11.4,10.861111266308658,44.56542224796419,0.11010095823544382,1.5620499351813308,1.3135979890479852,34.19419319798286,0.07845836961517166
98,11.4,10.671214940412327,45.9754222479642,0.11657815212259708,1.5620499351813308,1.468249640856465,33.504376275698135,0.07243865406413534
99,11.4,10.665146175843564,48.095422247964194,0.11671280856085968,1.5620499351813308,1.5199622976979683,33.27383575378732,0.0703180674076
100,11.4,11.516719697051345,42.89235246518609,0.1437507964781511,1.5620499351813308,1.413679354752793,40.60963159330494,0.08690353896252428
101,11.4,11.268375874207521,44.8523524651861,0.13108481848905743,1.5620499351813308,1.2929015417254432,40.59989822655525,0.08247690392245974
102,11.4,10.947121794953441,46.73235246518611,0.12154708837564128,1.5620499351813308,1.296904600606374,41.12211293444701,0.08361955914097552
103,11.4,10.774383866215512,47.8623524651861,0.12113508906879648,1.5620499351813308,1.5298519210561667,40.46007749993785,0.07969892638119076
104,11.4,10.867050255381901,50.82235246518611,0.12514154360449947,1.5620499351813308,1.5113387849789568,40.89367347772549,0.07617830663009799
105,11.4,11.552007380337804,44.61585067770021,0.13563284815883794,1.5620499351813308,1.672092905276334,46.04717631591208,0.09578481000057695
106,11.4,11.5029553767858,46.57585067770022,0.13527073270994258,1.5620499351813308,1.6695241930086775,45.703881680491094,0.09707580759828653
107,11.4,11.405514151344573,48.17585067770021,0.13191072745175628,1.5620499351813308,1.6560939181463286,46.13814201408254,0.09734374583782993
108,11.4,11.23465351198394,50.335850677700186,0.12684639627623823,1.5620499351813308,1.7076126449743547,45.91251769357028,0.08728758890606274
109,11.4,11.285600800806225,52.735850677700185,0.12715950927036818,1.5620499351813308,1.7417422786579773,45.95867005652898,0.08233374632416751
110,11.4,11.362014720220142,54.0958506777002,0.11876709508238543,1.5620499351813308,1.4889830360450238,47.64783361613267,0.08749486499800595
111,11.4,11.160236553941976,55.68585067770018,0.11243752835084467,1.5620499351813308,1.4191973690338615,47.49353884274992,0.08502197795483343
112,11.4,11.0835001792056,58.1258506777002,0.11767529013772784,1.5620499351813308,1.4695646158731943,48.23135023440244,0.08754175683189122
113,11.4,10.835895728101152,59.35585067770019,0.12436333987771611,1.5620499351813308,1.6215604599117008,47.879435561281554,0.08111875956864575
114,11.4,10.80196149566692,61.8458506777002,0.1213314449001085,1.5620499351813308,1.6587577808965694,47.50433227094516,0.06960284016870717
115,11.4,11.490942181647606,56.19585067770021,0.13131976892481353,1.5620499351813308,1.5483054308965118,54.3584400618293,0.08958341186622729
116,11.4,11.277792514231349,60.01226197654396,0.11735455488111697,1.5620499351813308,1.66730337017489,53.259363510493614,0.09447478203872045
117,11.4,11.214694723133558,61.892261976543956,0.11452765378751484,1.5620499351813308,1.733870056102697,53.83955917020444,0.09177808470172712
118,11.4,11.020598284457884,63.14101305040432,0.11865572458085918,1.5620499351813308,1.8181311680927994,53.22358998177641,0.09076754487500786
119,11.4,11.052624757984358,65.26101305040433,0.12020158406216172,1.5620499351813308,1.7718974159086682,53.18600806795393,0.0879234988686659
120,11.4,12.717192562818749,48.094601751560596,0.17852921699736685,1.5620499351813308,2.8626747876515504,58.88040116435762,0.1216479111274855
121,11.4,12.486626517752702,49.96460175156061,0.17226200952308607,1.5620499351813308,2.6645827198675547,59.373470166522765,0.12301604286505721
122,11.4,12.410876101502286,51.85460175156061,0.17042163936783225,1.5620499351813308,2.6747538016370034,59.75153436744428,0.12345780873130222
123,11.4,12.211742068868253,52.904601751560584,0.17273304626175784,1.5620499351813308,2.6396409189144485,59.34342811112243,0.12457890878921939
124,11.4,12.368434432060615,55.954601751560595,0.17023769601824598,1.5620499351813308,2.707001787226544,59.205301816312364,0.11937012144087737
125,11.4,13.021538751744169,51.465850677700246,0.19643343522814788,1.5620499351813308,2.4430593709761927,63.80729280381649,0.11450854172722805
126,11.4,12.7585705695094,53.76226197654398,0.18804093064429286,1.5620499351813308,2.2468999116718074,63.57580767795535,0.11186395393641389
127,11.4,12.512564396618247,55.37361277451456,0.18299213228013653,1.5620499351813308,2.1386584758341063,64.13894660629128,0.12012061787287419
128,11.4,12.415953396507245,57.26361277451455,0.1842864128625083,1.5620499351813308,2.1682272381753376,64.07464289060476,0.12190454888163658
129,11.4,12.487792178841497,59.92718531413696,0.18180181297012207,1.5620499351813308,2.2302735201644435,63.81970837493874,0.11908170955455773
130,11.4,12.598222555542995,58.37720147567076,0.17158146084965475,1.5620499351813308,2.1355709036002803,67.30792620692328,0.11650137492041955
131,11.4,12.467985736806181,60.13720147567072,0.16758395899458026,1.5620499351813308,1.9938871659092623,67.38196238942704,0.11259203681142277
132,11.4,12.47984243566288,62.59720147567073,0.1618573967438345,1.5620499351813308,1.9720776211698192,68.32347468905884,0.11621181058859158
133,11.4,12.240809413129856,63.927201475670735,0.16096811727522534,1.5620499351813308,1.8364084402347418,68.14617696218656,0.11548807297485415
134,11.4,12.281673160493606,66.45720147567073,0.15851766075238574,1.5620499351813308,1.925701963185865,67.63601006879345,0.11370589790684285
135,11.4,12.391954601275042,66.51720147567075,0.15368311655641104,1.5620499351813308,2.0113844528484806,70.08097866782877,0.10491801548044617
136,11.4,12.209886835707277,69.11720147567073,0.16854813351644063,1.5620499351813308,2.0347889009199007,70.59174425611484,0.10250679473606433
137,11.4,12.149662670983112,71.04720147567073,0.16524022446805603,1.5620499351813308,2.0359134758359256,71.4216888996702,0.10477773266134402
138,11.4,11.882575868896312,72.33720147567074,0.16020854182114402,1.5620499351813308,1.9245715339385319,70.91372066064123,0.10300212529215898
139,11.4,11.919486902307344,74.72720147567074,0.1594195401309543,1.5620499351813308,1.970625181115854,70.37284147888963,0.09813515564438066
140,11.4,12.340326755376074,72.81718531413694,0.13818797517368894,1.5620499351813308,1.81863312348512,75.36696151637905,0.09322351555990654
141,11.4,12.223816765366085,74.86718531413695,0.14415265654169604,1.5620499351813308,1.7265540503794283,75.72574106658038,0.09450849731347301
142,11.4,12.154630451679772,76.65718531413694,0.1380266921638937,1.5620499351813308,1.7288713794641801,76.33099029813665,0.09636763004145539
143,11.4,11.810632782682102,77.96718531413691,0.13225790365983808,1.5620499351813308,1.4453357797109427,75.66095434027963,0.08645579461846599
144,11.4,11.898910060959386,81.20718531413688,0.13225825254714063,1.5620499351813308,1.5448203318778913,75.63653743662636,0.08339649449411494
145,11.4,11.999656338438687,82.81406671892107,0.12533203862012468,1.5620499351813308,1.419912313258876,77.39957600841761,0.08195144586346453
146,11.4,11.951922294704643,84.73406671892107,0.12417679433047824,1.5620499351813308,1.324489091239165,77.49235197313506,0.08062236441495524
147,11.4,11.856521362303711,86.39406671892105,0.12204302160057837,1.5620499351813308,1.2925277148489334,78.08295403482889,0.08180137255743118
148,11.4,11.774033017315366,88.50406671892105,0.12499317258757225,1.5620499351813308,1.2879241701594646,77.95614205798888,0.08271600899383891
149,11.4,11.814260567542915,91.18406671892109,0.12481558102637207,1.5620499351813308,1.3517775861714676,77.74673109119165,0.08153571463730283
150,11.4,11.694448963032041,92.66800976925535,0.11712207039452753,1.5620499351813308,1.3350356640122976,79.34395057330401,0.08653676083376247
151,11.4,11.58972107980416,94.31800976925534,0.1204972525290311,1.5620499351813308,1.2213439603519114,79.51930974346459,0.08576663079597957
152,11.4,11.458081619688661,96.97190242790839,0.11209187745863947,1.5620499351813308,1.1242243850491178,80.56944910859357,0.08485464810907047
153,11.4,11.365876879983922,98.55190242790837,0.1122544395731943,1.5620499351813308,1.132718191956241,80.22764630213774,0.08122042785398546
154,11.4,11.42642799553504,101.18190242790835,0.10887880541454358,1.5620499351813308,1.200421924305695,79.67541175275123,0.07885601841598058
155,11.4,11.762256333863373,99.26190242790838,0.10367071049440953,1.5620499351813308,1.6045746278253814,84.5915550975909,0.08476911772804424
156,11.4,11.631446865553908,102.20190242790837,0.10189336556203224,1.5620499351813308,1.4815892575665395,84.8940996421855,0.08028377755337111
157,11.4,11.56646512507217,104.18390242790835,0.10086690194295658,1.5620499351813308,1.4118731634317347,85.80010311510696,0.08194000915610677
158,11.4,11.385186571584311,105.73762335814095,0.09647933569521547,1.5620499351813308,1.5228590741656554,85.07679382528629,0.07949383615073476
159,11.4,11.37457718097492,107.99762335814096,0.09660718934325252,1.5620499351813308,1.6432326058332893,84.65245106323658,0.07586155528120514
160,11.4,11.559248898146638,109.94762335814093,0.09612133351773855,1.5620499351813308,1.5444820140815398,87.08999902654644,0.07293915461830565
161,11.4,11.321076514974253,111.85762335814093,0.09472787941456254,1.5620499351813308,1.2456325077828931,87.47964259053386,0.06908709479663624
162,11.4,11.244166362849155,113.83831076331043,0.09445626804871236,1.5620499351813308,1.2524207574704165,87.97001734976506,0.07082867867896996
163,11.4,11.044042042724836,115.10831076331047,0.08759846827511306,1.5620499351813308,1.1668384238661849,87.43724435808045,0.06470887207996534
164,11.4,11.145506134188926,118.34831076331045,0.08750046951746733,1.5620499351813308,1.257182049832833,87.4697045373299,0.0626863803842435
165,11.4,11.276895029029198,119.8115740832545,0.08551706527851148,1.5620499351813308,1.1572094354328206,89.64535911802867,0.06104249001284349
166,11.4,11.080839861974031,121.7615740832545,0.09098766449253189,1.5620499351813308,1.2053154567478506,89.55591301858095,0.06426609018111276
167,11.4,10.87939464052881,123.3415740832545,0.08751352780581836,1.5620499351813308,1.1752885125375927,90.30999055053351,0.0636619753813059
168,11.4,10.76109738223155,125.63157408325446,0.08299803366271703,1.5620499351813308,1.0450991840065407,90.18703217462145,0.059863657194701415
169,11.4,10.831544712678884,128.31157408325447,0.08060256680812641,1.5620499351813308,1.1296834030258962,89.95478481295903,0.056738009028055314
170,11.4,12.290892838298126,115.48959024478836,0.12172450745231803,1.5620499351813308,2.4398352281480205,103.32103432493955,0.1137967918045946
171,11.4,12.084081205486491,117.06959024478833,0.11972867359257292,1.5620499351813308,2.1820494190693487,103.55457677100804,0.10985131703726543
172,11.4,12.079477475882765,119.72959024478833,0.11737760622677254,1.5620499351813308,2.189489936863853,104.47861947578699,0.11175909380139243
173,11.4,11.89455906096435,121.41959024478834,0.11377355761686556,1.5620499351813308,2.256949275588085,104.00519074464432,0.10618788286724297
174,11.4,11.952002553802023,124.11570362577734,0.11148131441920614,1.5620499351813308,2.211898800543535,103.61645742871896,0.10379788449617004
175,11.4,11.902866194074901,126.26574305113363,0.11264489544404861,1.5620499351813308,2.121787987507884,104.07144357960473,0.10486325801571604
176,11.4,11.787076872285578,128.92574305113362,0.10884612688162223,1.5620499351813308,1.8412460418924252,104.55281359805227,0.09886607918465558
177,11.4,11.719423414632121,130.9357430511336,0.10775112467272951,1.5620499351813308,1.8584676610640607,105.32470523386901,0.09990417923653065
178,11.4,11.591733326942038,132.6257430511336,0.10745355377403568,1.5620499351813308,1.9361516014586075,104.59159153295397,0.0982889157466342
179,11.4,11.474745314954024,134.90574305113358,0.10592774392287208,1.5620499351813308,1.758159241702407,104.37191975855389,0.08623782288956117
180,11.4,15.891309605999135,82.48812967014457,0.22010513121508152,1.5620499351813308,7.609521910306718,96.62234716056095,0.2091949734412331
181,11.4,15.780724524414051,84.49812967014456,0.22589716145113328,1.5620499351813308,7.563414773217424,97.17498255346979,0.20693958784792002
182,11.4,15.624328698018228,86.50812967014456,0.2245013599652653,1.5620499351813308,7.447144849574074,97.77224865593979,0.20641545975373934
183,11.4,15.405889420114487,87.8624644869818,0.22247468732424985,1.5620499351813308,7.417934790142403,97.52082486934263,0.21042461908794666
184,11.4,15.531749115974185,91.2924644869818,0.22137166435155486,1.5620499351813308,7.421225548707876,97.39696806036822,0.20508600318576375
185,11.4,17.115636111534943,74.16248566298896,0.2749486599037615,1.5620499351813308,7.35579801745987,101.17312026808725,0.20269531570235466
186,11.4,17.036088880987712,76.17248566298895,0.2761801778287128,1.5620499351813308,7.253852761833345,101.54482698473899,0.20437869922085877
187,11.4,16.919546534445363,77.76248566298895,0.2775756497324092,1.5620499351813308,7.18624967266409,102.5600699550449,0.20649055249214368
188,11.4,16.820177847576677,80.25248566298895,0.27328434697371157,1.5620499351813308,7.114146700814233,102.59181024095524,0.2080569109020935
189,11.4,16.687774140172973,83.04248566298892,0.27162845496504306,1.5620499351813308,7.247644208875671,101.88754110528325,0.20610633131996817
190,11.4,16.98601528400487,82.16744623763266,0.2671589904219155,1.5620499351813308,7.252209958704821,103.24097224690354,0.20203969743782815
191,11.4,16.869398456388048,83.75744623763265,0.26967172432754893,1.5620499351813308,7.140757007123522,103.91991181198414,0.20350956589057753
192,11.4,16.69455663154622,86.46744623763264,0.2643113812745977,1.5620499351813308,6.901284480628851,105.17844020154318,0.20532042894959246
193,11.4,16.60713821662781,88.25744623763265,0.2643687084941519,1.5620499351813308,6.818335275756368,104.88344018484376,0.2053565493190581
194,11.4,16.566450570940166,91.04744623763264,0.25502366991213493,1.5620499351813308,6.902411886766985,104.03628445016346,0.20561384203700953
195,11.4,16.528429702919293,93.13744623763264,0.25243854144596733,1.5620499351813308,7.077253759417429,103.51412693338635,0.20352798113145665
196,11.4,16.520180063669653,95.84744623763262,0.25427304152448194,1.5620499351813308,6.9653206458716745,104.44499413174314,0.2032942997163131
197,11.4,15.175094624039934,113.33549057475264,0.20268556154140677,1.5620499351813308,6.809718312182194,108.53019159167499,0.195774161735358
198,11.4,15.053634695080003,115.02549057475264,0.20346830783419145,1.5620499351813308,6.707532775605231,108.2526265888327,0.19655873532315807
199,11.4,15.066786543231851,117.39549057475264,0.19969142501900347,1.5620499351813308,6.718103362006026,107.88745374553734,0.19836313934991132
200,11.4,15.13713286357817,120.60549057475264,0.19746660632167384,1.5620499351813308,6.904098380858074,107.72129856473666,0.19311811963386544
201,11.4,15.069404924850232,122.61549057475263,0.19806196711434026,1.5620499351813308,6.84535146476666,108.18170905245759,0.19357596395598645
202,11.4,14.929162944608255,124.72549057475264,0.195305021623403,1.5620499351813308,6.68953328223477,109.06339719421398,0.19244073685059956
203,11.4,14.77063341857873,125.99549057475262,0.19637584188092708,1.5620499351813308,6.6047655724468095,108.86330215712131,0.19318267471871323
204,11.4,14.892152455097767,129.48549057475262,0.19371902132279537,1.5620499351813308,6.58124657692366,109.00461137820552,0.19350396624320804
205,11.4,14.88763586058117,131.99549057475264,0.19134461062986857,1.5620499351813308,6.833594891444751,108.22977565566315,0.1874402147607833
206,11.4,14.72475529670061,134.00549057475263,0.19176100245695388,1.5620499351813308,6.513358867790636,108.74951905239762,0.18697840031308238
207,11.4,14.559348481293792,135.6954905747526,0.18580400169703348,1.5620499351813308,6.488739406173976,109.70131266632285,0.19102432585295295
208,11.4,14.509186143631457,138.08549057475258,0.187471045209016,1.5620499351813308,6.37405919729702,109.99804172152723,0.19160691086971077
209,11.4,14.57122688067219,140.87549057475263,0.18321334968716277,1.5620499351813308,6.4054938888229955,109.52081571881962,0.19265757172667364
210,11.4,16.33217645616605,119.39744623763264,0.22941577001492114,1.5620499351813308,7.668995140233262,110.80082614480794,0.2205080212667209
211,11.4,16.215559628549222,120.98744623763261,0.23131506089817924,1.5620499351813308,7.573379576154313,111.50779970431041,0.22218007497976894
212,11.4,16.229948572938167,123.79744623763261,0.22864810367821553,1.5620499351813308,7.534578502624331,112.51389033300786,0.22409506559123643
213,11.4,16.12030793579753,125.4874462376326,0.2301489905854605,1.5620499351813308,7.449081245215561,112.3218293516169,0.22528849429224335
214,11.4,16.170529381018973,128.2774462376326,0.22725903634139524,1.5620499351813308,7.506171552113387,111.39749730618445,0.22402099893295876
215,11.4,15.941599422089016,130.3674462376326,0.21436495356753776,1.5620499351813308,7.752380299161737,111.01340008605838,0.22701140662619448
216,11.4,15.909183116172713,133.16744623763262,0.21432001485170363,1.5620499351813308,7.6906397010850975,111.8259058590838,0.22817118633928868
217,11.4,15.66964931663891,135.2774462376326,0.20573513316862418,1.5620499351813308,7.645553813368693,112.64681477243806,0.2283321415315505
218,11.4,15.457280296769891,136.96744623763266,0.20369256567364102,1.5620499351813308,7.606720483939848,112.23380565530525,0.23222312549662624
219,11.4,15.470432144921736,139.33744623763263,0.2030324737781338,1.5620499351813308,7.65535162606151,111.58739636946213,0.23077502699356855
220,11.4,15.592304980419575,142.0109462376326,0.1982424935702558,1.5620499351813308,7.766621714162582,111.6304013683266,0.22798109908673259
221,11.4,15.524577041691638,144.0209462376326,0.19915864481242976,1.5620499351813308,7.694107119211958,112.30346610079373,0.2288476135924795
222,11.4,15.384335061449656,146.1309462376326,0.19713423135496197,1.5620499351813308,7.47916515223905,112.9129665179985,0.22897194940497098
223,11.4,15.113980138594737,147.4109462376326,0.20418797689627427,1.5620499351813308,7.434672574049852,112.75209484493736,0.2296598473928478
224,11.4,15.23549917511377,150.9009462376326,0.2051528468809911,1.5620499351813308,7.497421088443594,112.27769129456821,0.22572472908998725
225,11.4,16.951215680830277,136.0309462376326,0.25822089522587116,1.5620499351813308,7.398708185938854,125.69538801469325,0.22892080387166677
226,11.4,16.871668450283046,138.0409462376326,0.25990891220001167,1.5620499351813308,7.304930476263158,126.20862402876418,0.23022608138927506
227,11.4,16.763404492019085,139.73094623763262,0.26036317747938204,1.5620499351813308,7.289372675394896,126.94489303761485,0.23048557867469582
228,11.4,16.71252786864246,142.1309462376326,0.26256478673518513,1.5620499351813308,7.22818803449531,126.86188125765973,0.23001465882748134
229,11.4,16.774568605683196,144.92094623763262,0.2615335722465184,1.5620499351813308,7.271972197480554,126.34358876076362,0.22723340623343316
230,11.4,18.47678445927405,124.4743693145557,0.3245143922695831,1.5620499351813308,6.619112722932101,138.7483393190275,0.2083766756706905
231,11.4,18.360167631657223,126.0643693145557,0.3271056315697261,1.5620499351813308,6.504565463396402,139.35864296457552,0.2092068560965651
232,11.4,18.291223242712835,128.87436931455568,0.32392278610867153,1.5620499351813308,6.271124407953331,140.40293811156903,0.21166844884047542
233,11.4,17.40390998652458,140.19786931455562,0.288359212527296,1.5620499351813308,6.609089929942217,134.5214958672437,0.22635746061559286
234,11.4,17.430145417760013,142.89786931455563,0.28710694845835294,1.5620499351813308,6.620714511186434,133.83582118583442,0.22627413642547442
235,11.4,17.40879121640581,145.0878693145556,0.28486737312725063,1.5620499351813308,6.715340060151362,133.56434919189996,0.22552973079233174
236,11.4,17.400541577156172,147.7978693145556,0.28597884672466234,1.5620499351813308,6.659785344489753,134.18804121969106,0.22440601881073532
237,11.4,17.227674444289043,149.90786931455563,0.28155933318281373,1.5620499351813308,6.633689146425176,135.02891736334863,0.2250299718797941
238,11.4,17.022166896281494,151.60786931455561,0.28120101204622594,1.5620499351813308,6.565322998750259,134.52650210033588,0.222895959044139
239,11.4,16.939904159018752,153.8878693145556,0.27950245482065467,1.5620499351813308,6.548848808249664,134.09609375258358,0.22171975787524645
240,11.4,16.949994069108666,157.1978693145556,0.27642986065049524,1.5620499351813308,6.54562375797031,133.93330712878145,0.21677514155454355
241,11.4,16.907266130380727,159.2078693145556,0.27463036325755963,1.5620499351813308,6.458126911877359,134.43824350340827,0.21964466933885168
242,11.4,16.85035748347208,161.3178693145556,0.27355232411377634,1.5620499351813308,6.396924037185404,135.05962106162167,0.2220699448790006
243,11.4,16.691882902497493,162.5878693145556,0.2757568917549488,1.5620499351813308,6.322774715501976,134.80527494112758,0.22185829799489215
244,11.4,16.789415925030518,165.9878693145556,0.27541434594106173,1.5620499351813308,6.341384164484398,134.49380878123978,0.22036936803583929
245,11.4,17.503681381795978,158.9878693145556,0.27212922425762726,1.5620499351813308,7.606642838451704,142.2042157390868,0.22089743273060677
246,11.4,17.424134151248744,160.99786931455557,0.2728293991686932,1.5620499351813308,7.554169421669503,142.45912304547068,0.22102515367149758
247,11.4,17.239246816361412,162.6878693145556,0.26996676092432914,1.5620499351813308,7.468382703519117,143.25005505805547,0.22222861188652993
248,11.4,17.089652244266837,164.98786931455558,0.27083296528829176,1.5620499351813308,7.2640864542755805,143.12812916208463,0.22089482918090692
249,11.4,17.152596267425324,167.7821114207952,0.2681751732054264,1.5620499351813308,7.265215954684301,142.66983883015132,0.22128986438780957
250,11.4,17.18596978279884,170.4581114207952,0.2643880287769161,1.5620499351813308,7.387215802683852,142.17416111930672,0.21750848383372864
251,11.4,17.069352955182012,172.0481114207952,0.2661337127509995,1.5620499351813308,7.320885971470971,142.72042232230896,0.21759147029366252
252,11.4,17.083741899570956,174.85811142079518,0.26344847011737593,1.5620499351813308,7.288003293464112,143.5127884773746,0.22019616307311093
253,11.4,16.975502361331415,176.54811142079515,0.26536645614488086,1.5620499351813308,7.164378412510207,143.36827874941378,0.2213304119481991
254,11.4,17.00871581454487,179.2581114207952,0.26404143623445614,1.5620499351813308,7.200776215883716,142.65210511810963,0.22059866862163927
255,11.4,17.0024043482334,181.5481114207952,0.26136362213046055,1.5620499351813308,7.302958189455839,142.40948571252133,0.21751137476708474
256,11.4,16.994154708983764,184.25811142079516,0.26269167683575423,1.5620499351813308,7.2625507947687735,142.96019400709284,0.21556202173179573
257,11.4,16.895136782465833,186.45811142079518,0.2588477957816555,1.5620499351813308,7.179809125153322,143.72806234950107,0.21729586156154726
258,11.4,16.59091128574034,188.05811142079523,0.25741255199139357,1.5620499351813308,6.9787174512625825,143.32853430772198,0.21576963351742337
259,11.4,16.587055141884196,190.3481114207952,0.25683240254253187,1.5620499351813308,6.997859344358969,142.90005817197704,0.21583646512253152
260,11.4,16.666888641717698,193.75811142079516,0.25575163042056914,1.5620499351813308,7.129910359377949,142.6680123349036,0.210486433051629
261,11.4,16.503049591878643,195.88811142079513,0.25039853631382847,1.5620499351813308,7.117039556461129,143.18994110638766,0.2111839690601788
262,11.4,16.446140944969997,197.99811142079517,0.24921609502848768,1.5620499351813308,7.076478853812918,143.7105744727473,0.21370213420554623
263,11.4,16.270679184508236,199.18811142079517,0.25233749399504013,1.5620499351813308,6.974913838946348,143.5833657803452,0.21528239675637606
264,11.4,16.26407911790817,202.59811142079516,0.24405013975699968,1.5620499351813308,7.103224085626326,143.17427352470887,0.21664394980349488
265,11.4,17.06665654048559,198.7281114207952,0.2642070474145851,1.5620499351813308,6.933855720298442,150.5135324521431,0.2114516896297625
266,11.4,16.98710930993836,200.73811142079518,0.26515435440553026,1.5620499351813308,6.864856888429469,150.87813815595015,0.2115798010670184
267,11.4,16.893131065960116,202.42811142079518,0.26446232359363486,1.5620499351813308,6.819163657596151,151.61795108211382,0.21403895134968362
268,11.4,16.74270316053221,204.7381114207952,0.26527088873202265,1.5620499351813308,6.633784866358166,151.50629358420983,0.21268506033799892
269,11.4,16.710160147989193,207.58811142079517,0.26086952120760387,1.5620499351813308,6.616907526286187,151.0955888916068,0.21054888014579645
270,11.4,16.740918278747326,210.2981114207952,0.2561877837116665,1.5620499351813308,6.717319236349457,150.7132793521595,0.2077087128610537
271,11.4,16.440761768590814,211.8981114207952,0.25207311973590685,1.5620499351813308,6.6339147613323215,151.31783816610988,0.20526278464620573
272,11.4,16.455150712979762,214.70811142079515,0.2492550938713991,1.5620499351813308,6.619987005665785,152.0648567419786,0.20737001004810038
273,11.4,16.341911174740225,216.4581114207952,0.2523141611839322,1.5620499351813308,6.503235511042502,151.86760904684684,0.20733143870800494
274,11.4,16.375124627953674,219.16811142079513,0.25044465292270657,1.5620499351813308,6.5303302897504985,151.31722380702237,0.2073220545492311
275,11.4,16.36881316164221,221.45811142079515,0.24700752421002808,1.5620499351813308,6.619143750474767,151.1695370997117,0.20460455614442916
276,11.4,16.35956352239257,224.17811142079518,0.2483633701625072,1.5620499351813308,6.570523759249015,151.78316281091665,0.20273207386251674
277,11.4,16.327807500636546,226.42811142079518,0.2471437004193687,1.5620499351813308,6.516224978002823,152.44210552842546,0.20450819810877297
278,11.4,16.10608200391105,228.03811142079516,0.24879634370992249,1.5620499351813308,6.31300985297297,152.10284256307952,0.20394464678077337
279,11.4,16.102225860054908,230.32811142079512,0.24812070290149224,1.5620499351813308,6.326502394628464,151.7848483694059,0.20447149310151616
280,11.4,16.03370771153676,233.73811142079512,0.24256592860800996,1.5620499351813308,6.274260718348511,151.65348565912134,0.1977680834355914
281,11.4,15.978313106142153,235.89811142079515,0.24335253476729884,1.5620499351813308,6.187984658545877,152.1798692168789,0.19756556019280955
282,11.4,15.836960014789062,238.01811142079518,0.23843090807053252,1.5620499351813308,6.181993778193129,152.68857558401098,0.19946267657407374
283,11.4,15.550387143216188,239.20811142079515,0.23735269679663112,1.5620499351813308,6.0982962228865105,152.56728098579848,0.19971224914269123
284,11.4,15.634898187727234,242.4781114207952,0.23706990401768352,1.5620499351813308,6.093193699734883,152.4023922683406,0.19947533229524264
285,11.4,15.97434429717334,241.9581114207952,0.23161528925600203,1.5620499351813308,6.1589790543705405,157.07308290884222,0.19538158561111907
286,11.4,15.303010657068587,249.3600952592613,0.19964840765641018,1.5620499351813308,6.305810160884532,154.47125556130993,0.20242188295244928
287,11.4,15.20792130197923,251.0600952592613,0.19895075032504145,1.5620499351813308,6.267562361835137,155.18547238609182,0.20457428308729902
288,11.4,15.144727828785756,253.32009525926128,0.20098960102448063,1.5620499351813308,6.190439313232477,155.16962211623775,0.20447715462446014
289,11.4,15.202324676382606,256.1800952592613,0.19963087438849078,1.5620499351813308,6.192611393642426,154.75550697840163,0.20479815646732236
290,11.4,15.1497494738074,258.8900952592612,0.19307288116661064,1.5620499351813308,6.188976411391805,154.40398941088011,0.19893563388227986
291,11.4,15.032132646190576,260.49009525926124,0.19536914457672408,1.5620499351813308,6.101439975564567,155.05451011579413,0.1988900441557208
292,11.4,15.00374381280174,263.03009525926126,0.19576818835531506,1.5620499351813308,6.0605688335716135,155.59604097337632,0.2000031565725957
293,11.4,14.871608170666098,264.79009525926125,0.201021202577156,1.5620499351813308,5.961539040901294,155.37622445751265,0.19943198434352233
294,11.4,14.870719059776988,267.41009525926125,0.2016021712218346,1.5620499351813308,6.005575322565974,154.8168699852529,0.19832206354529833
295,11.4,14.864407593465524,269.7000952592613,0.19842459253566375,1.5620499351813308,6.100880167489786,154.6818206513101,0.19465591308054156
296,11.4,14.870927184985112,272.2200952592612,0.19849470159469768,1.5620499351813308,6.060539747998851,155.3470999174503,0.19184131498499346
297,11.4,14.761136975194905,274.48009525926125,0.19719314919497619,1.5620499351813308,5.8488821908823905,155.93070571248066,0.19020844190094346
298,11.4,14.622030526088455,276.10009525926125,0.20061328279177265,1.5620499351813308,5.750797268144977,155.63408577728615,0.1916476096026278
299,11.4,14.500738484796415,278.30009525926124,0.20054956828043285,1.5620499351813308,5.664413438213888,155.28951787938337,0.1885599856466266
300,11.4,20.696638776753243,221.3210425231574,0.31278491613919746,1.5620499351813308,12.376524326975332,185.73072016686123,0.2437822585812801
301,11.4,20.64124417135864,223.48104252315744,0.313442670026029,1.5620499351813308,12.433284826723268,185.9302099314144,0.242014066849933
302,11.4,20.583224413338883,225.60104252315742,0.3128644891618597,1.5620499351813308,12.312696208382539,186.8102669990964,0.2442075115226765
303,11.4,20.407048367162837,226.8010425231574,0.3151309632989001,1.5620499351813308,12.43200298143481,186.26441449713462,0.24408460178164024
304,11.4,20.439575284689756,229.84104252315743,0.3078606090230206,1.5620499351813308,12.403485507082275,186.22704004121275,0.24543804589017848
305,11.4,20.495486040600507,232.69104252315736,0.30313471792516294,1.5620499351813308,12.385274566349972,186.32581796122096,0.24518664354677117
306,11.4,20.392716587831057,234.61104252315735,0.3047832820506281,1.5620499351813308,12.346753334903973,186.83627637229748,0.24464795845546536
307,11.4,20.261119296233762,236.31104252315737,0.30670144521857373,1.5620499351813308,12.190132703877287,187.7383686347076,0.24782114267670613
308,11.4,20.026246946361415,238.25104252315742,0.30974481720491465,1.5620499351813308,12.023633022287347,187.17051344103834,0.24623626314965616
309,11.4,20.061621571736044,241.01104252315736,0.3095612788574305,1.5620499351813308,12.009457576668527,186.95132949654396,0.24576626410766553
310,11.4,26.74466368234958,161.67163476489253,0.3768573367472473,1.5620499351813308,17.953236068500264,147.61334021820997,0.2685214995490688
311,11.4,26.382663460349356,163.17163476489253,0.3697047045324533,1.5620499351813308,17.82383482120481,147.67268574340918,0.27517842451780994
312,11.4,26.326710524396418,165.7116347648925,0.36710750417717763,1.5620499351813308,17.915889479770893,146.95821461869838,0.2734097041394009
313,11.4,26.198470986156885,167.3716347648925,0.3692963270514052,1.5620499351813308,17.921698276427932,146.9108528531019,0.27273053987677554
314,11.4,26.20869298637888,169.99163476489247,0.3694206433835607,1.5620499351813308,17.821858648069906,147.43447980614957,0.2730921089515528
315,11.4,26.202381520067416,172.28163476489246,0.3660649177001208,1.5620499351813308,17.713906771377776,148.47181911648678,0.2754373197526853
316,11.4,26.0498718075577,174.70163476489248,0.3607546357718541,1.5620499351813308,17.835088467459258,148.23044570314664,0.27850392347121006
317,11.4,26.00337908549555,177.1842650676477,0.35652177825542486,1.5620499351813308,17.99639692224898,147.71222371956532,0.2780921432095707
318,11.4,25.766653588770048,178.70426506764767,0.3588852048567468,1.5620499351813308,17.816688481566587,147.69330275407222,0.2774649578628343
319,11.4,25.66288291499938,180.90426506764766,0.3592005525483354,1.5620499351813308,17.68507965323945,148.16463616757082,0.2776254790480681
320,11.4,25.605109577226045,183.93426506764766,0.3555652985902159,1.5620499351813308,17.423267242686496,148.96813817384387,0.27963313858953587
321,11.4,25.52027052738699,186.08426506764766,0.3561413573969237,1.5620499351813308,17.477643117852033,149.10890972848955,0.27907306813596405
322,11.4,25.314675011791476,188.26426506764764,0.353706271700054,1.5620499351813308,17.393903800334574,148.74714692989681,0.2764736241350287
323,11.4,25.124213251329717,189.36426506764764,0.35655867497938226,1.5620499351813308,17.403716214851663,148.66384182702527,0.2766498125333136
324,11.4,25.180091817208286,192.40426506764766,0.35729583017108996,1.5620499351813308,17.323893503983896,148.80115347827424,0.275899025470666
325,11.4,25.246258983375448,195.15426506764763,0.35101145144115453,1.5620499351813308,17.178119499900685,149.978214309006,0.2805261920739246
326,11.4,25.047378419494883,197.16426506764762,0.3494082703470898,1.5620499351813308,17.06079092705305,150.16461515291894,0.2812187379735636
327,11.4,24.82086049297696,198.95426506764764,0.34419153911279665,1.5620499351813308,17.051143341901867,149.70395236013312,0.28275491250392876
328,11.4,24.71312489524136,200.8942650676476,0.3470073255183569,1.5620499351813308,17.065754735884774,149.27963684529453,0.28162407524312383
329,11.4,24.771832853949324,203.7442650676476,0.3459270146390884,1.5620499351813308,16.95880160841354,149.7139791860812,0.28235827741445446
330,11.4,25.045667907784374,201.99426506764758,0.33960053923877814,1.5620499351813308,16.99987466914258,156.05583601148066,0.2819977036286857
331,11.4,24.920828857945324,203.58426506764758,0.3390375623672087,1.5620499351813308,17.038964956833787,156.1880966485846,0.2833655888370059
332,11.4,24.799021221137686,206.0742650676476,0.3310304845856205,1.5620499351813308,17.268621821607525,155.2715521741792,0.2860932825422246
333,11.4,24.566337238453706,207.82426506764764,0.3331668188779323,1.5620499351813308,17.122079954528534,155.18572394511696,0.28480938395777655
334,11.4,24.54433701645349,210.5342650676476,0.3326552639708592,1.5620499351813308,17.05426265979389,155.61229774894423,0.2857701922180455
335,11.4,24.5226409347574,212.7242650676476,0.3310341550877867,1.5620499351813308,16.9422105317425,156.7649747666466,0.2868876400508203
336,11.4,24.485528047644515,215.09426506764763,0.3288775299016414,1.5620499351813308,16.986241981911046,156.51015329457852,0.2883191119549328
337,11.4,24.393033875150344,217.43426506764757,0.3270854362524263,1.5620499351813308,17.05720548836397,156.15290615397296,0.28538204626579655
338,11.4,24.242419489535955,218.95426506764755,0.3299531189186967,1.5620499351813308,17.04659090568262,156.1461134404523,0.2847864279048882
339,11.4,24.089076166192637,221.15426506764757,0.33278973781686894,1.5620499351813308,16.815616742320728,156.60043574275647,0.283199013417239
340,11.4,23.961772913889384,224.0442650676476,0.33024356270108585,1.5620499351813308,16.56769501597925,157.29381503845897,0.28120948744372176
341,11.4,23.611060848177317,228.70426506764755,0.32369543328218564,1.5620499351813308,16.487381080794073,154.4184005962234,0.28598933738948645
342,11.4,22.484986397558593,245.10230940476748,0.31462127808857365,1.5620499351813308,16.30515669238567,142.90580288862773,0.27729157171714414
343,11.4,22.31952463709683,246.2023094047675,0.3159664866916179,1.5620499351813308,16.306364742861287,142.71562265108938,0.27892280555838067
344,11.4,22.2773185098907,249.0023094047675,0.318419462163204,1.5620499351813308,16.026084655569043,142.99619766795732,0.2760717353293667
345,11.4,23.320222376364008,243.73367910201227,0.3485168675400413,1.5620499351813308,15.423865883719465,157.0343100670266,0.2687026455893762
346,11.4,23.232452923594558,245.74367910201227,0.3485013451683813,1.5620499351813308,15.436297350363553,157.42226647883456,0.27135794700143107
347,11.4,23.16069690183853,247.5336791020123,0.3477879812648038,1.5620499351813308,15.575976885530087,156.97433881194846,0.27014966710575744
348,11.4,23.050461304102946,249.40367910201218,0.3500689600838834,1.5620499351813308,15.612902472955986,156.42230357969427,0.26938241377872
349,11.4,23.084033287674927,252.20367910201216,0.3530154890463252,1.5620499351813308,15.506442599414864,156.8562391433131,0.2673611468432497
350,11.4,27.07600353964517,206.2536791020122,0.411297394966801,1.5620499351813308,15.870188598172746,177.77174567814112,0.27103866219589284
351,11.4,26.86783115647279,207.84367910201223,0.411215323928168,1.5620499351813308,15.81275796704471,178.03690149787516,0.27363810117591814
352,11.4,26.754356852998484,210.33367910201224,0.4089187067327714,1.5620499351813308,15.816333962834658,177.53387228463728,0.27217682889488004
353,11.4,26.550789031930663,212.1236791020123,0.4112176175459986,1.5620499351813308,15.659405627104244,177.26271521874665,0.2704453424661991
354,11.4,26.587444598586234,214.66367910201225,0.40979861698192865,1.5620499351813308,15.551588316495256,177.88980870369713,0.2693731626334291
355,11.4,26.580363901505535,216.96367910201224,0.407882115168689,1.5620499351813308,15.448982803730681,178.7779385645478,0.271484104111329
356,11.4,26.43400859015022,219.2536791020122,0.4066121927942902,1.5620499351813308,15.439275498428788,178.78411758933802,0.27382655370178693
357,11.4,26.247808123949756,221.74367910201227,0.39948912181585144,1.5620499351813308,15.619371776638799,178.46029982483674,0.2726804297048682
358,11.4,26.001309899951536,223.25367910201226,0.4025995844647062,1.5620499351813308,15.543961468980813,178.5733386434093,0.2708478291143347
359,11.4,25.72414373278537,225.44367910201223,0.3990632535825977,1.5620499351813308,15.219864715818957,178.91619894121158,0.26889744337751725
360,11.4,25.92489742353906,226.7636791020122,0.3960515912481576,1.5620499351813308,15.209534907789118,181.56325711278652,0.2661857134692102
361,11.4,25.00055587619751,238.81967910201215,0.3589217281231639,1.5620499351813308,15.744732840909604,185.84943358627416,0.2856559325162389
362,11.4,24.96586945151109,241.02967910201215,0.3581344051204879,1.5620499351813308,15.81768952755088,185.97584417888748,0.2838854735141335
363,11.4,24.774725872867513,242.11967910201216,0.3602984853434523,1.5620499351813308,15.859198269925713,185.73130346588655,0.28290721648787714
364,11.4,24.71292323106487,245.00967910201211,0.3593266750251377,1.5620499351813308,15.824276523529775,185.9519417154693,0.2815141347897727
365,11.4,24.80727110541274,248.00967910201211,0.3549249529970016,1.5620499351813308,15.697557552675137,186.70202611048907,0.28334998481631024
366,11.4,24.7396914628331,250.1096791020121,0.35568796089890536,1.5620499351813308,15.699942822153462,187.15677449959242,0.28342647808808646
367,11.4,24.667935441077084,251.89967910201213,0.35457989420983527,1.5620499351813308,15.806277202388765,186.92836334597934,0.2826597177112098
368,11.4,24.35174024738189,253.68967910201212,0.35625961060500444,1.5620499351813308,15.568596068006991,186.46557790539376,0.27889965171904235
369,11.4,24.423438549080192,256.51967910201216,0.35458342977184787,1.5620499351813308,15.45724337864015,187.00771351631124,0.28143910209114714
370,11.4,24.493416964594154,259.3909369957724,0.35124424310264235,1.5620499351813308,15.306232530276777,188.15668772138437,0.28319353381376416
371,11.4,24.38876772494491,261.0709369957724,0.3519094181679584,1.5620499351813308,15.342607861699262,188.25516359260152,0.28372550879528685
372,11.4,24.303071199248386,263.56093699577235,0.34726947049733026,1.5620499351813308,15.499957606750554,187.81444223084267,0.2821529500103721
373,11.4,24.174149842827028,265.2109369957724,0.3492989844949338,1.5620499351813308,15.532311533226073,187.60540158458605,0.2798971941550742
374,11.4,24.15437073304792,268.0509369957723,0.3475193976473323,1.5620499351813308,15.310463150238153,188.32767379404282,0.281566109373611
375,11.4,23.96784559152278,270.44093699577235,0.3416284930787973,1.5620499351813308,15.075615032998433,189.25699930469864,0.2831150866052759
376,11.4,23.93258918126637,272.82093699577234,0.3419817354560352,1.5620499351813308,15.120539618686411,189.14589047389623,0.2828460758517767
377,11.4,23.92305538173257,275.17093699577237,0.34025366575017524,1.5620499351813308,15.217458497918388,188.95596395081955,0.28116250767959733
378,11.4,23.786759177936368,276.82093699577234,0.34289258945817924,1.5620499351813308,15.21827140744878,188.91406837490587,0.2785752183633924
379,11.4,23.79546602664322,279.1009369957723,0.34139238430519486,1.5620499351813308,15.117276701316662,189.43630425082605,0.2817868504112428
380,11.4,23.87277815895535,282.19093699577235,0.33932099600525933,1.5620499351813308,15.013511248860363,190.15772939774146,0.2828120952203145
381,11.4,23.830351141528332,284.4309369957724,0.33900360439851446,1.5620499351813308,15.044892923227886,190.2979093034498,0.2827810189629659
382,11.4,23.730109161286354,286.7809369957723,0.3375023425062702,1.5620499351813308,14.938828256539626,190.27958282177363,0.28075265377220804
383,11.4,23.427854471531663,287.87093699577224,0.3386327253335941,1.5620499351813308,14.866673414698859,190.02535325975512,0.27900594267379714
384,11.4,23.30579541947261,290.9309369957723,0.3338811238845664,1.5620499351813308,14.749429556801742,190.41295618255126,0.2794304088530691
385,11.4,23.375936944614136,293.8809369957723,0.33049093837120624,1.5620499351813308,14.632164152939604,191.38426085205182,0.2812226825674952
386,11.4,23.32522598890318,296.13093699577223,0.33109701917064827,1.5620499351813308,14.633453706796676,191.68802973281763,0.2811717082423427
387,11.4,23.08680330048049,297.92093699577225,0.3253508582245249,1.5620499351813308,14.711038945647896,191.45445260349808,0.28081683579603633
388,11.4,22.874143460320656,299.71093699577233,0.32684701745144923,1.5620499351813308,14.711780726814078,190.99487971336166,0.2777146149727054
389,11.4,22.85531062648782,302.6409369957723,0.3253887334246743,1.5620499351813308,14.533341077045147,191.64106500664175,0.2782569935172851
390,11.4,22.82716821334541,305.59093699577227,0.32117909346060125,1.5620499351813308,14.344452171424454,192.79666527388864,0.2796491536836127
391,11.4,22.721609882787078,307.28093699577227,0.32188100736165703,1.5620499351813308,14.386968993988594,192.88392132831223,0.2799591817011837
392,11.4,22.719246690423883,309.77093699577233,0.3202527909567278,1.5620499351813308,14.50201729238051,192.45077136294344,0.2780840521397753
393,11.4,22.506992000669197,311.4209369957723,0.3216899795335664,1.5620499351813308,14.355368443672422,192.22498378572743,0.27554358407982327
394,11.4,21.998663107340303,320.37093699577224,0.3162641957832801,1.5620499351813308,14.10122616883941,186.07821945165009,0.2734894190030704
395,11.4,21.923249076926275,322.7609369957722,0.3131340191397989,1.5620499351813308,13.920663466509424,187.00459145015594,0.2751973920924167
396,11.4,20.724175954082042,337.7429208342383,0.2683860439703228,1.5620499351813308,14.332026234132558,177.58375188909838,0.28041440394999695
397,11.4,20.714642154548248,340.09292083423827,0.26633310987991626,1.5620499351813308,14.434039816213623,177.3243581004657,0.2795230042463849
398,11.4,20.46723483964093,341.74292083423825,0.26759066427308176,1.5620499351813308,14.314811075360675,177.21542346569998,0.27645970784021606
399,11.4,20.48769493510103,344.2129208342382,0.26656286797649476,1.5620499351813308,14.236645950641606,177.71249317792416,0.27799028458494085
400,11.4,20.370562622968713,347.30292083423825,0.26346918018476495,1.5620499351813308,13.94932116845089,178.4517704459942,0.2762327649635609
