timestep,AgentsAlive,AvgEnergy,GiniEnergy,TotalScar,MinedRenewable,MinedNonrenewable,AgentsAlive_std,AvgEnergy_std,GiniEnergy_std,TotalScar_std,MinedRenewable_std,MinedNonrenewable_std
0,15.0,10.0,0.0,0.0,0.0,0.0,0.0,0.0,0.0,0.0,0.0,0.0
1,15.0,9.599999999999998,0.0,0.0,0.0,0.0,0.0,1.7763568394002505e-15,0.0,0.0,0.0,0.0
2,15.0,9.200000000000001,0.0,0.0,0.0,0.0,0.0,1.7763568394002505e-15,0.0,0.0,0.0,0.0
3,15.0,8.799999999999999,2.220446049250313e-16,0.0,0.0,0.0,0.0,0.0,0.0,0.0,0.0,0.0
4,15.0,7.967999999999998,0.03222581457444031,0.0,21.6,0.0,0.0,0.1567673435381233,0.005409003887354056,0.0,7.83836717690617,0.0
5,15.0,7.103999999999997,0.03182158665304744,0.0,23.2,0.0,0.0,0.03200000000000038,0.0022744296901600516,0.0,7.332121111929343,0.0
6,15.0,6.495999999999998,0.01288052541391107,0.0,10.4,0.0,0.0,0.06974238309665085,0.00857052857237923,0.0,3.6660605559646724,0.0
7,15.0,6.031999999999998,0.004707222601959859,0.0,3.2,0.0,0.0,0.053065996645686446,0.007660215108142332,0.0,2.993325909419153,0.0
8,15.0,5.519999999999996,0.017922705314009857,0.0,5.6,0.0,0.0,0.06196773353931873,0.015914489938424373,0.0,4.454211490264018,0.0
9,15.0,5.787999999999995,0.13399446201914283,0.0,21.6,0.0,0.0,0.5111885931608586,0.025901723741372493,0.0,6.974238309665077,0.0
10,14.9,6.232571428571425,0.17903140559934416,0.0,19.6,0.0,0.3,0.6873506665272903,0.029584435508897812,0.0,8.662563131083086,0.0
11,14.9,6.493047619047614,0.15768109604139618,0.0,10.4,0.0,0.3,0.8612022446106656,0.06550119735104523,0.0,4.079215610874228,0.0
12,14.9,6.501999999999995,0.13658090346387305,0.0,6.4,0.0,0.3,0.7503957474411602,0.06883518297567792,0.0,3.6660605559646724,0.0
13,14.9,6.516380952380946,0.1035757502551093,0.0,6.4,0.0,0.3,0.4145555333721081,0.045601152875544,0.0,6.248199740725324,0.0
14,14.9,7.243238095238089,0.1371386056441009,0.0,19.2,0.0,0.3,0.44420260540492784,0.022232495347163168,0.0,5.878775382679628,0.0
15,14.9,7.97523809523809,0.14526230539749851,0.0,18.4,0.0,0.3,0.4919178074147149,0.010602827825450129,0.0,8.616263691415206,0.0
16,14.9,8.195142857142852,0.12985214042876186,0.0,12.4,0.0,0.3,0.6924529274176999,0.03005213642952886,0.0,4.17612260356422,0.0
17,14.9,8.149809523809518,0.11969590072461993,0.0,7.6,0.0,0.3,0.452688627201169,0.026768453549056655,0.0,7.031358332498779,0.0
18,14.9,8.024095238095232,0.10360623423711823,0.0,4.8,0.0,0.3,0.3468000920629565,0.02591664980449204,0.0,3.919183588453085,0.0
19,14.9,8.706476190476184,0.13984996992406934,0.0,18.0,0.0,0.3,0.5037614163727211,0.02472667973416786,0.0,6.752777206453653,0.0
20,14.9,9.442952380952374,0.14988056835132732,0.0,19.6,0.0,0.3,0.646706703298105,0.0260113948359183,0.0,8.284926070883193,0.0
21,14.9,9.828285714285707,0.11975898495389894,0.0,14.4,0.0,0.3,0.6852556733573825,0.02636066744980023,0.0,2.65329983228432,0.0
22,14.9,9.69457142857142,0.11345853542282716,0.0,5.2,0.0,0.3,0.651976106569416,0.03265847317169754,0.0,4.4,0.0
23,14.9,9.400380952380944,0.11207764642208633,0.0,2.8,0.0,0.3,0.5684632903465757,0.028958878609218117,0.0,2.561249694973139,0.0
24,14.9,10.269904761904751,0.15145392316210954,0.0,20.4,0.0,0.3,0.7008116059466182,0.030140411657545416,0.0,6.56048778674269,0.0
25,14.9,11.121142857142846,0.14239360265749673,0.0,20.8,0.0,0.3,0.6640493930212433,0.02779741054693827,0.0,7.756287771866127,0.0
26,14.9,11.437238095238083,0.11969571396479309,0.0,12.8,0.0,0.3,0.6876452244061072,0.033549175716938134,0.0,4.995998398718719,0.0
27,14.9,11.257238095238083,0.11309535099727588,0.0,4.0,0.0,0.3,0.6248058129170013,0.03037467034909038,0.0,4.0,0.0
28,14.9,11.164857142857132,0.11605446715294557,0.0,4.8,0.0,0.3,0.5920394743841196,0.0307722120545478,0.0,2.9933259094191533,0.0
29,14.9,12.063333333333322,0.14152272018264916,0.0,20.8,0.0,0.3,0.7471263465959272,0.028364893970397462,0.0,6.144916598294887,0.0
30,14.9,12.871428571428558,0.13236418166558006,0.0,19.2,0.0,0.3,0.6459689061126694,0.028791925464016946,0.0,6.3999999999999995,0.0
31,14.9,13.199904761904751,0.10862745840958846,0.0,12.0,0.0,0.3,0.6859108779034658,0.034266330642021524,0.0,5.059644256269407,0.0
32,14.9,13.156380952380939,0.11092784037840989,0.0,5.6,0.0,0.3,0.735001417617834,0.039142792789808575,0.0,3.6660605559646724,0.0
33,14.9,13.020952380952366,0.11080559674258153,0.0,8.8,0.0,0.3,0.6233869888508106,0.03472135283232797,0.0,5.30659966456864,0.0
34,14.8,12.99733333333332,0.11430942305941956,0.0,20.4,0.0,0.39999999999999997,0.5228378520164104,0.02235130548172222,0.0,7.031358332498778,0.0
35,14.8,12.89780952380951,0.1057258331230408,0.0,16.8,0.0,0.39999999999999997,0.5145315197412662,0.026079288387368612,0.0,7.110555533852471,0.0
36,14.8,12.772095238095224,0.11661589482697435,0.0,10.8,0.0,0.39999999999999997,0.7176461965983408,0.03301563489570878,0.0,6.4621977685614045,0.0
37,14.8,12.627809523809512,0.12395180052246335,0.0,6.0,0.0,0.39999999999999997,0.8919786459113845,0.0391195800460674,0.0,4.8166378315169185,0.0
38,14.8,12.517142857142842,0.1291757925365707,0.0,9.2,0.0,0.39999999999999997,0.9926672651597462,0.032582274595158486,0.0,4.019950248448356,0.0
39,14.8,13.232857142857128,0.1348246590032107,0.0,20.0,0.0,0.39999999999999997,1.1022998221714397,0.030048612520313704,0.0,6.196773353931867,0.0
40,14.8,13.826857142857131,0.1376980555475896,0.0,17.6,0.0,0.39999999999999997,1.0033595991770716,0.03349121262695493,0.0,7.631513611335565,0.0
41,14.8,14.104666666666654,0.1313647109388903,0.0,11.2,0.0,0.39999999999999997,1.131889792957496,0.035100807282598116,0.0,4.308131845707603,0.0
42,14.8,14.081523809523796,0.131013827492616,0.0,6.4,0.0,0.39999999999999997,1.182234265875607,0.03919377494792771,0.0,4.079215610874228,0.0
43,14.8,13.998190476190464,0.12453516339192368,0.0,7.2,0.0,0.39999999999999997,1.1532083963630255,0.03531549236159159,0.0,5.878775382679628,0.0
44,14.8,14.891809523809508,0.1373203099284283,0.0,20.8,0.0,0.39999999999999997,1.096316752480191,0.034377013208594355,0.0,4.664761515876241,0.0
45,14.8,15.559714285714273,0.1347454598562166,0.0,17.6,0.0,0.39999999999999997,1.2118034797232557,0.04326606358923737,0.0,8.039900496896713,0.0
46,14.8,15.869619047619036,0.1283187452077111,0.0,11.2,0.0,0.39999999999999997,1.3249706760970261,0.04597249606841347,0.0,6.6452990903344595,0.0
47,14.8,15.813142857142841,0.12309521225426193,0.0,6.4,0.0,0.39999999999999997,1.3679430442586433,0.04605337365472547,0.0,4.8,0.0
48,14.8,16.07857142857142,0.13558100781342425,0.0,14.8,0.0,0.39999999999999997,1.2233398579966523,0.047850381422481054,0.0,5.670978751503131,0.0
49,14.8,16.52142857142856,0.14610474847680288,0.0,18.4,0.0,0.39999999999999997,1.3884230928673225,0.0494019213797807,0.0,5.4258639865002145,0.0
50,14.7,16.870285714285703,0.1479035963911654,0.0,14.4,0.0,0.45825756949558405,1.1901376890178987,0.04316609787362658,0.0,8.799999999999999,0.0
51,14.7,16.971809523809515,0.14471831629702325,0.0,8.8,0.0,0.45825756949558405,1.1040363956010668,0.039848362069452255,0.0,4.995998398718719,0.0
52,14.7,17.216095238095228,0.1561413188278599,0.0,11.6,0.0,0.45825756949558405,1.035196691685302,0.04109977645712887,0.0,4.17612260356422,0.0
53,14.7,17.73466666666666,0.15434325785478878,0.0,14.8,0.0,0.45825756949558405,1.1841567279978573,0.03136557100791286,0.0,8.588364221433554,0.0
54,14.7,18.14666666666666,0.15581955579566245,0.0,14.8,0.0,0.45825756949558405,1.210161886436367,0.0320171569866375,0.0,4.749736834815167,0.0
55,14.7,18.460190476190473,0.14986319344044574,0.0,11.2,0.0,0.45825756949558405,1.0879248840282993,0.03221123332508137,0.0,6.144916598294887,0.0
56,14.7,18.992380952380948,0.15782214195877156,0.0,15.6,0.0,0.45825756949558405,0.9819666508600812,0.037405940563331366,0.0,7.255342858886822,0.0
57,14.7,19.50209523809523,0.15686505362838282,0.0,15.1,0.0,0.45825756949558405,1.175992333416326,0.034302202279511196,0.0,8.055432949258531,0.0
58,14.7,19.647904761904762,0.1578429061464284,0.0,9.2,0.0,0.45825756949558405,1.1146885759328484,0.032472137749137195,0.0,5.075431016179809,0.0
59,14.7,19.84428571428571,0.1573157482433121,0.0,9.9,0.0,0.45825756949558405,1.2023571143323,0.03520957174028698,0.0,4.060788100849391,0.0
60,14.7,20.58228571428571,0.1609296677708424,0.0,18.4,0.0,0.45825756949558405,1.0186960853393512,0.03953092894062476,0.0,6.499230723708768,0.0
61,14.7,21.226095238095237,0.16053413894488464,0.0,17.2,0.0,0.45825756949558405,1.1639754538403568,0.039876714033928506,0.0,5.946427498927402,0.0
62,14.7,21.424095238095237,0.15762570638737103,0.0,10.4,0.0,0.45825756949558405,1.305720610592165,0.043561055215376364,0.0,4.454211490264018,0.0
63,14.7,21.35209523809524,0.15594741547966257,0.0,5.6,0.0,0.45825756949558405,1.4279509795507728,0.042483500487560805,0.0,4.454211490264018,0.0
64,14.7,22.160952380952384,0.15816304889029079,0.0,18.8,0.0,0.45825756949558405,1.3437042920560336,0.04371888541400477,0.0,5.3814496188294845,0.0
65,14.6,23.118095238095243,0.15150581198776025,0.0,19.9,0.0,0.48989794855663565,1.729908442650842,0.04740040783279286,0.0,5.940538696111658,0.0
66,14.6,23.452571428571435,0.14805376188418398,0.0,12.0,0.0,0.48989794855663565,1.6512497184414812,0.045596035964062184,0.0,5.932958789676531,0.0
67,14.6,23.38419047619048,0.14672241678376038,0.0,5.6,0.0,0.48989794855663565,1.7705152381769538,0.04533885640745711,0.0,4.454211490264018,0.0
68,14.6,23.864190476190483,0.15220571141709308,0.0,13.6,0.0,0.48989794855663565,1.8049852456353939,0.04942051243602791,0.0,4.454211490264018,0.0
69,14.6,24.70800000000001,0.1517743219077497,0.0,19.2,0.0,0.48989794855663565,2.0320075169036285,0.048973575385880486,0.0,6.144916598294887,0.0
70,14.6,25.28076190476192,0.1448158607254603,0.0,15.6,0.0,0.48989794855663565,1.9433361594359944,0.04798407370660318,0.0,7.255342858886822,0.0
71,14.6,25.364380952380966,0.14174706158539377,0.0,8.0,0.0,0.48989794855663565,1.883017995393319,0.04831283569405313,0.0,4.381780460041329,0.0
72,14.6,25.84390476190477,0.14724479311459224,0.0,13.6,0.0,0.48989794855663565,1.8253397757820788,0.049386608645594014,0.0,4.079215610874228,0.0
73,14.5,26.46851282051283,0.14341352548770772,0.0,14.0,0.0,0.6708203932499369,1.868393673761475,0.039932990113672635,0.0,5.138093031466052,0.0
74,14.5,26.99772161172163,0.13972683053522555,0.0,14.8,0.0,0.6708203932499369,1.8012787675592221,0.041041727912212514,0.0,5.075431016179809,0.0
75,14.5,27.285135531135552,0.13422452200985704,0.0,11.2,0.0,0.6708203932499369,1.7334585795212927,0.04382456017273451,0.0,4.308131845707603,0.0
76,14.5,27.849765567765587,0.13927720794315018,0.0,14.8,0.0,0.6708203932499369,1.6235618415988857,0.044523480840034796,0.0,4.4,0.0
77,14.5,28.419465201465222,0.1389798987958621,0.0,15.2,0.0,0.6708203932499369,1.9685359304865129,0.042190842404702514,0.0,7.547184905645283,0.0
78,14.5,28.59087179487181,0.1402363590779731,0.0,10.8,0.0,0.6708203932499369,2.020735050400508,0.043323040156304025,0.0,6.462197768561405,0.0
79,14.5,28.917802197802217,0.13387350822493088,0.0,11.6,0.0,0.6708203932499369,2.0266554138627546,0.043350018203133986,0.0,5.2,0.0
80,14.5,29.610432234432256,0.13662608215486488,0.0,16.8,0.0,0.6708203932499369,1.886703167825759,0.04582389558651666,0.0,6.144916598294887,0.0
81,14.5,30.270703296703317,0.13710736076211444,0.0,16.8,0.0,0.6708203932499369,1.982324022399054,0.04235731288563978,0.0,5.3065996645686395,0.0
82,14.5,30.51325274725277,0.1374953600619871,0.0,10.0,0.0,0.6708203932499369,1.9878767266057729,0.043168334745673026,0.0,5.138093031466052,0.0
83,14.5,30.550952380952406,0.13381363146343533,0.0,7.2,0.0,0.6708203932499369,2.023168447483657,0.042178516350037526,0.0,6.64529909033446,0.0
84,14.5,31.280527472527496,0.13612904207229445,0.0,17.2,0.0,0.6708203932499369,2.062562994008844,0.04395016520716505,0.0,5.3814496188294845,0.0
85,14.5,32.102608058608084,0.13441658888097185,0.0,18.8,0.0,0.6708203932499369,2.1396919660587583,0.04123073856573873,0.0,7.166589146867567,0.0
86,14.5,32.49449084249086,0.13286792639728137,0.0,13.2,0.0,0.6708203932499369,2.0733362951597987,0.04028461926385059,0.0,7.386474125047755,0.0
87,14.5,32.51666666666669,0.13097873751994127,0.0,6.4,0.0,0.6708203932499369,2.145054587574283,0.04114888076728798,0.0,5.122499389946279,0.0
88,14.5,32.98177289377293,0.1343802039411522,0.0,13.2,0.0,0.6708203932499369,2.1582903552342283,0.04220272635646002,0.0,4.019950248448356,0.0
89,14.5,33.89632234432237,0.13180209628069267,0.0,20.0,0.0,0.6708203932499369,2.3325696087805237,0.04058977593794593,0.0,5.656854249492381,0.0
90,14.5,34.426014652014686,0.12934537525729084,0.0,14.4,0.0,0.6708203932499369,2.152607081344775,0.03982303412666894,0.0,6.740919818541087,0.0
91,14.5,34.62552380952384,0.1249318685904798,0.0,9.2,0.0,0.6708203932499369,2.1049127633934392,0.04063005267797456,0.0,4.4,0.0
92,14.5,34.97415384615387,0.13156447541477453,0.0,12.0,0.0,0.6708203932499369,2.2375753311348414,0.042293423695615916,0.0,4.0,0.0
93,14.5,35.56556776556779,0.13230777750014913,0.0,15.6,0.0,0.6708203932499369,2.4804017186335288,0.04098140724787188,0.0,4.5431266766402185,0.0
94,14.5,36.16010989010992,0.12896262672390277,0.0,15.2,0.0,0.6708203932499369,2.4333861510893495,0.04245487493733868,0.0,4.66476151587624,0.0
95,14.5,36.44895238095242,0.12520509927358972,0.0,10.8,0.0,0.6708203932499369,2.3419231665265703,0.043732243633092346,0.0,4.749736834815167,0.0
96,14.5,37.04739194139198,0.1268961549296725,0.0,15.2,0.0,0.6708203932499369,2.2249054072885044,0.04123171091423364,0.0,4.664761515876241,0.0
97,14.5,37.58099633699637,0.1286199046872973,0.0,14.8,0.0,0.6708203932499369,2.567028486790881,0.04039432886320977,0.0,5.946427498927402,0.0
98,14.5,37.82040293040297,0.12993288067731507,0.0,10.4,0.0,0.6708203932499369,2.5166428863803874,0.04038916035931111,0.0,5.986651818838307,0.0
99,14.5,38.15590476190481,0.12428638597433124,0.0,11.2,0.0,0.6708203932499369,2.5231743333652745,0.04156841713412919,0.0,4.664761515876241,0.0
100,14.5,38.905106227106266,0.12570799832203272,0.0,17.6,0.0,0.6708203932499369,2.504869203304604,0.04256691262050207,0.0,5.4258639865002145,0.0
101,14.5,39.6245201465202,0.12498370477685221,0.0,17.2,0.0,0.6708203932499369,2.6286830965720163,0.04098616867393746,0.0,4.4,0.0
102,14.5,39.9057362637363,0.1256029762643982,0.0,10.4,0.0,0.6708203932499369,2.6663549485824825,0.04124677252048804,0.0,5.122499389946279,0.0
103,14.5,39.951435897435935,0.12310057904098581,0.0,6.8,0.0,0.6708203932499369,2.6602709436433543,0.040373048147753436,0.0,5.075431016179808,0.0
104,14.5,40.6969157509158,0.1242848943292784,0.0,17.6,0.0,0.6708203932499369,2.6355521132736244,0.04222789714004115,0.0,4.8,0.0
105,14.5,41.6292820512821,0.12067576347052791,0.0,20.4,0.0,0.6708203932499369,2.6806392043345113,0.03881812855532841,0.0,6.311893535223801,0.0
106,14.5,41.952688644688685,0.12185507454605822,0.0,11.2,0.0,0.6708203932499369,2.587185134889147,0.03979306458189466,0.0,6.6452990903344595,0.0
107,14.5,41.993531135531185,0.12019843258877186,0.0,6.8,0.0,0.6708203932499369,2.6434090470417977,0.040183174151453976,0.0,4.749736834815167,0.0
108,14.5,42.433304029304075,0.12457074514136723,0.0,12.8,0.0,0.6708203932499369,2.703521684792059,0.041010821914116286,0.0,3.4871191548325386,0.0
109,14.5,43.39137728937733,0.12021601522392314,0.0,20.8,0.0,0.6708203932499369,2.870338273242694,0.03922517981103976,0.0,5.6000000000000005,0.0
110,14.5,43.92773626373631,0.11862304151776563,0.0,14.4,0.0,0.6708203932499369,2.779173340485731,0.04050262101818362,0.0,6.248199740725324,0.0
111,14.5,44.06810256410261,0.11625714144140839,0.0,8.4,0.0,0.6708203932499369,2.698242658741196,0.039927967221440555,0.0,4.543126676640219,0.0
112,14.5,44.5163516483517,0.11990102670916454,0.0,12.8,0.0,0.6708203932499369,2.804953057918571,0.03998513951618634,0.0,3.9191835884530852,0.0
113,14.5,45.125956043956094,0.11956087177389689,0.0,16.0,0.0,0.6708203932499369,2.989343794596174,0.03809578665804806,0.0,4.732863826479693,0.0
114,14.5,45.65649816849822,0.11826426141082332,0.0,14.4,0.0,0.6708203932499369,2.97691452833375,0.04114033713498293,0.0,5.122499389946279,0.0
115,14.5,46.00981684981691,0.11365859330088827,0.0,11.6,0.0,0.6708203932499369,2.8218092017179193,0.03970117666190183,0.0,4.882622246293481,0.0
116,14.5,46.491304029304075,0.11829348133704609,0.0,13.6,0.0,0.6708203932499369,2.845579619342436,0.040883387425083184,0.0,4.079215610874228,0.0
117,14.5,47.11119413919419,0.1183631100636731,0.0,15.6,0.0,0.6708203932499369,3.0791383678525563,0.039350134304384755,0.0,5.782732917920384,0.0
118,14.5,47.41774358974365,0.1181957790436303,0.0,10.8,0.0,0.6708203932499369,3.119194177702263,0.03899005279116903,0.0,5.3814496188294845,0.0
119,14.5,47.746578754578806,0.11407914563922579,0.0,11.2,0.0,0.6708203932499369,3.1427032529414967,0.04171189467033314,0.0,4.9959983987187195,0.0
120,14.5,48.50063736263742,0.1147746328361546,0.0,17.6,0.0,0.6708203932499369,3.0379613368676637,0.04080818243047782,0.0,5.4258639865002145,0.0
121,14.5,49.217765567765625,0.11453939592631864,0.0,17.2,0.0,0.6708203932499369,3.0847413111172846,0.039339523299181334,0.0,4.4,0.0
122,14.5,49.46698168498174,0.11575520000708461,0.0,10.0,0.0,0.6708203932499369,3.1276928377651765,0.03879909653224017,0.0,5.138093031466052,0.0
123,14.5,49.539824175824236,0.11363256975190686,0.0,7.2,0.0,0.6708203932499369,3.1623050828678525,0.03842709557045757,0.0,4.995998398718719,0.0
124,14.5,50.262732600732654,0.11487462332004734,0.0,17.2,0.0,0.6708203932499369,3.2526106033485047,0.040434229940989386,0.0,5.3814496188294845,0.0
125,14.5,51.13776556776562,0.11240831318149905,0.0,19.6,0.0,0.6708203932499369,3.269728481254821,0.03956573062409683,0.0,6.053098380168624,0.0
126,14.5,51.51850549450554,0.11289666533907257,0.0,12.0,0.0,0.6708203932499369,3.1954221955639865,0.04022226574881466,0.0,6.44980619863884,0.0
127,14.5,51.55220512820519,0.11181275901498375,0.0,6.8,0.0,0.6708203932499369,3.2559285784419516,0.03987934927360024,0.0,4.749736834815167,0.0
128,14.5,51.98969230769237,0.11554094339301842,0.0,12.8,0.0,0.6708203932499369,3.2809166955778766,0.039217866612308076,0.0,2.993325909419153,0.0
129,14.5,52.929575091575146,0.11253429780863014,0.0,20.4,0.0,0.6708203932499369,3.413301857717565,0.03945826454627468,0.0,5.2,0.0
130,14.5,53.39298168498175,0.11172073535998203,0.0,13.6,0.0,0.6708203932499369,3.2841712525963387,0.04073356388872549,0.0,7.200000000000001,0.0
131,14.5,53.56534798534805,0.10925667928085107,0.0,8.8,0.0,0.6708203932499369,3.174493555823224,0.03917943008864382,0.0,4.664761515876241,0.0
132,14.5,54.008739926739985,0.1129889938922066,0.0,12.8,0.0,0.6708203932499369,3.3698116739308834,0.03939673301659561,0.0,4.664761515876241,0.0
133,14.5,54.59253479853486,0.11346138764537847,0.0,15.2,0.0,0.6708203932499369,3.455867162417469,0.03788711324969646,0.0,4.664761515876241,0.0
134,14.5,55.18707692307697,0.1113011350898678,0.0,15.2,0.0,0.6708203932499369,3.454335128738088,0.03931912780073174,0.0,4.66476151587624,0.0
135,14.5,55.48306227106233,0.10843369896154824,0.0,10.8,0.0,0.6708203932499369,3.3836226655414587,0.04076429534040032,0.0,4.019950248448356,0.0
136,14.5,56.04902564102569,0.11080132148016972,0.0,14.8,0.0,0.6708203932499369,3.3318885326420116,0.039278916853822454,0.0,4.019950248448356,0.0
137,14.5,56.6346300366301,0.11131355403718635,0.0,15.2,0.0,0.6708203932499369,3.5293885178844433,0.038859013562571536,0.0,5.6000000000000005,0.0
138,14.5,56.82241758241764,0.1129076147170208,0.0,9.2,0.0,0.6708203932499369,3.5334530999031513,0.03970781941350562,0.0,6.20966987850401,0.0
139,14.5,57.1832527472528,0.10930194492666641,0.0,11.6,0.0,0.6708203932499369,3.5281977644952516,0.0411682489736096,0.0,4.5431266766402185,0.0
140,14.5,57.832358974359025,0.11183766087312877,0.0,16.4,0.0,0.6708203932499369,3.510584290770763,0.040766637623092516,0.0,4.882622246293481,0.0
141,14.5,58.57891575091579,0.11090175299116486,0.0,17.6,0.0,0.6708203932499369,3.5259194321245255,0.03898442777471333,0.0,5.122499389946279,0.0
142,14.5,58.76851282051285,0.11188437870975458,0.0,9.2,0.0,0.6708203932499369,3.643071224939084,0.03956353317469597,0.0,5.075431016179808,0.0
143,14.5,58.7502124542125,0.11185897380070578,0.0,6.0,0.0,0.6708203932499369,3.761808479987403,0.04091900643056336,0.0,5.440588203494177,0.0
144,14.5,59.530454212454245,0.11203381647009632,0.0,18.0,0.0,0.6708203932499369,3.789449089241288,0.040468611480957054,0.0,4.8166378315169185,0.0
145,14.5,60.336915750915786,0.11116056840378945,0.0,18.8,0.0,0.6708203932499369,3.794607615148689,0.040434642060895046,0.0,5.946427498927402,0.0
146,14.5,60.67851282051286,0.11133838805721623,0.0,11.6,0.0,0.6708203932499369,3.730626866151047,0.0404409039628335,0.0,6.56048778674269,0.0
147,14.5,60.726021978022004,0.11076667738192958,0.0,6.8,0.0,0.6708203932499369,3.7924466541785726,0.04047389449515496,0.0,4.749736834815167,0.0
148,14.5,61.18312820512823,0.11402993618624835,0.0,13.1,0.0,0.6708203932499369,3.853692307970834,0.038694620005588036,0.0,3.5341194094144583,0.0
149,14.5,62.09101098901101,0.11193011485415201,0.0,20.0,0.0,0.6708203932499369,3.9263259071893493,0.038746945405768125,0.0,5.656854249492381,0.0
150,14.5,62.51527472527474,0.11112803586018764,0.0,13.2,0.0,0.6708203932499369,3.888025239085331,0.03979038669143503,0.0,5.670978751503131,0.0
151,14.5,62.60497435897438,0.11063524522134867,0.0,7.6,0.0,0.6708203932499369,3.9280614878036526,0.041056579657373374,0.0,4.5431266766402185,0.0
152,14.5,63.02865201465204,0.11383793520327493,0.0,12.8,0.0,0.6708203932499369,3.9625879486129976,0.03951661102167362,0.0,4.308131845707604,0.0
153,14.5,63.587113553113554,0.11443501558779505,0.0,14.8,0.0,0.6708203932499369,4.05126060158327,0.039648436767521104,0.0,4.4,0.0
154,14.5,64.11536996336996,0.11300559636587429,0.0,14.4,0.0,0.6708203932499369,4.011301616974975,0.04021737607330998,0.0,5.425863986500215,0.0
155,14.5,64.41316483516485,0.11036754892897538,0.0,10.8,0.0,0.6708203932499369,3.984718919062175,0.040801506537465684,0.0,3.1240998703626617,0.0
156,14.5,64.9156043956044,0.11370696273356251,0.0,14.0,0.0,0.6708203932499369,4.064343852048523,0.041663225333206766,0.0,4.09878030638384,0.0
157,14.5,65.5012087912088,0.11462727230682265,0.0,15.2,0.0,0.6708203932499369,4.151156216876242,0.04005085380539149,0.0,5.878775382679628,0.0
158,14.5,65.68899633699633,0.11568080911658092,0.0,9.2,0.0,0.6708203932499369,4.243738509684839,0.040728310218947746,0.0,5.3814496188294845,0.0
159,14.5,66.01068864468864,0.11301315622797051,0.0,11.2,0.0,0.6708203932499369,4.296817797293315,0.04166372036139097,0.0,4.664761515876241,0.0
160,14.5,66.68379487179486,0.11402624483242907,0.0,16.7,0.0,0.6708203932499369,4.148474099065222,0.03955103225058681,0.0,5.177837386399848,0.0
161,14.5,67.36892307692305,0.11425466116958793,0.0,16.8,0.0,0.6708203932499369,4.178167630433692,0.0400779507987965,0.0,4.308131845707604,0.0
162,14.5,67.55852014652012,0.11578227139434623,0.0,9.2,0.0,0.6708203932499369,4.257333596936739,0.040685788680845256,0.0,5.3814496188294845,0.0
163,14.5,67.57221978021975,0.1158026152376537,0.0,6.4,0.0,0.6708203932499369,4.358842516034841,0.041727059691498425,0.0,5.122499389946279,0.0
164,14.5,68.31998534798534,0.11654139334389743,0.0,17.6,0.0,0.6708203932499369,4.448859321679914,0.04180783506537741,0.0,4.8,0.0
165,14.5,69.15635164835162,0.11519253384097383,0.0,19.2,0.0,0.6708203932499369,4.33268516305863,0.040554097575857546,0.0,6.4,0.0
166,14.5,69.43880586080584,0.11592302439689786,0.0,10.8,0.0,0.6708203932499369,4.357678454954936,0.041474815162584916,0.0,6.4621977685614045,0.0
167,14.5,69.45431501831499,0.1160584281741653,0.0,6.4,0.0,0.6708203932499369,4.499124292650316,0.04151739195318474,0.0,5.122499389946279,0.0
168,14.5,69.88380219780215,0.11891700137015307,0.0,12.7,0.0,0.6708203932499369,4.55554230513086,0.04066064475592387,0.0,3.950949253027683,0.0
169,14.5,70.77558974358969,0.11719315842389652,0.0,20.0,0.0,0.6708203932499369,4.644344352777208,0.04201859701760225,0.0,5.932958789676531,0.0
170,14.5,71.18166300366296,0.1168246804250932,0.0,12.8,0.0,0.6708203932499369,4.571628664265829,0.0426431205261471,0.0,7.332121111929343,0.0
171,14.5,71.29669597069592,0.11637850538330552,0.0,8.0,0.0,0.6708203932499369,4.605896388241121,0.04366551215627504,0.0,4.732863826479693,0.0
172,14.5,71.69732600732596,0.11918899932467904,0.0,12.4,0.0,0.6708203932499369,4.689267757736225,0.04143388085916486,0.0,4.17612260356422,0.0
173,14.5,72.30826373626368,0.11973605023123175,0.0,15.6,0.0,0.6708203932499369,4.712328556718484,0.04085324974474072,0.0,4.882622246293481,0.0
174,14.5,72.77918681318675,0.11868538404513825,0.0,13.6,0.0,0.6708203932499369,4.8297029062008265,0.042294411900123736,0.0,5.122499389946279,0.0
175,14.5,72.98583882783876,0.11769313250176605,0.0,9.6,0.0,0.6708203932499369,4.86754011789177,0.04297035894036334,0.0,4.079215610874228,0.0
176,14.5,73.47704029304022,0.1204404947756829,0.0,14.0,0.0,0.6708203932499369,4.859741110388262,0.04244244553462941,0.0,4.8166378315169185,0.0
177,14.5,74.03731135531127,0.12145689680955023,0.0,14.8,0.0,0.6708203932499369,4.956119897844905,0.04286493728846078,0.0,5.670978751503131,0.0
178,14.5,74.27757509157502,0.1219325536187531,0.0,10.0,0.0,0.6708203932499369,4.989856375255816,0.042930061127589764,0.0,5.727128425310541,0.0
179,14.5,74.61307692307685,0.11959289371787374,0.0,11.2,0.0,0.6708203932499369,5.063296442247889,0.04411355454720294,0.0,4.9959983987187195,0.0
180,14.5,75.26218315018306,0.120474913898781,0.0,16.4,0.0,0.6708203932499369,5.01876489251662,0.04223113085900426,0.0,4.5431266766402185,0.0
181,14.5,75.91531135531127,0.12139584592090417,0.0,16.4,0.0,0.6708203932499369,5.0087780743582675,0.04285993066204641,0.0,4.176122603564219,0.0
182,14.5,76.0270989010988,0.12287903973875602,0.0,8.4,0.0,0.6708203932499369,5.240683370589272,0.04385893570847767,0.0,5.499090833947008,0.0
183,14.5,76.01546520146508,0.12334328501960459,0.0,6.0,0.0,0.6708203932499369,5.3935597042340815,0.0450085872435698,0.0,5.440588203494177,0.0
184,14.5,76.71075457875446,0.12410620899228833,0.0,16.8,0.0,0.6708203932499369,5.429718259408209,0.04490829517378234,0.0,6.144916598294887,0.0
185,14.5,77.56121611721599,0.12245298196908776,0.0,19.6,0.0,0.6708203932499369,5.246131868617768,0.04267424379234277,0.0,7.031358332498779,0.0
186,14.5,77.87567032967021,0.12272015039351676,0.0,11.2,0.0,0.6708203932499369,5.195670817279485,0.0427569073735189,0.0,7.110555533852471,0.0
187,14.5,77.92498901098888,0.12253317988790413,0.0,6.8,0.0,0.6708203932499369,5.369309104704005,0.04327291513552095,0.0,5.075431016179808,0.0
188,14.5,78.27085714285701,0.1258341500096244,0.0,11.6,0.0,0.6708203932499369,5.523036697990193,0.04379134346810976,0.0,3.7735924528226414,0.0
189,14.5,79.13340659340648,0.12500775174865356,0.0,19.6,0.0,0.6708203932499369,5.530064959295151,0.04475508042638686,0.0,6.3118935352238,0.0
190,14.5,79.50081318681305,0.12446878742462766,0.0,12.4,0.0,0.6708203932499369,5.561652079783969,0.044494314671542225,0.0,5.782732917920384,0.0
191,14.5,79.61584615384602,0.12421377907461122,0.0,8.0,0.0,0.6708203932499369,5.611673077769971,0.04483819105536913,0.0,4.381780460041329,0.0
192,14.4,80.56971428571413,0.1210046897688721,0.0,12.8,0.0,0.6633249580710799,5.1855183101715285,0.03305435429321042,0.0,4.995998398718719,0.0
193,14.4,81.1259853479852,0.12197080131458446,0.0,14.8,0.0,0.6633249580710799,5.236119020333093,0.033682443112409706,0.0,4.4,0.0
194,14.4,81.59338461538445,0.12084218038580483,0.0,13.6,0.0,0.6633249580710799,5.174286500009199,0.03467263325370689,0.0,5.986651818838306,0.0
195,14.4,81.83032234432218,0.11975285339478874,0.0,10.0,0.0,0.6633249580710799,5.189588438065419,0.03514213360677006,0.0,3.687817782917155,0.0
196,14.4,82.27628571428554,0.12235985605826342,0.0,13.2,0.0,0.6633249580710799,5.2194910908214975,0.034919442048064915,0.0,4.019950248448356,0.0
197,14.4,82.87808058608042,0.12348791839784619,0.0,15.2,0.0,0.6633249580710799,5.29476333173329,0.035013417976100594,0.0,5.878775382679628,0.0
198,14.4,83.05748717948701,0.1236997451993,0.0,9.2,0.0,0.6633249580710799,5.444089364028502,0.035074891478623645,0.0,5.3814496188294845,0.0
199,14.4,83.3899413919412,0.12187931476131439,0.0,11.2,0.0,0.6633249580710799,5.5085334209336105,0.03539976440572907,0.0,4.664761515876241,0.0
200,14.4,83.99333333333314,0.12351374257421957,0.0,15.6,0.0,0.6633249580710799,5.483071089401267,0.034817472996389646,0.0,3.7735924528226414,0.0
201,14.4,84.65322344322324,0.12384669120700989,0.0,16.4,0.0,0.6633249580710799,5.4505492180914334,0.03523524257911323,0.0,4.882622246293481,0.0
202,14.4,84.76323076923056,0.12506365882466727,0.0,8.4,0.0,0.6633249580710799,5.462634647936554,0.036229238685022806,0.0,5.499090833947008,0.0
203,14.4,84.78540659340639,0.12525528721990148,0.0,6.4,0.0,0.6633249580710799,5.59105868012908,0.036875110011331785,0.0,5.122499389946279,0.0
204,14.4,85.51145787545767,0.12549045590975857,0.0,17.2,0.0,0.6633249580710799,5.6261411667102985,0.03637013930074388,0.0,4.749736834815167,0.0
205,14.4,86.2919194139192,0.12578897849934242,0.0,18.4,0.0,0.6633249580710799,5.546576159282024,0.03659692596041099,0.0,5.4258639865002145,0.0
206,14.4,86.57265934065911,0.1254473701308974,0.0,10.8,0.0,0.6633249580710799,5.617451947004052,0.03649946951089642,0.0,6.462197768561405,0.0
207,14.4,86.56464468864445,0.12616879148311594,0.0,6.0,0.0,0.6633249580710799,5.820534640742636,0.037224047958920085,0.0,5.138093031466052,0.0
208,14.4,86.94127472527448,0.1288753947536633,0.0,12.0,0.0,0.6633249580710799,5.896409774284151,0.03677000460753784,0.0,4.381780460041329,0.0
209,14.4,87.81982417582394,0.12790933860704035,0.0,19.6,0.0,0.6633249580710799,5.8631801398820835,0.03729545581833751,0.0,4.5431266766402185,0.0
210,14.4,88.18421245421221,0.12742408644686862,0.0,12.4,0.0,0.6633249580710799,5.731442687440988,0.03769608026220369,0.0,7.255342858886822,0.0
211,14.4,88.33486446886423,0.12686987363162217,0.0,8.4,0.0,0.6633249580710799,5.759638019948668,0.03746050850086837,0.0,4.543126676640219,0.0
212,14.4,88.71330402930377,0.12957938992670986,0.0,12.0,0.0,0.6633249580710799,5.9238897389876515,0.03735964274958456,0.0,4.0,0.0
213,14.4,89.2812893772891,0.13083571041152944,0.0,14.8,0.0,0.6633249580710799,5.9374061659711215,0.0377025880557736,0.0,5.075431016179809,0.0
214,14.4,89.74154578754552,0.12937203549044224,0.0,13.6,0.0,0.6633249580710799,6.02299336764837,0.03807829482652577,0.0,4.454211490264017,0.0
215,14.4,89.94648351648326,0.12896041347428341,0.0,9.6,0.0,0.6633249580710799,6.080195480569727,0.038686414482897724,0.0,4.079215610874228,0.0
216,14.4,90.46358974358947,0.13069215941838525,0.0,14.0,0.0,0.6633249580710799,6.087918050891175,0.03809645885382083,0.0,5.138093031466052,0.0
217,14.3,91.60986080586054,0.1260854316426203,0.0,14.8,0.0,0.6403124237432849,5.535016891589195,0.03409940158596091,0.0,5.670978751503131,0.0
218,14.3,91.72520146520118,0.12708440222898723,0.0,8.4,0.0,0.6403124237432849,5.453869398530422,0.0348769599909114,0.0,6.3118935352238,0.0
219,14.3,92.1222271062268,0.12472298931371398,0.0,12.0,0.0,0.6403124237432849,5.494797605539051,0.03481674684907442,0.0,4.381780460041329,0.0
220,14.3,92.71295238095207,0.12616304813490672,0.0,15.2,0.0,0.6403124237432849,5.528426956809634,0.033967009735807664,0.0,3.9191835884530852,0.0
221,14.3,93.414366300366,0.12673395394066364,0.0,16.8,0.0,0.6403124237432849,5.455298763639897,0.03407232824086115,0.0,4.308131845707603,0.0
222,14.3,93.56843956043926,0.12727898595523518,0.0,8.8,0.0,0.6403124237432849,5.64449801427118,0.034617715361413205,0.0,5.30659966456864,0.0
223,14.3,93.55861538461507,0.1279536894195211,0.0,6.0,0.0,0.6403124237432849,5.797260023327596,0.03550118877203064,0.0,5.440588203494177,0.0
224,14.3,94.21790476190444,0.12903078062930787,0.0,16.8,0.0,0.6403124237432849,5.95218818430711,0.03507559823388031,0.0,4.9959983987187195,0.0
225,14.3,95.01360439560406,0.12880387178536518,0.0,18.4,0.0,0.6403124237432849,5.806881700752082,0.03473033634469988,0.0,5.4258639865002145,0.0
226,14.3,95.23208791208758,0.12916664492904056,0.0,10.0,0.0,0.6403124237432849,5.652430106633114,0.03524570109218753,0.0,7.429670248402684,0.0
227,14.3,95.25607326007292,0.12957604983391843,0.0,6.4,0.0,0.6403124237432849,5.805929972128132,0.035527064158773575,0.0,4.8,0.0
228,14.3,95.63279853479818,0.13205866324102572,0.0,12.0,0.0,0.6403124237432849,5.980798009562982,0.03558296933290289,0.0,3.5777087639996634,0.0
229,14.3,96.5244908424905,0.13145319704058983,0.0,19.6,0.0,0.6403124237432849,5.933875742807433,0.03609681988970032,0.0,5.499090833947008,0.0
230,14.3,96.90132600732564,0.13073357378634257,0.0,12.4,0.0,0.6403124237432849,5.959984727555001,0.03648782515170103,0.0,5.782732917920384,0.0
231,14.3,96.9626446886443,0.1311700752355369,0.0,7.2,0.0,0.6403124237432849,6.082254888299026,0.037305011155934986,0.0,4.66476151587624,0.0
232,14.3,97.35060805860769,0.13326734524043754,0.0,12.0,0.0,0.6403124237432849,6.186389902071135,0.03557873712193579,0.0,5.059644256269407,0.0
233,14.3,97.91459340659304,0.13388327421522475,0.0,14.8,0.0,0.6403124237432849,6.263817146173529,0.03641137007307204,0.0,5.3814496188294845,0.0
234,14.3,98.30906959706921,0.1332794332636235,0.0,12.8,0.0,0.6403124237432849,6.155108962163867,0.037341464119434765,0.0,6.144916598294887,0.0
235,14.3,98.52867399267362,0.13234984051414617,0.0,9.6,0.0,0.6403124237432849,6.148777929527669,0.037228902858572735,0.0,3.6660605559646724,0.0
236,14.3,98.98854212454174,0.13446126811114698,0.0,13.2,0.0,0.6403124237432849,6.266241876952648,0.03704998811381797,0.0,4.4,0.0
237,14.3,99.54947985347948,0.13581617602679147,0.0,14.8,0.0,0.6403124237432849,6.286153696758079,0.037308706071182585,0.0,6.20966987850401,0.0
238,14.3,99.72888644688604,0.13602293434463011,0.0,9.2,0.0,0.6403124237432849,6.412422725615004,0.03756503588862994,0.0,5.3814496188294845,0.0
239,14.3,100.03962637362596,0.13484757296194833,0.0,10.8,0.0,0.6403124237432849,6.511270757690233,0.03837436853378808,0.0,5.075431016179809,0.0
240,14.3,100.5960659340655,0.13618213619982047,0.0,14.8,0.0,0.6403124237432849,6.486684695012859,0.03690343862687179,0.0,4.4,0.0
241,14.3,101.16262271062229,0.13728831719354326,0.0,15.2,0.0,0.6403124237432849,6.525658516561794,0.038028487149837455,0.0,4.66476151587624,0.0
242,14.3,101.30691575091532,0.13785087139125246,0.0,8.8,0.0,0.6403124237432849,6.505779915958063,0.03850673024432872,0.0,5.30659966456864,0.0
243,14.3,101.32194871794829,0.13821532530906958,0.0,6.4,0.0,0.6403124237432849,6.628335578775479,0.03909734767036096,0.0,5.122499389946279,0.0
244,14.3,101.96723809523766,0.13917010412796488,0.0,16.0,0.0,0.6403124237432849,6.7633988718187315,0.038941461353467675,0.0,5.059644256269407,0.0
245,14.3,102.79950915750871,0.1389236455608196,0.0,18.8,0.0,0.6403124237432849,6.581209554183065,0.03812093507925525,0.0,6.20966987850401,0.0
246,14.3,103.02291575091529,0.13865639722552875,0.0,10.0,0.0,0.6403124237432849,6.683519614337877,0.038691674109955866,0.0,6.752777206453653,0.0
247,14.3,103.00061538461496,0.13912026163084332,0.0,6.0,0.0,0.6403124237432849,6.921260515262146,0.03935427262396582,0.0,5.138093031466052,0.0
248,14.3,103.35734065934021,0.14145554490381868,0.0,11.6,0.0,0.6403124237432849,7.050566130902134,0.03877531515830602,0.0,4.17612260356422,0.0
249,14.3,104.1827472527468,0.14086749526915293,0.0,18.8,0.0,0.6403124237432849,7.048151534965859,0.039540241260341405,0.0,5.3814496188294845,0.0
250,14.3,104.52265934065888,0.14063217559477298,0.0,12.0,0.0,0.6403124237432849,6.819813886832367,0.03980429092530877,0.0,7.797435475847171,0.0
251,14.3,104.63597802197755,0.1405777798566454,0.0,8.0,0.0,0.6403124237432849,6.867859045204946,0.03968028973394821,0.0,4.381780460041329,0.0
252,14.3,104.96251282051234,0.14313661943110614,0.0,11.2,0.0,0.6403124237432849,7.089803690610774,0.039241278254560884,0.0,4.308131845707604,0.0
253,14.3,105.49935531135483,0.14418101276307374,0.0,14.4,0.0,0.6403124237432849,7.127187519667594,0.03996149387684218,0.0,4.8,0.0
254,14.3,105.89875457875408,0.14308499164259397,0.0,12.8,0.0,0.6403124237432849,7.2887747441064,0.04115435731949029,0.0,4.995998398718719,0.0
255,14.3,106.1206446886442,0.14273797059484702,0.0,9.6,0.0,0.6403124237432849,7.300422971301179,0.04120911668090505,0.0,4.079215610874228,0.0
256,14.3,106.60279853479805,0.1442387965586112,0.0,13.6,0.0,0.6403124237432849,7.3653713736203255,0.04007110998999594,0.0,5.425863986500215,0.0
257,14.3,107.10945054945005,0.14542812417576698,0.0,14.0,0.0,0.6403124237432849,7.457079413894175,0.04068495788307573,0.0,6.0,0.0
258,14.3,107.25193406593357,0.14582074795682684,0.0,8.8,0.0,0.6403124237432849,7.329459130573503,0.04095259259028748,0.0,6.3999999999999995,0.0
259,14.3,107.56038827838779,0.14449684797348766,0.0,10.8,0.0,0.6403124237432849,7.413454446035055,0.041259512683463416,0.0,4.749736834815167,0.0
260,14.3,108.13454212454162,0.14606496429837426,0.0,15.2,0.0,0.6403124237432849,7.4655918793653,0.04069166730906119,0.0,4.308131845707604,0.0
261,14.3,108.71052747252698,0.14651517600826663,0.0,15.2,0.0,0.6403124237432849,7.446021906724704,0.04116567832700636,0.0,4.308131845707603,0.0
262,14.3,108.83260073260024,0.1467977301894613,0.0,8.4,0.0,0.6403124237432849,7.666732742557638,0.04196470183841646,0.0,5.782732917920384,0.0
263,14.3,108.8156336996332,0.1475418013443018,0.0,6.0,0.0,0.6403124237432849,7.825218931317801,0.042757598944959174,0.0,5.440588203494177,0.0
264,14.3,109.4537802197797,0.1482653967202548,0.0,16.0,0.0,0.6403124237432849,7.906469723985697,0.04164032967318569,0.0,5.656854249492381,0.0
265,14.3,110.21519413919364,0.1481232117817135,0.0,18.0,0.0,0.6403124237432849,7.855172086503237,0.0418760792952068,0.0,6.0,0.0
266,14.3,110.43367765567714,0.14826670373676826,0.0,10.0,0.0,0.6403124237432849,7.689190291537701,0.042367855817387626,0.0,7.429670248402684,0.0
267,14.3,110.45052014651962,0.148764593938405,0.0,6.4,0.0,0.6403124237432849,7.857180837067565,0.04269304814244264,0.0,4.8,0.0
268,14.3,110.80953113553059,0.1510700382412706,0.0,11.6,0.0,0.6403124237432849,8.019961241086094,0.04243508294119677,0.0,3.7735924528226414,0.0
269,14.3,111.62779487179435,0.15018513771436884,0.0,18.8,0.0,0.6403124237432849,8.006626394821136,0.04301031670753979,0.0,5.670978751503131,0.0
270,14.3,111.9726300366295,0.14933326479751313,0.0,12.0,0.0,0.6403124237432849,8.09183793968628,0.04361088790636765,0.0,5.366563145999495,0.0
271,14.3,112.0268058608053,0.14955481032194362,0.0,7.2,0.0,0.6403124237432849,8.194509712579718,0.04357273112129634,0.0,4.308131845707603,0.0
272,14.3,112.38534065934012,0.15183858979138382,0.0,11.6,0.0,0.6403124237432849,8.379826899982621,0.04284922547359903,0.0,4.543126676640219,0.0
273,14.3,112.88304029303974,0.1529457373451223,0.0,14.0,0.0,0.6403124237432849,8.437374953038539,0.04367125722912431,0.0,4.47213595499958,0.0
274,14.2,114.09696703296648,0.1459428876413244,0.0,12.8,0.0,0.7483314773547883,7.978308525663212,0.044978124780382996,0.0,6.144916598294887,0.0
275,14.2,114.32789010988954,0.1453696984722748,0.0,9.6,0.0,0.7483314773547883,7.975923236128124,0.045120073360270595,0.0,3.6660605559646724,0.0
276,14.2,114.75905494505437,0.14736966397845147,0.0,12.8,0.0,0.7483314773547883,8.163865575070949,0.044434991469009616,0.0,4.308131845707604,0.0
277,14.2,115.2941904761899,0.1479455965353876,0.0,14.4,0.0,0.7483314773547883,8.1783383454305,0.044281345472135324,0.0,5.986651818838306,0.0
278,14.2,115.41445421245366,0.14818858910372376,0.0,8.4,0.0,0.7483314773547883,8.308679543840839,0.04520871483563709,0.0,5.499090833947008,0.0
279,14.2,115.75860073260014,0.1469993440119794,0.0,11.2,0.0,0.7483314773547883,8.448286453905576,0.04627514288009614,0.0,4.995998398718719,0.0
280,14.2,116.32756776556718,0.14825935295116105,0.0,14.8,0.0,0.7483314773547883,8.53234232153602,0.0450978476085688,0.0,4.4,0.0
281,14.2,116.91190476190418,0.14899973218720025,0.0,15.2,0.0,0.7483314773547883,8.558437483581105,0.04563336126475084,0.0,4.308131845707603,0.0
282,14.2,117.0219120879115,0.14965616667622803,0.0,8.4,0.0,0.7483314773547883,8.448461699578178,0.046448750478287566,0.0,5.499090833947008,0.0
283,14.2,117.00265934065874,0.15014393264676873,0.0,6.0,0.0,0.7483314773547883,8.546879599630415,0.04677884760475639,0.0,4.8166378315169185,0.0
284,14.2,117.6847838827833,0.15091257872909075,0.0,16.4,0.0,0.7483314773547883,8.746537011541514,0.04595597368893838,0.0,4.176122603564219,0.0
285,14.2,118.4019999999994,0.15073901966184383,0.0,17.2,0.0,0.7483314773547883,8.642577699490921,0.04619345529116189,0.0,4.749736834815167,0.0
286,14.2,118.62035164835106,0.15052089788583065,0.0,10.0,0.0,0.7483314773547883,8.73006609323148,0.047019394418424405,0.0,6.752777206453653,0.0
287,14.2,118.61233699633638,0.15121177211600828,0.0,6.0,0.0,0.7483314773547883,8.892570515195345,0.04747040670098529,0.0,5.138093031466052,0.0
288,14.2,118.97255677655616,0.15317360479500625,0.0,11.6,0.0,0.7483314773547883,9.099161452994425,0.04643866026707944,0.0,4.882622246293481,0.0
289,14.2,119.80106227106167,0.1527111369288366,0.0,18.8,0.0,0.7483314773547883,9.180432942064469,0.047703357416632675,0.0,5.075431016179809,0.0
290,14.2,120.12029304029242,0.15205586910762375,0.0,11.6,0.0,0.7483314773547883,8.923148157627754,0.047882421796901505,0.0,7.683749084919419,0.0
291,14.2,120.21569963369902,0.1521964661519722,0.0,7.6,0.0,0.7483314773547883,8.99146573609978,0.048182945613965904,0.0,4.5431266766402185,0.0
292,14.2,120.58487179487118,0.15437440935019345,0.0,11.6,0.0,0.7483314773547883,9.245079339286077,0.04738122868572086,0.0,4.17612260356422,0.0
293,14.2,121.11334065934003,0.15495027097934735,0.0,14.4,0.0,0.7483314773547883,9.263064270245712,0.04785807550291819,0.0,5.986651818838306,0.0
294,14.2,121.4981758241752,0.15414695447754076,0.0,12.4,0.0,0.7483314773547883,9.357435280943434,0.04888911082093375,0.0,4.882622246293481,0.0
295,14.2,121.68100366300303,0.15387551486669765,0.0,9.2,0.0,0.7483314773547883,9.447076324978212,0.04964500209827587,0.0,4.749736834815167,0.0
296,14.2,122.15131135531071,0.15547462543873591,0.0,13.2,0.0,0.7483314773547883,9.591203454402287,0.0484804339494701,0.0,5.075431016179809,0.0
297,14.2,122.68422710622644,0.15623929826162566,0.0,14.4,0.0,0.7483314773547883,9.639632446240514,0.04836256154249215,0.0,6.248199740725323,0.0
298,14.2,122.77423443223378,0.15663610309954665,0.0,8.0,0.0,0.7483314773547883,9.507592107053835,0.04912100612865584,0.0,6.196773353931867,0.0
299,14.2,123.10942857142793,0.15565829122485797,0.0,11.2,0.0,0.7483314773547883,9.60544705599586,0.04994819328794669,0.0,4.9959983987187195,0.0
300,14.2,123.6512527472521,0.15704734172072796,0.0,14.4,0.0,0.7483314773547883,9.748053895035456,0.04927026186703773,0.0,4.454211490264017,0.0
301,14.2,124.230666666666,0.15755696233164643,0.0,15.2,0.0,0.7483314773547883,9.735423856767556,0.04971992142884257,0.0,3.919183588453085,0.0
302,14.2,124.34740659340594,0.15784949627364145,0.0,8.4,0.0,0.7483314773547883,9.90413425674879,0.05052081778542832,0.0,5.782732917920384,0.0
303,14.2,124.3647252747246,0.15825323380058554,0.0,6.4,0.0,0.7483314773547883,9.983225715158472,0.05058043954589414,0.0,5.425863986500215,0.0
304,14.2,125.04732600732534,0.15892967196208102,0.0,16.4,0.0,0.7483314773547883,10.19702667949247,0.049886884224766156,0.0,6.311893535223801,0.0
305,14.2,125.76717948717882,0.15894207775266928,0.0,17.2,0.0,0.7483314773547883,10.149759216668185,0.0503159747678578,0.0,4.749736834815167,0.0
306,14.2,125.94813186813118,0.1590489513518267,0.0,9.6,0.0,0.7483314773547883,9.973558814199924,0.050966103778442226,0.0,6.974238309665077,0.0
307,14.2,125.9378315018308,0.1595090258551478,0.0,6.0,0.0,0.7483314773547883,10.128127904173342,0.0512228171331388,0.0,4.47213595499958,0.0
308,14.2,126.28909890109821,0.1616640283398485,0.0,11.6,0.0,0.7483314773547883,10.35650515000513,0.050788976850230726,0.0,3.7735924528226414,0.0
309,14.2,127.12439560439493,0.1609670430942359,0.0,18.8,0.0,0.7483314773547883,10.357842077011851,0.051534894735431346,0.0,5.670978751503131,0.0
310,14.2,127.45521611721544,0.16033105869874326,0.0,11.6,0.0,0.7483314773547883,10.316464360847588,0.05156325390100015,0.0,6.053098380168622,0.0
311,14.2,127.5457655677649,0.1605544874716926,0.0,7.6,0.0,0.7483314773547883,10.439732392082941,0.052081433336541326,0.0,4.5431266766402185,0.0
312,14.2,127.8735091575085,0.16269908349546172,0.0,11.2,0.0,0.7483314773547883,10.691482091197155,0.05121274404421307,0.0,4.995998398718719,0.0
313,14.2,128.4076630036623,0.163295243427663,0.0,14.4,0.0,0.7483314773547883,10.784717890064606,0.052017288630516835,0.0,4.8,0.0
314,14.2,128.7875750915744,0.16265821279703954,0.0,12.4,0.0,0.7483314773547883,10.658962294718446,0.052907960242344634,0.0,5.782732917920384,0.0
315,14.2,129.00421245421177,0.1624313713980585,0.0,9.6,0.0,0.7483314773547883,10.66242158927848,0.05319078654036384,0.0,3.6660605559646724,0.0
316,14.2,129.503948717948,0.16376323299859413,0.0,13.6,0.0,0.7483314773547883,10.792507645994016,0.051818683092230505,0.0,3.6660605559646724,0.0
317,14.2,130.0142271062264,0.1643816360925984,0.0,14.0,0.0,0.7483314773547883,10.826404855841565,0.05212582589715084,0.0,6.260990336999411,0.0
318,14.2,130.13449084249015,0.16460268506322415,0.0,8.4,0.0,0.7483314773547883,10.942442886591396,0.053047623803549895,0.0,5.499090833947008,0.0
319,14.2,130.41006593406522,0.16411940076058132,0.0,10.4,0.0,0.7483314773547883,11.103043601417985,0.05413858691342492,0.0,4.8,0.0
320,14.2,131.01103296703224,0.16510450002579016,0.0,15.2,0.0,0.7483314773547883,11.23115695495913,0.05312715955630942,0.0,3.919183588453085,0.0
321,14.2,131.58822710622638,0.1657422056611388,0.0,15.2,0.0,0.7483314773547883,11.267433739118964,0.05378589979423697,0.0,4.308131845707603,0.0
322,14.2,131.67337728937656,0.16614950245869697,0.0,8.0,0.0,0.7483314773547883,11.167660292880454,0.05433686308535784,0.0,5.366563145999495,0.0
323,14.2,131.7226959706952,0.1662002478637195,0.0,6.8,0.0,0.7483314773547883,11.220503163524171,0.054016905512124166,0.0,5.075431016179808,0.0
324,14.2,132.30875457875385,0.167219717644693,0.0,15.2,0.0,0.7483314773547883,11.391421118974653,0.05375880205932649,0.0,4.664761515876241,0.0
325,14.2,133.04368498168427,0.167022763761591,0.0,17.6,0.0,0.7483314773547883,11.344215955817068,0.05416848798187099,0.0,5.122499389946279,0.0
326,14.2,133.2438461538454,0.16704904991175878,0.0,9.6,0.0,0.7483314773547883,11.381922500108077,0.05469982592860253,0.0,6.740919818541088,0.0
327,14.2,133.26116483516407,0.1675307303548716,0.0,6.4,0.0,0.7483314773547883,11.579364368999665,0.05523392002846076,0.0,5.986651818838306,0.0
328,14.2,133.62138461538387,0.16934529092605757,0.0,11.6,0.0,0.7483314773547883,11.76601099108355,0.054585762714936543,0.0,4.882622246293481,0.0
329,14.2,134.47931868131792,0.16872287369960715,0.0,19.2,0.0,0.7483314773547883,11.784991026009573,0.054973766923895474,0.0,5.30659966456864,0.0
330,14.2,134.77807326007252,0.16835808196159838,0.0,11.2,0.0,0.7483314773547883,11.550025772433504,0.05541658534228015,0.0,7.547184905645283,0.0
331,14.2,134.8325274725267,0.1686907992073792,0.0,7.2,0.0,0.7483314773547883,11.636131325567089,0.05564585165202422,0.0,4.308131845707603,0.0
332,14.2,135.15534798534722,0.1706213578386092,0.0,11.2,0.0,0.7483314773547883,11.85132391923575,0.055262071157002116,0.0,3.4871191548325386,0.0
333,14.2,135.66381684981607,0.17121211792836682,0.0,14.0,0.0,0.7483314773547883,11.842242094871224,0.05561278826261828,0.0,5.138093031466052,0.0
334,14.2,136.06865201465124,0.1705408874614514,0.0,12.8,0.0,0.7483314773547883,11.96797159566252,0.05668686795915515,0.0,4.664761515876241,0.0
335,14.2,136.26757509157432,0.1705439215846288,0.0,9.2,0.0,0.7483314773547883,11.99482848768718,0.056923946042319255,0.0,4.019950248448356,0.0
336,14.2,136.73121611721533,0.1718723884719287,0.0,13.2,0.0,0.7483314773547883,12.185632265755297,0.05614161206056811,0.0,5.381449618829484,0.0
337,14.2,137.26898901098824,0.17239607470233445,0.0,14.4,0.0,0.7483314773547883,12.25691196961642,0.05603368561234934,0.0,6.248199740725323,0.0
338,14.2,137.3447106227098,0.172747595984632,0.0,8.0,0.0,0.7483314773547883,12.115852440375804,0.056849667736480335,0.0,6.196773353931867,0.0
339,14.2,137.6937142857135,0.17191695736871662,0.0,11.2,0.0,0.7483314773547883,12.224676695783783,0.05748806736868815,0.0,4.9959983987187195,0.0
340,14.2,138.22623443223364,0.17312972411398533,0.0,14.4,0.0,0.7483314773547883,12.267745457133776,0.05668751561137822,0.0,3.6660605559646724,0.0
341,14.2,138.80793406593327,0.17361661428874262,0.0,15.2,0.0,0.7483314773547883,12.245346477888448,0.056928397350746,0.0,4.308131845707603,0.0
342,14.2,138.9246739926732,0.1738419640578749,0.0,8.4,0.0,0.7483314773547883,12.340061457733276,0.05701301732146511,0.0,5.782732917920384,0.0
343,14.2,138.90770695970616,0.17434136202150657,0.0,6.0,0.0,0.7483314773547883,12.501761378062877,0.0575074643029058,0.0,5.138093031466052,0.0
344,14.2,139.56268864468785,0.1750419973547861,0.0,16.0,0.0,0.7483314773547883,12.71169287541003,0.05716369305973034,0.0,5.366563145999495,0.0
345,14.2,140.30787545787467,0.17502686250352245,0.0,17.6,0.0,0.7483314773547883,12.700802170049018,0.05755045967570888,0.0,4.8,0.0
346,14.2,140.4959706959699,0.17502891012345995,0.0,9.6,0.0,0.7483314773547883,12.523481404034932,0.0581040536317449,0.0,6.974238309665077,0.0
347,14.2,140.54709890109808,0.17522939828690282,0.0,6.8,0.0,0.7483314773547883,12.625032588769281,0.05781728996655058,0.0,4.749736834815167,0.0
348,14.2,140.8703956043948,0.1769442222382971,0.0,11.2,0.0,0.7483314773547883,12.808251709665445,0.057338476234367164,0.0,3.4871191548325386,0.0
349,14.2,141.70340659340576,0.1763608722369948,0.0,18.8,0.0,0.7483314773547883,12.841560268613394,0.05807333260237002,0.0,4.749736834815167,0.0
350,14.2,141.99098901098822,0.17618419838602628,0.0,11.2,0.0,0.7483314773547883,12.881451494276149,0.05875133939087134,0.0,5.6,0.0
351,14.2,142.04725274725192,0.17675051533539138,0.0,7.2,0.0,0.7483314773547883,12.995470411866428,0.05923027633719176,0.0,4.66476151587624,0.0
352,14.2,142.40928205128122,0.17835633544222845,0.0,11.6,0.0,0.7483314773547883,13.218536557228292,0.05864579268122637,0.0,5.2,0.0
353,14.2,142.9203882783874,0.17913346316874348,0.0,14.0,0.0,0.7483314773547883,13.265812240768742,0.05906956674260792,0.0,4.47213595499958,0.0
354,14.2,143.2616336996329,0.17853293377130078,0.0,12.0,0.0,0.7483314773547883,13.123758724964107,0.059754686397296114,0.0,5.366563145999495,0.0
355,14.2,143.41684249084165,0.17860466408423908,0.0,8.8,0.0,0.7483314773547883,13.170720530012325,0.059977586745663294,0.0,3.9191835884530852,0.0
356,14.2,143.87736996336912,0.17969904099711212,0.0,13.2,0.0,0.7483314773547883,13.250036646945727,0.05864015656544072,0.0,3.6,0.0
357,14.2,144.41479120879035,0.18009195888235296,0.0,14.4,0.0,0.7483314773547883,13.320989078241166,0.058962876738660526,0.0,7.200000000000001,0.0
358,14.2,144.50972161172075,0.180519132533459,0.0,8.0,0.0,0.7483314773547883,13.390350610027246,0.05956741578680617,0.0,5.366563145999495,0.0
359,14.2,144.8449157509149,0.1799571498603562,0.0,11.2,0.0,0.7483314773547883,13.575445927323884,0.0606275083650033,0.0,5.8787753826796285,0.0
360,14.2,145.35245421245335,0.18113301916167276,0.0,14.0,0.0,0.7483314773547883,13.703248120717548,0.05999730054228157,0.0,4.8166378315169185,0.0
361,14.2,145.95450549450464,0.18155005343965294,0.0,15.6,0.0,0.7483314773547883,13.704550932376417,0.05982561940078289,0.0,4.882622246293481,0.0
362,14.2,146.0143223443215,0.18183063771601427,0.0,7.6,0.0,0.7483314773547883,13.60196141928885,0.060265270374620414,0.0,4.543126676640219,0.0
363,14.2,146.02268864468778,0.18235426766050006,0.0,6.4,0.0,0.7483314773547883,13.699002937744474,0.06061350233009488,0.0,5.122499389946279,0.0
364,14.2,146.61103296703212,0.1832262410959715,0.0,15.2,0.0,0.7483314773547883,13.886341767108101,0.060281102900923436,0.0,4.664761515876242,0.0
365,14.2,147.28682051281965,0.18339161950517244,0.0,16.8,0.0,0.7483314773547883,13.821253951907615,0.06053750856154127,0.0,4.308131845707603,0.0
366,14.2,147.51412454212365,0.18323827819694272,0.0,10.0,0.0,0.7483314773547883,13.873702656033167,0.06100419853610056,0.0,6.511528238439882,0.0
367,14.2,147.4718241758233,0.1839736637363077,0.0,5.6,0.0,0.7483314773547883,14.061610804136475,0.06140677127972112,0.0,4.8,0.0
368,14.2,147.8550915750907,0.18539312385198592,0.0,12.0,0.0,0.7483314773547883,14.307656340252086,0.06125535627549172,0.0,4.381780460041329,0.0
369,14.2,148.66102564102476,0.18505497458492054,0.0,18.4,0.0,0.7483314773547883,14.410683511196952,0.06206615896997129,0.0,5.986651818838306,0.0
370,14.2,148.9206373626365,0.18465807110000979,0.0,10.8,0.0,0.7483314773547883,14.138140641845249,0.0617526669233541,0.0,6.705221845696084,0.0
371,14.2,149.04318681318594,0.1847688186951299,0.0,8.0,0.0,0.7483314773547883,14.24753119557887,0.06200458792086961,0.0,4.381780460041329,0.0
372,14.2,149.33400732600643,0.18666167186957422,0.0,10.8,0.0,0.7483314773547883,14.468014069497874,0.061663692692800295,0.0,3.6,0.0
373,14.2,149.86552380952293,0.1870905906825318,0.0,14.4,0.0,0.7483314773547883,14.51852765503816,0.062113358093394584,0.0,4.8,0.0
374,14.2,150.21835897435807,0.18667802075078158,0.0,12.0,0.0,0.7483314773547883,14.62943628855136,0.06291645107780248,0.0,5.366563145999495,0.0
375,14.2,150.40299633699547,0.18674329948920393,0.0,9.2,0.0,0.7483314773547883,14.627807262404946,0.0625451015738195,0.0,4.4,0.0
376,14.2,150.83416117216026,0.1879881209225564,0.0,12.8,0.0,0.7483314773547883,14.840915591679266,0.06216171938849403,0.0,5.878775382679627,0.0
377,14.2,151.30612454212365,0.18883615022612496,0.0,13.6,0.0,0.7483314773547883,14.899118276392883,0.06249045695526933,0.0,5.122499389946279,0.0
378,14.2,151.36413186813098,0.18909749649651725,0.0,7.6,0.0,0.7483314773547883,14.73757575754506,0.06286589996600962,0.0,5.499090833947008,0.0
379,14.2,151.63970695970605,0.18860773717784854,0.0,10.4,0.0,0.7483314773547883,14.917641279205274,0.0636895559220114,0.0,4.454211490264018,0.0
380,14.2,152.16946520146433,0.18966574564599165,0.0,14.4,0.0,0.7483314773547883,15.023655701831775,0.06303877206390134,0.0,4.079215610874228,0.0
381,14.2,152.74402197802107,0.19017612529129707,0.0,15.2,0.0,0.7483314773547883,15.023068930485234,0.06344030545685453,0.0,4.308131845707603,0.0
382,14.2,152.86609523809432,0.1903728371069689,0.0,8.4,0.0,0.7483314773547883,15.170802393626325,0.06411268674140509,0.0,5.782732917920384,0.0
383,14.1,153.8678095238086,0.1859285413889043,0.0,6.0,0.0,0.8306623862918074,14.108893014731557,0.053599934028050605,0.0,5.440588203494177,0.0
384,14.1,154.37920879120787,0.1864793475845291,0.0,14.4,0.0,0.8306623862918074,14.375083931646751,0.05310514434400071,0.0,5.425863986500215,0.0
385,14.1,155.00380952380857,0.186983317986876,0.0,16.0,0.0,0.8306623862918074,14.353097089517968,0.053369413626405376,0.0,4.0,0.0
386,14.1,155.16400732600638,0.1869587518498924,0.0,9.2,0.0,0.8306623862918074,14.119817811137267,0.05350210611330848,0.0,6.20966987850401,0.0
387,14.1,155.15808058607965,0.18742698601153726,0.0,6.0,0.0,0.8306623862918074,14.223182063989235,0.05360252383116704,0.0,4.09878030638384,0.0
388,14.1,155.48500366300271,0.1890906858729277,0.0,11.2,0.0,0.8306623862918074,14.368220242277388,0.05294200684292815,0.0,2.993325909419153,0.0
389,14.1,156.2917948717939,0.188550555505029,0.0,18.4,0.0,0.8306623862918074,14.472378250093097,0.053776295007287964,0.0,6.740919818541086,0.0
390,14.1,156.56635164835072,0.18849072275547313,0.0,10.8,0.0,0.8306623862918074,14.448512529431481,0.05425966682919173,0.0,5.670978751503131,0.0
391,14.1,156.59089377289283,0.18894019233023368,0.0,6.8,0.0,0.8306623862918074,14.561838717563028,0.054787461973010314,0.0,4.4,0.0
392,14.1,156.88041758241664,0.1903218873837284,0.0,10.8,0.0,0.8306623862918074,14.856354736090054,0.05453931219380225,0.0,4.749736834815167,0.0
393,14.1,157.33130402930306,0.19127845080071415,0.0,13.2,0.0,0.8306623862918074,14.907078394072286,0.05495310791310808,0.0,3.6,0.0
394,14.1,157.64598534798438,0.1907215340510342,0.0,11.6,0.0,0.8306623862918074,14.813609152432289,0.055679947124120784,0.0,4.17612260356422,0.0
395,14.1,157.77732600732503,0.19089685167758985,0.0,8.4,0.0,0.8306623862918074,14.817298765788811,0.055960635035292375,0.0,3.7735924528226414,0.0
396,14.1,158.13160439560343,0.1921248092381193,0.0,12.0,0.0,0.8306623862918074,14.861365434445238,0.05553517645371775,0.0,3.5777087639996634,0.0
397,14.1,158.6479487179477,0.1927553213165473,0.0,14.0,0.0,0.8306623862918074,14.935742605477328,0.055731134345492366,0.0,5.727128425310541,0.0
398,14.1,158.73936263736167,0.19311584608917004,0.0,8.0,0.0,0.8306623862918074,14.989397474170747,0.056324011141325285,0.0,5.366563145999495,0.0
399,14.1,158.99445421245323,0.19284688284885287,0.0,10.0,0.0,0.8306623862918074,15.177276197049585,0.057175150769543645,0.0,5.138093031466052,0.0
400,14.1,159.45378754578658,0.1938389489170205,0.0,13.6,0.0,0.8306623862918074,15.31916005294926,0.05689225310206502,0.0,4.454211490264017,0.0
