timestep,AgentsAlive,AvgEnergy,CommunityPool,GiniEnergy,TotalScar,MinedRenewable,MinedNonrenewable,AgentsAlive_std,AvgEnergy_std,CommunityPool_std,GiniEnergy_std,TotalScar_std,MinedRenewable_std,MinedNonrenewable_std
0,15.0,12.0,0.0,0.0,0.0,0.0,0.0,0.0,0.0,0.0,0.0,0.0,0.0,0.0
1,15.0,11.599999999999998,0.0,0.0,0.0,0.0,0.0,0.0,1.7763568394002505e-15,0.0,0.0,0.0,0.0,0.0
2,15.0,11.200000000000001,0.0,0.0,0.0,0.0,0.0,0.0,1.7763568394002505e-15,0.0,0.0,0.0,0.0,0.0
3,15.0,10.799999999999999,0.0,0.0,0.0,0.0,0.0,0.0,0.0,0.0,0.0,0.0,0.0,0.0
4,15.0,9.65333333333333,0.0,0.045136868528050454,0.0,22.4,0.0,0.0,0.26127890589687247,0.0,0.008054056206757277,0.0,7.8383671769061705,0.0
5,15.0,8.533333333333331,0.0,0.04266786615727405,0.0,21.6,0.0,0.0,0.2231093404090872,0.0,0.00983938881113934,0.0,6.740919818541086,0.0
6,15.0,7.826666666666665,0.0,0.02195052656966161,0.0,9.2,0.0,0.0,0.22350739485653598,0.0,0.019038391565642035,0.0,5.670978751503131,0.0
7,15.0,7.2933333333333294,0.0,0.011580086580086735,0.0,4.0,0.0,0.0,0.08537498983243787,0.0,0.010280656160065875,0.0,6.196773353931867,0.0
8,15.0,6.573333333333331,0.0,0.03903738654882263,0.0,9.6,0.0,0.0,0.19821424996424677,0.0,0.016829265646016556,0.0,5.425863986500215,0.0
9,15.0,6.486666666666665,0.0,0.12194220857814733,0.0,19.6,0.0,0.0,0.5155795013596081,0.0,0.02570393848851215,0.0,8.284926070883193,0.0
10,15.0,6.51333333333333,0.0,0.17308771369562098,0.0,18.0,0.0,0.0,0.44025245282930825,0.0,0.015329630294393833,0.0,4.8166378315169185,0.0
11,15.0,6.466666666666663,0.0,0.17905262363836108,0.0,8.4,0.0,0.0,0.4997777283731016,0.0,0.023171616958487698,0.0,5.499090833947009,0.0
12,15.0,6.526666666666664,0.0,0.16251254951899263,0.0,11.2,0.0,0.0,0.4038151392242083,0.0,0.02949266182135008,0.0,5.878775382679628,0.0
13,15.0,6.3399999999999945,0.0,0.1523920838289213,0.0,5.6,0.0,0.0,0.3926547819367258,0.0,0.0340877206971562,0.0,3.2,0.0
14,15.0,6.4646666666666635,2.4299999999999864,0.17797962218301092,0.0,14.4,0.0,0.0,0.5741161322705833,1.561441641560764,0.03233638575475978,0.0,8.2365041127896,0.0
15,15.0,6.936666666666663,1.5499999999999836,0.1700502941935905,0.0,16.4,0.0,0.0,0.582609074194123,0.4153311931458992,0.0437954540179215,0.0,4.882622246293481,0.0
16,15.0,7.343999999999997,1.7399999999999725,0.14999166225353516,0.0,16.4,0.0,0.0,0.5625355297420973,0.39799497484264357,0.039860547069529184,0.0,7.889233169326408,0.0
17,15.0,7.363999999999995,1.7399999999999725,0.13143019584305,0.0,8.4,0.0,0.0,0.4820991138298799,0.39799497484264357,0.044132218103050805,0.0,7.255342858886822,0.0
18,15.0,7.143999999999996,1.7399999999999725,0.12253403455998446,0.0,3.6,0.0,0.0,0.4726304640578679,0.39799497484264357,0.043706286255424664,0.0,3.3226495451672298,0.0
19,15.0,7.261999999999996,4.169999999999972,0.13616459833103353,0.0,13.6,0.0,0.0,0.5956662003355753,1.4036025078347518,0.042049513528969004,0.0,7.418894796396563,0.0
20,15.0,8.068499999999993,3.4724999999999957,0.10407351799178292,0.0,24.0,0.0,0.0,0.4700629095013655,2.151349866943997,0.04372327538612615,0.0,5.059644256269407,0.0
21,15.0,8.13816666666666,5.227499999999994,0.09619187542257887,0.0,12.4,0.0,0.0,0.5308098895922055,2.46156581264851,0.04690132513826677,0.0,4.882622246293481,0.0
22,15.0,7.947499999999993,5.787499999999987,0.09379761901228818,0.0,5.6,0.0,0.0,0.5042393886946075,2.2765997122902237,0.04716961571659367,0.0,4.8,0.0
23,14.9,7.690915644374085,5.877499999999985,0.08907829246975478,0.0,2.0,0.0,0.3,0.4237546665643904,2.3316423932498567,0.0371510700187491,0.0,2.0,0.0
24,14.9,8.049277860783828,9.76849532528241,0.10188024348186753,0.0,21.6,0.0,0.3,0.4498727438924328,2.7633633596334177,0.03682554392627138,0.0,7.83836717690617,0.0
25,14.9,8.830607707866147,7.309833333333314,0.0660907094778291,0.0,20.8,0.0,0.3,0.39274518774843625,6.133268453008269,0.024837580700677323,0.0,6.881860213634101,0.0
26,14.9,8.796321993580436,9.165833333333307,0.05520314128534083,0.0,10.4,0.0,0.3,0.3472212946563618,6.6358831050081895,0.02377447383300782,0.0,5.986651818838305,0.0
27,14.9,8.568321993580435,9.885833333333306,0.052819466703481296,0.0,4.4,0.0,0.3,0.3300839548156247,6.643180306399424,0.025719907274869898,0.0,6.3118935352238,0.0
28,14.9,8.461659679901501,11.719772391505051,0.0697553573911798,0.0,9.6,0.0,0.3,0.20565825056052664,6.621331043148596,0.03167781878569123,0.0,4.8,0.0
29,14.9,8.72174115094229,15.199978897321781,0.07247952780388485,0.0,18.4,0.0,0.3,0.34754565154536393,7.190486853511665,0.024089122487435163,0.0,8.616263691415208,0.0
30,14.9,9.295228767739601,13.763517435231506,0.05939834485816764,0.0,18.0,0.0,0.3,0.3999222564525635,11.46500468798335,0.021396484617984893,0.0,4.09878030638384,0.0
31,14.9,9.216657339168172,15.563517435231507,0.0516881119296563,0.0,8.8,0.0,0.3,0.35800276707530554,11.686285363503748,0.022084268518219503,0.0,4.995998398718719,0.0
32,14.9,9.251429520325038,18.071934717878456,0.06006261250355094,0.0,12.0,0.0,0.3,0.2909441140743587,11.344365552801431,0.0248223598526602,0.0,6.6932802122726045,0.0
33,14.9,9.078223247948774,19.500028803522472,0.06864230085814423,0.0,6.4,0.0,0.3,0.2441731302530749,11.765484597733142,0.01933500523818237,0.0,3.6660605559646724,0.0
34,14.9,9.256605600889948,22.684293509404817,0.06989214651713027,0.0,16.4,0.0,0.3,0.3881541249659437,11.905939461842696,0.02155446094584093,0.0,9.372299611087985,0.0
35,14.9,9.508811873266216,25.2761994237608,0.056372133732040974,0.0,16.4,0.0,0.3,0.31477132471374675,13.499145043929435,0.021443685128646677,0.0,4.882622246293481,0.0
36,14.9,9.696284285493368,28.815541811782072,0.05951315617216364,0.0,16.4,0.0,0.3,0.2852968944763207,13.22501834222018,0.02186840913388044,0.0,7.031358332498779,0.0
37,14.9,9.578950952160035,30.70554181178207,0.06548291541874966,0.0,8.8,0.0,0.3,0.24794082504501105,13.888292081767599,0.021951405765655952,0.0,6.881860213634101,0.0
38,14.9,9.311950952160036,31.425541811782068,0.06913925236473259,0.0,3.6,0.0,0.3,0.1958541738765632,14.07561899085648,0.018802763867695766,0.0,3.32264954516723,0.0
39,14.9,9.434950952160035,34.725541811782065,0.06599781846306858,0.0,14.8,0.0,0.3,0.33396084936938925,13.767982026353105,0.01743284344260486,0.0,8.207313811473277,0.0
40,14.9,9.957907111361452,38.98619942376078,0.06783341735429844,0.0,24.0,0.0,0.3,0.3573891580036133,15.578247532236514,0.019779130694701417,0.0,5.059644256269407,0.0
41,14.9,10.022911879894073,41.95613266430413,0.06677732359172761,0.0,13.2,0.0,0.3,0.2884136748230813,16.0689577909027,0.0162577739573086,0.0,4.4,0.0
42,14.9,9.833911879894071,43.306132664304116,0.0664913748719707,0.0,6.0,0.0,0.3,0.23859604867787235,16.30635835152899,0.019055275080795752,0.0,4.47213595499958,0.0
43,14.9,9.503911879894071,43.756132664304126,0.06984344307849592,0.0,2.0,0.0,0.3,0.24739256264632759,16.27534209251543,0.02012373007478536,0.0,2.0,0.0
44,14.9,9.872245213227403,48.70613266430412,0.08398597507345591,0.0,22.0,0.0,0.3,0.44638603675745264,15.30347945919363,0.017993834205573368,0.0,8.438009243891594,0.0
45,14.9,10.17991187989407,53.29613266430412,0.08116496554796497,0.0,20.8,0.0,0.3,0.4000862948298142,15.77956546940271,0.011524528478635353,0.0,6.881860213634101,0.0
46,14.9,10.145911879894069,55.636132664304114,0.07409898816138565,0.0,10.4,0.0,0.3,0.40161523614152506,15.995593893300464,0.014530823948110123,0.0,5.986651818838305,0.0
47,14.9,9.899911879894068,56.62613266430412,0.07127629881184072,0.0,4.4,0.0,0.3,0.3221649745544662,16.21955541583612,0.01674621969367875,0.0,6.3118935352238,0.0
48,14.9,9.837911879894069,58.78613266430413,0.09052009453684373,0.0,9.6,0.0,0.3,0.4344141541261801,15.599286981126554,0.015912747727780223,0.0,4.8,0.0
49,14.9,10.094245213227403,63.01613266430413,0.0985553856604617,0.0,18.8,0.0,0.3,0.47857068335765063,15.502059670545394,0.017755467983187664,0.0,8.207313811473277,0.0
50,14.9,10.874911879894068,58.89613266430416,0.10868902751593275,0.0,18.0,0.0,0.3,1.2789979614055116,23.229720854629786,0.06541250193588037,0.0,4.09878030638384,0.0
51,14.9,10.783911879894067,60.87613266430416,0.09896672757956934,0.0,8.8,0.0,0.3,1.153169568123185,23.951227615000608,0.07233622222147994,0.0,4.995998398718719,0.0
52,14.9,10.805911879894065,63.57613266430417,0.11138447615625786,0.0,12.0,0.0,0.3,1.1661248818093515,23.718254510941474,0.06766929810419635,0.0,6.6932802122726045,0.0
53,14.9,10.631911879894066,65.01613266430417,0.12170972464471122,0.0,6.4,0.0,0.3,1.2370106030802934,23.508269818470477,0.0694212310934713,0.0,3.6660605559646724,0.0
54,14.9,10.459245213227401,73.56613266430415,0.10233849283701384,0.0,16.0,0.0,0.3,0.38202040885196825,15.314695074776862,0.018168375495825922,0.0,9.633275663033837,0.0
55,14.9,10.637578546560732,77.2661326643042,0.08839723911621733,0.0,16.4,0.0,0.3,0.38101679962280194,15.261023861581274,0.012459930588378954,0.0,4.882622246293481,0.0
56,14.9,10.81457854656073,80.9561326643042,0.09347604185072031,0.0,16.4,0.0,0.3,0.31233601035031927,15.319398208726707,0.017813131311638787,0.0,7.031358332498779,0.0
57,14.9,10.722622387359312,82.9654750523255,0.09848135124270743,0.0,8.8,0.0,0.3,0.34965985629140756,15.426084044710958,0.017009709379955034,0.0,6.881860213634101,0.0
58,14.9,10.449622387359314,83.7754750523255,0.1038636320175849,0.0,3.6,0.0,0.3,0.3689858936127356,15.514134482380012,0.017248775074683267,0.0,3.32264954516723,0.0
59,14.9,10.549955720692646,87.01547505232551,0.10187041136900268,0.0,14.4,0.0,0.3,0.3652450757461052,15.364246798787905,0.014776669472385925,0.0,8.42852300228219,0.0
60,14.9,10.996289054025977,92.42547505232555,0.1010669050997836,0.0,24.0,0.0,0.3,0.4017948616320848,14.851686631790423,0.013412412516857255,0.0,5.059644256269407,0.0
61,14.9,11.057955720692643,95.44547505232558,0.09904972455649355,0.0,13.2,0.0,0.3,0.32703020796017285,15.349597205008148,0.01599043662609205,0.0,4.4,0.0
62,14.9,10.84828905402598,96.70547505232558,0.09819756236753643,0.0,5.6,0.0,0.3,0.3479928082591812,15.467020718899295,0.016296853139323126,0.0,4.454211490264018,0.0
63,14.9,10.518289054025978,97.15547505232557,0.10195580397870582,0.0,2.0,0.0,0.3,0.3658234609570619,15.47738917285485,0.016045073564757092,0.0,2.0,0.0
64,14.9,10.88662238735931,102.1054750523256,0.11382004256434339,0.0,22.0,0.0,0.3,0.4322737657971737,14.915841903280437,0.014161768649318989,0.0,8.438009243891594,0.0
65,14.9,11.21762238735931,106.84547505232565,0.10668280739122878,0.0,20.8,0.0,0.3,0.43353600685810395,14.799139542715569,0.011618634447641864,0.0,6.881860213634101,0.0
66,14.9,11.18362238735931,109.18547505232569,0.09923440606189607,0.0,10.4,0.0,0.3,0.3660946489262211,15.425835320019713,0.01520523842956774,0.0,5.986651818838305,0.0
67,14.9,10.937622387359308,110.17547505232565,0.09654685776617025,0.0,4.4,0.0,0.3,0.34851962441415585,15.499988750966022,0.015725595440589008,0.0,6.3118935352238,0.0
68,14.9,10.87562238735931,112.33547505232568,0.1150516504276398,0.0,9.6,0.0,0.3,0.4592026304535309,15.146034137297397,0.016621728364740126,0.0,4.8,0.0
69,14.9,11.128622387359309,116.61547505232572,0.11873678810149357,0.0,18.8,0.0,0.3,0.4382088764945154,14.929581024600232,0.014578749812870427,0.0,8.207313811473277,0.0
70,14.9,11.343289054025977,120.58547505232573,0.10783381143961764,0.0,17.6,0.0,0.3,0.46174596655492617,14.871475789885189,0.011887750648580983,0.0,4.079215610874227,0.0
71,14.9,11.231622387359309,122.47547505232573,0.10048810279148176,0.0,8.4,0.0,0.3,0.37625645034808297,15.414571141938774,0.015113913656721866,0.0,4.882622246293481,0.0
72,14.9,11.253622387359307,125.17547505232578,0.11265063359818472,0.0,12.0,0.0,0.3,0.4653287765495234,15.141205783178487,0.017698912748725044,0.0,6.6932802122726045,0.0
73,14.9,11.076289054025972,126.66547505232577,0.12436644682883902,0.0,6.4,0.0,0.3,0.5018693293863237,15.15120743646973,0.017047510213753468,0.0,3.6660605559646724,0.0
74,14.9,11.214289054025974,130.1554750523258,0.12401494371888008,0.0,15.6,0.0,0.3,0.501953436001807,14.878509883213466,0.01700006290536289,0.0,9.372299611087985,0.0
75,14.9,11.365289054025974,133.76547505232583,0.1110778353096518,0.0,16.4,0.0,0.3,0.4899902077283094,14.71778285350426,0.013007581123817172,0.0,4.882622246293481,0.0
76,14.9,11.516967416599073,137.4352996137293,0.1178661998269482,0.0,16.0,0.0,0.3,0.5190236109357796,14.92137924589871,0.019436651470570995,0.0,6.6932802122726045,0.0
77,14.9,11.423634083265739,139.46529961372934,0.12383223773131917,0.0,8.8,0.0,0.3,0.5348588638556039,15.004054630851543,0.02089767409597903,0.0,6.881860213634101,0.0
78,14.9,11.129967416599072,140.18529961372934,0.12982841427876135,0.0,3.2,0.0,0.3,0.5699387711044338,15.07346600818763,0.0219069683023187,0.0,2.9933259094191533,0.0
79,14.9,11.209634083265737,143.33529961372938,0.13122654008995,0.0,14.0,0.0,0.3,0.5607297995579567,14.70300757875187,0.020800925237892058,0.0,8.246211251235321,0.0
80,14.9,14.56288846923066,104.7414838242556,0.2245125018592807,0.0,23.6,0.0,0.3,4.382007608705521,65.49396793127865,0.1574342073587258,0.0,5.2,0.0
81,14.9,13.808800749932413,119.59779961372935,0.1913925698139984,0.0,12.8,0.0,0.3,3.9387379785295553,57.07509469968896,0.14194908949556237,0.0,4.664761515876242,0.0
82,14.9,13.625800749932413,120.85779961372933,0.1898896868851479,0.0,6.0,0.0,0.3,3.9290480113662754,57.14925784860721,0.1444590745894723,0.0,4.47213595499958,0.0
83,14.9,13.295800749932408,121.30779961372932,0.19449120703118733,0.0,2.0,0.0,0.3,3.937443890355943,57.11010077421507,0.14546386209268192,0.0,2.0,0.0
84,14.9,11.857634083265738,152.95529961372944,0.13826748335113645,0.0,21.6,0.0,0.3,0.5812626771139607,15.627975821785496,0.01608344133210466,0.0,8.42852300228219,0.0
85,14.9,12.189300749932404,157.6852996137295,0.12939877747923825,0.0,20.8,0.0,0.3,0.6418998794056603,15.076726425427822,0.0140864449689162,0.0,6.881860213634101,0.0
86,14.9,12.113967416599072,159.84529961372945,0.12368164412334777,0.0,9.6,0.0,0.3,0.574929072278462,15.901904192482549,0.01769447615681153,0.0,5.4258639865002145,0.0
87,14.9,11.867967416599072,160.83529961372946,0.12189170274917456,0.0,4.4,0.0,0.3,0.5615118730287662,16.184726141489723,0.018926828481061544,0.0,6.3118935352238,0.0
88,14.9,11.778634083265738,163.0052996137295,0.13848010808008632,0.0,9.2,0.0,0.3,0.6135281073440427,16.035736569260813,0.019361478868667792,0.0,4.019950248448356,0.0
89,14.9,12.010967416599073,167.1952996137295,0.14063562420887343,0.0,18.4,0.0,0.3,0.5753880956423187,15.56428588522743,0.01899292078356599,0.0,7.8383671769061705,0.0
90,14.9,12.335634083265738,169.91529961372953,0.12721328621758274,0.0,18.0,0.0,0.3,0.6199990391665783,14.518082879034253,0.014067820558610418,0.0,4.09878030638384,0.0
91,14.9,12.223967416599072,171.80529961372955,0.11907170301729395,0.0,8.4,0.0,0.3,0.5406997897261854,15.288347634136441,0.016175152810435113,0.0,4.882622246293481,0.0
92,14.9,12.239300749932406,174.60529961372958,0.12975712299004144,0.0,12.0,0.0,0.3,0.5765865309172321,15.469904276613974,0.01618362075515908,0.0,6.6932802122726045,0.0
93,14.9,12.061967416599074,176.0952996137296,0.1408296182771483,0.0,6.4,0.0,0.3,0.6330469902384953,15.296330264462815,0.017665317162717062,0.0,3.6660605559646724,0.0
94,14.9,12.174750242467155,179.5635572257083,0.136986392116856,0.0,15.2,0.0,0.3,0.5962921873048309,14.905790031071097,0.0170289802711459,0.0,9.086253353280437,0.0
95,14.9,12.35375024246716,183.25355722570833,0.12317474238153894,0.0,16.4,0.0,0.3,0.5898183743143763,14.618396651495887,0.012925276216885216,0.0,4.882622246293481,0.0
96,14.9,12.482750242467159,186.86355722570838,0.1285683712200964,0.0,15.6,0.0,0.3,0.557638277150617,15.251801905308971,0.01621175922448929,0.0,6.3118935352238,0.0
97,14.9,12.38708357580049,188.9285572257084,0.13388108719400713,0.0,8.8,0.0,0.3,0.6079344655996064,15.414714707951445,0.0168718891998048,0.0,6.881860213634101,0.0
98,14.9,12.11075024246716,189.78855722570842,0.13923487710032567,0.0,3.6,0.0,0.3,0.6444533993373258,15.377229662088705,0.018845144545041017,0.0,3.32264954516723,0.0
99,14.9,12.190416909133825,192.9385572257084,0.13611498422473703,0.0,14.0,0.0,0.3,0.5790838520360923,15.070606434123631,0.01740794769181404,0.0,8.246211251235321,0.0
100,14.9,12.630750242467156,198.43855722570845,0.13543656143485605,0.0,24.0,0.0,0.3,0.6210906264186016,14.562384638873105,0.014544122407190796,0.0,5.059644256269407,0.0
101,14.9,12.668416909133825,201.41855722570847,0.13580373988840072,0.0,12.8,0.0,0.3,0.6143107921773229,15.024819003754995,0.016906873595452863,0.0,4.664761515876242,0.0
102,14.9,12.455416909133824,202.72855722570847,0.13602433798824073,0.0,5.6,0.0,0.3,0.649103106665105,15.404113819383806,0.018241207828425452,0.0,4.454211490264018,0.0
103,14.9,12.125416909133827,203.17855722570852,0.13970432952039005,0.0,2.0,0.0,0.3,0.647668036973583,15.462126057102225,0.0183946910419527,0.0,2.0,0.0
104,14.9,12.432714263214212,208.24366834307412,0.15252818859736572,0.0,21.2,0.0,0.3,0.6182421245552597,15.050704046544405,0.017637173216830452,0.0,8.009993757800315,0.0
105,14.9,12.754380929880877,213.12366834307417,0.14597571248386576,0.0,20.8,0.0,0.3,0.6622640266922596,14.519235578221696,0.01831834095494403,0.0,6.881860213634101,0.0
106,14.9,12.694214263214214,215.4561683430742,0.141664609638892,0.0,10.0,0.0,0.3,0.6632710974036711,15.276429979012532,0.021786618468727745,0.0,6.0,0.0
107,14.9,12.448214263214211,216.44616834307416,0.14074491196867722,0.0,4.4,0.0,0.3,0.6796252522359109,15.740812493828885,0.023395329650224228,0.0,6.3118935352238,0.0
108,14.9,12.33530950130945,219.36616834307424,0.15334561012744005,0.0,9.6,0.0,0.3,0.7202606539752371,15.765538662113022,0.023338595705866605,0.0,4.8,0.0
109,14.9,12.531661593661541,224.08874410065,0.15803786719670773,0.0,18.4,0.0,0.3,0.6774177717573575,15.114513077433898,0.02339947522845881,0.0,7.8383671769061705,0.0
110,14.9,17.024809463335743,163.87795462696553,0.25545289013640965,0.0,17.6,0.0,0.3,6.433003641280497,104.6004389840756,0.18324269981844094,0.0,4.079215610874227,0.0
111,14.9,15.662756831756791,184.52374410064988,0.21083464353565268,0.0,8.4,0.0,0.3,5.722259771065469,90.73791855853237,0.16580276076140452,0.0,4.882622246293481,0.0
112,14.9,15.603613974613932,188.03374410064984,0.21912181143512582,0.0,11.6,0.0,0.3,5.672838669165457,91.42941204554512,0.16384384373833674,0.0,6.56048778674269,0.0
113,14.9,15.38913778413774,190.0737441006499,0.2266393910027753,0.0,6.4,0.0,0.3,5.751783868040023,90.51541358129084,0.1633578004268344,0.0,3.6660605559646724,0.0
114,14.9,12.829899688899634,234.01874410065005,0.14767113993150974,0.0,15.6,0.0,0.3,0.6488257541027678,20.353544397508276,0.018778367483390967,0.0,9.372299611087985,0.0
115,14.9,14.546846355566307,214.63954410064994,0.17107797706551284,0.0,16.4,0.0,0.3,4.650814649253787,73.70478171272936,0.1262547877537619,0.0,4.882622246293481,0.0
116,14.9,13.188036831756776,240.95954410065005,0.13266390857836155,0.0,16.0,0.0,0.3,0.6976209218719729,21.343019387902665,0.017094354446071675,0.0,6.6932802122726045,0.0
117,14.9,13.057560641280588,243.53954410065006,0.13584485281995387,0.0,8.8,0.0,0.3,0.7283470405944722,21.560925857158473,0.017551877695780732,0.0,6.881860213634101,0.0
118,14.9,12.750322546042492,244.45954410065002,0.13993417100108158,0.0,3.2,0.0,0.3,0.763480132836295,21.46717020938819,0.018422424382015183,0.0,2.9933259094191533,0.0
119,14.9,12.826655879375824,247.65954410065,0.1374673832567927,0.0,14.0,0.0,0.3,0.6821866622761334,21.27574955757113,0.01449226217096097,0.0,8.246211251235321,0.0
120,14.9,13.189179688899634,253.91954410065,0.13269972729699966,0.0,23.6,0.0,0.3,0.7020034216455814,20.95728197315851,0.014308786113590745,0.0,5.2,0.0
121,14.9,13.193036831756777,257.3995441006499,0.13049011901576005,0.0,12.8,0.0,0.3,0.6664507738078923,21.364558034992026,0.01697483589026852,0.0,4.664761515876242,0.0
122,14.9,12.990465403185349,258.94954410064986,0.1292573269717397,0.0,6.0,0.0,0.3,0.6865928639367328,21.920317458942392,0.016879842224906415,0.0,4.47213595499958,0.0
123,14.9,12.657132069852015,259.44954410064986,0.13224467996101555,0.0,2.0,0.0,0.3,0.6928874152477371,21.96959704802973,0.017052440603707517,0.0,2.0,0.0
124,14.9,12.940989212709155,265.25954410064986,0.13949455900492594,0.0,21.6,0.0,0.3,0.6730124299236092,21.583775661873016,0.013640338950922372,0.0,8.42852300228219,0.0
125,14.9,13.235513022232965,270.5395441006498,0.13046373413604864,0.0,20.8,0.0,0.3,0.7022370250453721,21.019964207019797,0.014152980798755257,0.0,6.881860213634101,0.0
126,14.9,13.146608260328202,272.89954410064973,0.1254427964475421,0.0,9.6,0.0,0.3,0.6623223763272172,21.69656921670694,0.01644620640781299,0.0,5.4258639865002145,0.0
127,14.9,12.897274926994871,273.9395441006497,0.12388211521985697,0.0,4.4,0.0,0.3,0.6607782167985066,22.33758973467746,0.01655338874691025,0.0,6.3118935352238,0.0
128,14.9,12.750798736518679,276.9595441006496,0.13651157620643825,0.0,9.2,0.0,0.3,0.6955451398361303,22.3151263715106,0.01720615932943584,0.0,4.019950248448356,0.0
129,14.9,12.945989212709154,281.6995441006496,0.140155478681808,0.0,18.4,0.0,0.3,0.6497736735246591,21.65846798045086,0.014768391855579606,0.0,7.8383671769061705,0.0
130,14.9,13.17175111747106,285.8995441006495,0.12767695029613416,0.0,18.0,0.0,0.3,0.6752965551494503,21.40983753692188,0.013491958644510572,0.0,4.09878030638384,0.0
131,14.9,13.05675111747106,287.83954410064945,0.12178672152245311,0.0,8.4,0.0,0.3,0.6118928219156324,22.18366894450452,0.015532424791532842,0.0,4.882622246293481,0.0
132,14.9,13.014941593661536,291.48954410064937,0.1301711661336941,0.0,12.0,0.0,0.3,0.6757757186217371,22.735307830561876,0.016808910918277818,0.0,6.6932802122726045,0.0
133,14.9,12.800465403185346,293.52954410064933,0.13912308058398967,0.0,6.4,0.0,0.3,0.7097020431682906,22.45669047184988,0.018295741452426226,0.0,3.6660605559646724,0.0
134,14.9,12.902893974613914,297.1495441006493,0.1405234009986356,0.0,15.2,0.0,0.3,0.6706891673256188,22.033575865371812,0.017466627584038774,0.0,9.086253353280437,0.0
135,14.9,13.07856064128058,300.8895441006492,0.1284827729571662,0.0,16.4,0.0,0.3,0.6615521740196884,21.862427610202555,0.016402315292663297,0.0,4.882622246293481,0.0
136,14.9,13.133084450804393,305.20954410064917,0.13130843379180573,0.0,15.2,0.0,0.3,0.6420874061832603,22.55130396919993,0.019155241745451558,0.0,6.64529909033446,0.0
137,14.9,13.002608260328198,307.7895441006491,0.13471119854156585,0.0,8.8,0.0,0.3,0.6946981560507733,22.90502909705091,0.021002774223428815,0.0,6.881860213634101,0.0
138,14.9,12.722036831756771,308.70954410064905,0.13828386470491644,0.0,3.6,0.0,0.3,0.7017278138733085,22.847805822829194,0.02175920295231159,0.0,3.32264954516723,0.0
139,14.9,12.798370165090105,311.909544100649,0.13701666286325764,0.0,14.0,0.0,0.3,0.6512019069047693,22.511071794904694,0.023016586145080696,0.0,8.246211251235321,0.0
140,14.9,17.118041844288104,258.7937546269646,0.2220573923674895,0.0,23.6,0.0,0.3,7.717724272459528,127.7876607057598,0.18569378118742755,0.0,4.882622246293481,0.0
141,14.9,15.400846355566292,288.0895441006488,0.17566296714090138,0.0,12.8,0.0,0.3,6.200719704190812,96.79296431073287,0.14437937769890918,0.0,4.664761515876242,0.0
142,14.9,15.177608260328196,289.5495441006488,0.17558782985408336,0.0,5.6,0.0,0.3,6.178728435321502,96.98231248772733,0.14679623100603742,0.0,4.454211490264018,0.0
143,14.9,14.844274926994867,290.0495441006488,0.17892406063128055,0.0,2.0,0.0,0.3,6.204877500385228,96.86295376674806,0.14702163847808117,0.0,2.0,0.0
144,14.9,13.082370165090103,325.34954410064864,0.13849788009412384,0.0,20.4,0.0,0.3,0.6426301207190992,26.39205737623455,0.022865046976057173,0.0,7.255342858886822,0.0
145,14.9,17.574560641280577,267.66454410064864,0.21827726086228755,0.0,20.8,0.0,0.3,8.261327092096566,132.47407984050116,0.19378173779230165,0.0,6.881860213634101,0.0
146,14.9,15.318322546042486,302.9345441006485,0.16431860933331666,0.0,10.0,0.0,0.3,5.5367499525767006,100.54264496915593,0.1443148413355134,0.0,6.0,0.0
147,14.9,15.068989212709155,303.9745441006485,0.16303786795366979,0.0,4.4,0.0,0.3,5.578344671713115,100.547916222929,0.1436701807323997,0.0,6.3118935352238,0.0
148,14.9,14.927941593661538,306.89454410064843,0.17338897241101772,0.0,9.2,0.0,0.3,5.5312983122868475,100.97534997384993,0.1427879862432104,0.0,5.075431016179809,0.0
149,14.9,13.306132069852008,338.4895441006484,0.1320119470593923,0.0,18.0,0.0,0.3,0.5900887067040707,29.018104366725897,0.015096662965552067,0.0,6.985699678629192,0.0
150,14.9,13.507893974613912,342.6495441006483,0.12027695058161661,0.0,17.6,0.0,0.3,0.6355707749376593,28.723263266269466,0.012445252701285037,0.0,4.079215610874227,0.0
151,14.9,13.372227307947245,344.4995441006482,0.11460266266034277,0.0,8.0,0.0,0.3,0.5818503251643083,29.31249169772411,0.014953812251499011,0.0,4.0,0.0
152,14.9,13.29598921270915,347.8695441006481,0.12158031751096218,0.0,11.2,0.0,0.3,0.6406466953636476,30.14044849195179,0.013980782919203965,0.0,7.110555533852471,0.0
153,14.9,13.081513022232958,349.90954410064813,0.1297147647743589,0.0,6.4,0.0,0.3,0.6798758143358189,29.819539904131062,0.015475220906908654,0.0,3.6660605559646724,0.0
154,14.9,13.183941593661533,353.529544100648,0.13055041924456037,0.0,15.2,0.0,0.3,0.6197986359931851,29.413142056222263,0.012855441808728616,0.0,8.541662601625049,0.0
155,14.9,13.359608260328196,357.269544100648,0.11774439805873324,0.0,16.4,0.0,0.3,0.6497013373015451,29.26653039251087,0.013630403221974447,0.0,4.882622246293481,0.0
156,14.9,13.419560641280574,361.48954410064783,0.11991997992484489,0.0,15.2,0.0,0.3,0.620036380108771,29.878466177297224,0.014630323286970035,0.0,6.4,0.0
157,14.9,13.289084450804387,364.06954410064776,0.12337139812699265,0.0,8.8,0.0,0.3,0.6853895923454812,30.248586551000866,0.011118166082764204,0.0,6.881860213634101,0.0
158,14.9,12.98184635556629,364.9895441006478,0.12762939421061767,0.0,3.2,0.0,0.3,0.6983314632967844,30.178297853165105,0.012207378676628395,0.0,2.9933259094191533,0.0
159,14.9,13.037499255178506,368.09975060646445,0.12827365813125052,0.0,13.6,0.0,0.3,0.6128094211322794,29.88418545464126,0.01135833823856701,0.0,7.2,0.0
160,14.9,18.465129686089604,297.98672271422646,0.22697903088745203,0.0,23.2,0.0,0.3,9.679838888835471,148.89406925307887,0.210334690898458,0.0,5.878775382679628,0.0
161,14.9,15.869700697302974,340.056014688883,0.17484297196667975,0.0,12.4,0.0,0.3,6.726560007768662,114.878098558145,0.15368358235527213,0.0,3.7735924528226414,0.0
162,14.9,15.667129268731548,341.60601468888296,0.1748498224767337,0.0,6.0,0.0,0.3,6.664514067956089,115.53147816496426,0.15614487705301397,0.0,4.47213595499958,0.0
163,14.9,15.333795935398218,342.1060146888829,0.17848395905968223,0.0,2.0,0.0,0.3,6.639687761264788,115.71844646963318,0.15734961103104822,0.0,2.0,0.0
164,14.9,15.587081649683928,347.5560146888828,0.1831062141637825,0.0,20.8,0.0,0.3,6.807341364141696,114.6613932461937,0.1530062084719055,0.0,7.756287771866126,0.0
165,14.9,13.584938792541081,387.28601468888263,0.1276327237816318,0.0,20.8,0.0,0.3,0.4889822952997571,29.40010075325072,0.0093098901852072,0.0,6.881860213634101,0.0
166,14.9,13.47536736396965,389.55601468888256,0.1235079585683924,0.0,9.2,0.0,0.3,0.4884602964819344,29.77755118949591,0.012799555016631646,0.0,4.749736834815167,0.0
167,14.9,13.226034030636319,390.5960146888826,0.12185240760921093,0.0,4.4,0.0,0.3,0.5552255554259491,30.60117473887125,0.015641229041731864,0.0,6.3118935352238,0.0
168,14.9,13.065795935398219,393.42601468888245,0.13037459805397156,0.0,8.8,0.0,0.3,0.6007596733662544,30.924406750267696,0.021404652893585268,0.0,4.308131845707604,0.0
169,14.9,13.239653078255364,398.08601468888236,0.13588974253219827,0.0,18.0,0.0,0.3,0.5240865193928614,30.16690484360129,0.022276012120695958,0.0,6.985699678629192,0.0
170,14.9,21.113800947929512,287.56022521519856,0.27276241066129386,0.0,18.0,0.0,0.3,11.51996286101749,187.37643748283662,0.23858670205643773,0.0,4.09878030638384,0.0
171,14.9,18.736414983017244,322.6360146888827,0.21801480585536334,0.0,7.6,0.0,0.3,10.425545060639585,162.27369252968117,0.21605172606243112,0.0,4.17612260356422,0.0
172,14.9,16.05270069730297,365.0960146888824,0.1700609765532977,0.0,11.2,0.0,0.3,7.331852795481405,124.65546137517147,0.16287369156124296,0.0,6.881860213634101,0.0
173,14.9,15.83822450682678,367.13601468888237,0.1777618909534631,0.0,6.4,0.0,0.3,7.38958766878593,124.11280504224749,0.1621712962201706,0.0,3.6660605559646724,0.0
174,14.9,13.449986411588696,407.7160146888822,0.12679046012025688,0.0,14.8,0.0,0.3,0.5930343768470459,34.42501509934262,0.023330561327260385,0.0,8.207313811473277,0.0
175,14.9,16.07131974492202,374.77101468888213,0.16437606924927572,0.0,16.4,0.0,0.3,7.2319866137746915,127.19260593323011,0.15457305904436225,0.0,4.882622246293481,0.0
176,14.9,16.094986411588685,378.7610146888821,0.16517162490213208,0.0,14.4,0.0,0.3,7.130191887085019,128.1065090357528,0.15711390678442455,0.0,6.499230723708768,0.0
177,14.9,15.964510221112496,381.3410146888821,0.16797994887350298,0.0,8.8,0.0,0.3,7.243421760657068,127.31265104583129,0.15551639485031296,0.0,6.881860213634101,0.0
178,14.9,15.677938792541067,382.35101468888206,0.17123031976217237,0.0,3.6,0.0,0.3,7.207480468775321,127.58710044817309,0.15694279762689997,0.0,3.32264954516723,0.0
179,14.9,13.407272125874409,420.3560146888819,0.12097921790267496,0.0,13.6,0.0,0.3,0.5802195607081092,37.683017759748225,0.023286183315963944,0.0,7.2,0.0
180,14.9,15.805224506826828,395.2660146888811,0.15914662447132358,0.0,22.8,0.0,0.3,5.963532455567541,107.97018676896955,0.13875926056927634,0.0,5.3814496188294845,0.0
181,14.9,13.873081649683934,426.5860146888816,0.11270549261499743,0.0,11.6,0.0,0.3,0.5710443686203441,40.8365931322138,0.018518798202227706,0.0,3.7735924528226414,0.0
182,14.9,13.649843554445837,428.04601468888166,0.1125445936291181,0.0,5.6,0.0,0.3,0.6181652978112554,41.48349840522991,0.01837740421531447,0.0,4.454211490264018,0.0
183,14.9,13.316510221112503,428.54601468888166,0.11498599401913716,0.0,2.0,0.0,0.3,0.6436053070916384,41.55378498164108,0.019115985132171748,0.0,2.0,0.0
184,14.9,13.55770069730298,433.80601468888153,0.11988390942460858,0.0,20.4,0.0,0.3,0.5491562514335052,41.46049541063342,0.017013789975609837,0.0,7.255342858886822,0.0
185,14.9,13.85555784016012,439.0360146888814,0.11499915440976642,0.0,20.8,0.0,0.3,0.6145529108122755,41.188487667928335,0.01609188302387662,0.0,6.881860213634101,0.0
186,14.9,13.749319744922024,441.25601468888146,0.11121502997252826,0.0,9.2,0.0,0.3,0.5587606056922279,41.554112292067174,0.014777433015732134,0.0,5.381449618829484,0.0
187,14.9,13.499986411588694,442.2960146888813,0.10930745817049267,0.0,4.4,0.0,0.3,0.6027215571010249,42.42878255309255,0.01336164989767139,0.0,6.3118935352238,0.0
188,14.9,13.32427212587441,444.9360146888813,0.12026259801631027,0.0,8.4,0.0,0.3,0.6157574873474183,42.69846287799456,0.018033221456320105,0.0,3.7735924528226414,0.0
189,14.9,13.480137427253407,449.46523380290853,0.12315004891973187,0.0,17.6,0.0,0.3,0.5243642030216914,42.03797502870978,0.023206208425252405,0.0,6.740919818541086,0.0
190,14.9,20.27231539374743,358.1607894736817,0.21987777817222282,0.0,17.6,0.0,0.3,13.161362303968277,181.05065370113667,0.2276662601193995,0.0,4.079215610874227,0.0
191,14.9,17.037362595437003,406.1000814483381,0.15995378486279413,0.0,7.6,0.0,0.3,10.348813708718753,139.09434528052884,0.1702086000060003,0.0,4.17612260356422,0.0
192,14.9,13.653661236777216,455.3852338029084,0.1080516929022729,0.0,10.8,0.0,0.3,0.7565327158251345,42.028843131487484,0.02082569441730101,0.0,7.166589146867567,0.0
193,14.9,13.44251837963436,457.3752338029083,0.11591252645212177,0.0,6.4,0.0,0.3,0.776829882787753,41.75603688334014,0.021600492744232223,0.0,3.6660605559646724,0.0
194,14.9,13.52889933201531,460.8352338029082,0.11895797740321509,0.0,14.8,0.0,0.3,0.6660097086774424,41.194922827666346,0.013073831702549204,0.0,7.807688518377254,0.0
195,14.9,16.84389933201529,417.48523380290845,0.1621147309048523,0.0,16.4,0.0,0.3,9.374334903681586,144.5683240414765,0.1686028581895925,0.0,4.882622246293481,0.0
196,14.9,13.797851712967693,466.6952338029081,0.10859663179634742,0.0,13.6,0.0,0.3,0.7653479487238634,42.16914045298537,0.013392274203978281,0.0,5.71314274283428,0.0
197,14.9,13.650042189158167,469.135233802908,0.11122731699811077,0.0,8.4,0.0,0.3,0.8813171179039496,42.90699695164874,0.014255431026232564,0.0,7.031358332498779,0.0
198,14.9,13.342804093920074,470.055233802908,0.11678013209079727,0.0,3.2,0.0,0.3,0.8803559945044241,42.70367671356727,0.017243275252143593,0.0,2.9933259094191533,0.0
199,14.9,13.376423141539124,473.09523380290796,0.11979634879697365,0.0,13.2,0.0,0.3,0.7842049989951272,42.358770346092896,0.015675487994392764,0.0,6.20966987850401,0.0
200,14.9,22.703571011213235,344.08944432922465,0.2730175916146441,0.0,22.8,0.0,0.3,13.542431723621963,224.11221229602074,0.2530892541134951,0.0,6.20966987850401,0.0
201,14.9,19.985708855824782,387.59523380290847,0.21892139607923777,0.0,12.0,0.0,0.3,12.182919752265231,194.17576015151724,0.22420106507662357,0.0,3.5777087639996634,0.0
202,14.9,16.487137427253383,438.5852338029081,0.16109658849755715,0.0,6.0,0.0,0.3,7.947443336628947,149.70084390176442,0.16824925027246623,0.0,4.47213595499958,0.0
203,14.9,16.15380409392005,439.0852338029081,0.16458060060504925,0.0,2.0,0.0,0.3,7.972954580999077,149.617445012773,0.16857082482213262,0.0,2.0,0.0
204,14.9,13.63304218915817,484.14523380290774,0.11728511120756493,0.0,18.8,0.0,0.3,0.8701383723017516,47.885078118694366,0.017372219236453393,0.0,5.075431016179808,0.0
205,14.9,16.93589933201529,443.5002338029079,0.16183796292671287,0.0,20.0,0.0,0.3,8.860015898657227,152.1994176620208,0.16419633088935198,0.0,7.37563556583431,0.0
206,14.9,16.80566123677719,445.6802338029079,0.1597546001922369,0.0,8.8,0.0,0.3,8.770457672425783,152.8788107045295,0.16739843664397322,0.0,4.664761515876241,0.0
207,14.9,16.55632790344386,446.7202338029077,0.158879862122752,0.0,4.4,0.0,0.3,8.818757601314534,152.9961036341451,0.1671330148051364,0.0,6.3118935352238,0.0
208,14.9,16.388756474872434,449.2602338029078,0.16757718341490335,0.0,8.4,0.0,0.3,8.7822677017809,153.4905545581169,0.16593353867819483,0.0,3.7735924528226414,0.0
209,14.9,13.69089933201531,496.1952338029074,0.11769700969824706,0.0,17.2,0.0,0.3,0.8334122034239423,51.37221942929681,0.019734910569966284,0.0,5.670978751503131,0.0
210,14.9,19.7899945701105,411.895233802908,0.21392198682455965,0.0,17.6,0.0,0.3,11.07248106903074,208.7190771192864,0.22977658643221519,0.0,4.079215610874227,0.0
211,14.9,16.90366123677719,454.6052338029076,0.1560921040033088,0.0,7.6,0.0,0.3,8.455476701541988,159.08244466515862,0.17954572224736048,0.0,4.17612260356422,0.0
212,14.9,16.797946951062904,457.59523380290767,0.15981007807206687,0.0,10.4,0.0,0.3,8.407498005438576,160.15323329959375,0.17875158931717824,0.0,6.974238309665078,0.0
213,14.9,16.531470760586714,459.2152338029076,0.16752186634462377,0.0,5.2,0.0,0.3,8.364713988060446,160.55659584881568,0.17844976010707794,0.0,3.6,0.0
214,14.9,13.64185171296769,506.5152338029071,0.11426249211256019,0.0,14.0,0.0,0.3,0.6144827543689784,56.489154899817365,0.019560996818566496,0.0,6.752777206453653,0.0
215,14.9,16.818851712967664,465.23523380290743,0.1589159560033016,0.0,16.4,0.0,0.3,8.598759924620314,163.1849358940198,0.1741397783367514,0.0,4.882622246293481,0.0
216,14.9,16.831613617729566,468.9852338029074,0.16097004014257543,0.0,14.0,0.0,0.3,8.600505599990816,163.81368424453703,0.17227972314104953,0.0,6.260990336999411,0.0
217,14.9,16.714470760586714,471.36523380290737,0.16290712341422459,0.0,8.8,0.0,0.3,8.513485037735594,164.75139257284113,0.17368968956534547,0.0,6.881860213634101,0.0
218,14.9,16.407232665348616,472.2852338029073,0.16863574190254912,0.0,3.2,0.0,0.3,8.478208547803492,164.93231269869005,0.17411691797865197,0.0,2.9933259094191533,0.0
219,14.9,13.540851712967688,518.4252338029069,0.11600381906744092,0.0,12.8,0.0,0.3,0.5954779690483096,59.989696104448655,0.017868254477456394,0.0,5.30659966456864,0.0
220,14.9,20.590090225563788,423.165941828251,0.21968252525250548,0.0,22.4,0.0,0.3,13.02858791519913,216.1120435225848,0.22929609500326437,0.0,4.8,0.0
221,14.9,16.949994570110515,479.3052338029071,0.16002740076678965,0.0,10.8,0.0,0.3,8.629028252887753,167.23726011570142,0.16651307610841493,0.0,3.6,0.0
222,14.9,16.726756474872424,480.7652338029071,0.16054544330876624,0.0,5.6,0.0,0.3,8.577752242356128,167.89141778543606,0.16871433072529127,0.0,4.454211490264018,0.0
223,14.9,16.39342314153909,481.2652338029071,0.1641867333108388,0.0,2.0,0.0,0.3,8.552941932976333,168.06588396594222,0.169658011169024,0.0,2.0,0.0
224,14.9,16.572137427253377,486.25523380290696,0.17115294225839756,0.0,19.2,0.0,0.3,8.6152720774565,167.69357363892252,0.1631215711331434,0.0,5.30659966456864,0.0
225,14.9,17.909994570110506,475.88523380290707,0.16609621415861642,0.0,20.8,0.0,0.3,11.29887124947537,169.7657755210147,0.1771631091038722,0.0,6.881860213634101,0.0
226,14.9,14.07375647487245,533.6552338029064,0.10423330159045607,0.0,8.8,0.0,0.3,0.6237655463041611,64.26504625235589,0.01727195484280377,0.0,4.664761515876241,0.0
227,14.9,13.824423141539114,534.6952338029064,0.10250363018952688,0.0,4.4,0.0,0.3,0.7331012850642914,65.32465946804578,0.020150081281914128,0.0,6.3118935352238,0.0
228,14.9,13.638042189158162,537.0952338029063,0.11105607755518762,0.0,8.0,0.0,0.3,0.711115345217139,65.86007376338343,0.020683602701548447,0.0,3.0983866769659336,0.0
229,14.9,13.717851712967686,541.1652338029063,0.11800359747063627,0.0,16.0,0.0,0.3,0.6719222540446571,65.22948662664083,0.023872391285082555,0.0,5.059644256269407,0.0
230,14.9,20.154666249308477,451.7994443292229,0.2169465685709852,0.0,17.6,0.0,0.3,12.060817791953518,230.01859555856745,0.22824968559071074,0.0,4.079215610874227,0.0
231,14.9,16.865280284396228,500.5552338029065,0.15716987596513804,0.0,7.6,0.0,0.3,8.55379139715206,175.68944054159905,0.17337914561472897,0.0,4.17612260356422,0.0
232,14.9,16.788613617729563,503.53523380290653,0.15874495019506232,0.0,10.8,0.0,0.3,8.435847384367788,177.04678763431312,0.17573014097055942,0.0,7.166589146867567,0.0
233,14.9,16.59013742725337,505.33523380290643,0.16319654709671075,0.0,6.4,0.0,0.3,8.496351413894931,176.701249179813,0.17563488497581828,0.0,3.6660605559646724,0.0
234,14.9,13.767185046301014,551.635233802906,0.11513703400239925,0.0,14.0,0.0,0.3,0.6252681535451758,70.71855541544907,0.02498929915579594,0.0,6.752777206453653,0.0
235,14.9,17.428518379634323,503.0902338029065,0.16356357416150108,0.0,16.4,0.0,0.3,10.519067844281837,180.29597065282374,0.17197089613388986,0.0,4.882622246293481,0.0
236,14.9,17.421804093920034,506.7102338029064,0.16667349480696614,0.0,13.6,0.0,0.3,10.423334162697225,181.23083965532828,0.1725477263974089,0.0,5.71314274283428,0.0
237,14.9,17.22199457011051,508.73023380290635,0.16846692209538755,0.0,7.2,0.0,0.3,10.568783021722123,180.46252746605026,0.1716870699232865,0.0,7.547184905645283,0.0
238,14.9,16.914756474872416,509.6502338029063,0.17409160243267857,0.0,3.2,0.0,0.3,10.534847857876096,180.63715740921916,0.1721332259508483,0.0,2.9933259094191533,0.0
239,14.9,13.562042189158158,563.0852338029057,0.12135922779660453,0.0,12.8,0.0,0.3,0.8381543295808186,72.95866649867105,0.028845605021956204,0.0,5.30659966456864,0.0
240,14.9,23.981899332015203,417.7752338029071,0.2753023790219814,0.0,22.8,0.0,0.3,14.2118951384652,276.7434221973259,0.27500595214207413,0.0,6.20966987850401,0.0
241,14.9,17.41442314153908,519.0252338029061,0.16315254991325082,0.0,12.0,0.0,0.3,8.813563008513334,185.5653450234562,0.17728589173858417,0.0,3.5777087639996634,0.0
242,14.9,17.191185046300987,520.4852338029061,0.16359566213182644,0.0,5.6,0.0,0.3,8.758861782486134,186.24244915880857,0.17979956081102938,0.0,4.454211490264018,0.0
243,14.9,16.85785171296765,520.9852338029061,0.16671419938681548,0.0,2.0,0.0,0.3,8.734755500204184,186.40692330469142,0.18101640067810293,0.0,2.0,0.0
244,14.9,13.99242314153911,571.2152338029056,0.11663984547984704,0.0,18.8,0.0,0.3,0.7148244004517448,80.3387471440934,0.027524287049300114,0.0,5.075431016179808,0.0
245,14.9,21.05561361772952,473.36523380290646,0.21233912888964152,0.0,19.2,0.0,0.3,13.096255810630169,246.28671969332342,0.22957800693174846,0.0,7.756287771866127,0.0
246,14.9,20.925375522491418,475.54523380290647,0.2114905977439207,0.0,8.8,0.0,0.3,13.126938087052427,246.14336254116378,0.22997425130401158,0.0,4.664761515876241,0.0
247,14.9,20.67604218915809,476.58523380290643,0.2101858750811047,0.0,4.4,0.0,0.3,13.055492021671219,246.93093505648392,0.2335886974780169,0.0,6.3118935352238,0.0
248,14.9,16.909804093920034,533.1052338029059,0.16296185794233553,0.0,8.4,0.0,0.3,8.850198212183939,191.15221279869056,0.15813899180338217,0.0,3.7735924528226414,0.0
249,14.9,15.105835839951794,566.6319004695722,0.14542544209708924,0.0,17.2,0.0,0.3,3.054387725550874,114.66631135538873,0.09375047894838907,0.0,5.670978751503131,0.0
250,14.9,25.361994987468485,419.1759418282503,0.2694954158538552,0.0,16.8,0.0,0.3,16.346759904600848,282.1382676104813,0.27503879785314245,0.0,4.664761515876241,0.0
251,14.9,21.15504218915808,481.6952338029063,0.20463702337375295,0.0,7.6,0.0,0.3,13.08063778508517,249.90546917344798,0.23822955807814206,0.0,4.17612260356422,0.0
252,14.9,14.475994570110535,583.2852338029053,0.09482556868262108,0.0,10.4,0.0,0.3,0.5234982709197612,89.47524323822236,0.01597626728591858,0.0,6.974238309665078,0.0
253,14.9,14.192185046301011,584.7652338029051,0.1007112250299671,0.0,4.8,0.0,0.3,0.5540997522507128,89.54868928270088,0.015522366045239223,0.0,3.487119154832539,0.0
254,14.9,14.213899332015297,587.995233802905,0.10275749345956756,0.0,13.6,0.0,0.3,0.4740144697019317,88.54202228531702,0.018575395871065856,0.0,6.499230723708769,0.0
255,14.9,18.537565998681917,529.1152338029057,0.15502630946350932,0.0,16.0,0.0,0.3,12.416794266790713,196.37380024248546,0.1835976361507367,0.0,4.732863826479693,0.0
256,14.9,18.54699457011049,532.9152338029056,0.15660356515192375,0.0,14.0,0.0,0.3,12.494779516425734,196.20539554591466,0.1820043762981468,0.0,6.260990336999411,0.0
257,14.9,14.349185046301008,596.5052338029047,0.09344818785483074,0.0,8.8,0.0,0.3,0.7245669231239916,90.39395459929062,0.021172477376262117,0.0,6.881860213634101,0.0
258,14.9,14.024613617729582,597.2852338029048,0.09779953930869652,0.0,2.8,0.0,0.3,0.6574954178400321,90.09278168095102,0.024008791859174206,0.0,3.1240998703626617,0.0
259,14.9,14.016899332015296,600.1452338029047,0.1009174882637155,0.0,12.4,0.0,0.3,0.6109535191662467,89.44573223780286,0.026274004973259366,0.0,5.2,0.0
260,14.9,21.047237677879885,504.36944432922166,0.21358025037219147,0.0,21.6,0.0,0.3,13.225477751100675,260.6197560146361,0.2316597086457372,0.0,4.454211490264017,0.0
261,14.9,17.460708855824784,559.3052338029051,0.15553988462042906,0.0,10.4,0.0,0.3,9.028026894935524,201.61610511607486,0.1773971378373935,0.0,3.6660605559646724,0.0
262,14.9,17.240804093920026,560.7152338029052,0.15578826616790473,0.0,5.6,0.0,0.3,9.006072604359053,201.9663037750443,0.17918679412685448,0.0,4.454211490264018,0.0
263,14.9,16.90747076058669,561.2152338029051,0.15958814499319013,0.0,2.0,0.0,0.3,9.02914340868007,201.91988769757972,0.17945566501376384,0.0,2.0,0.0
264,14.9,14.033518379634344,611.5952338029045,0.11431757863658851,0.0,18.8,0.0,0.3,0.7018015723517518,95.15463787811292,0.028390993682430858,0.0,5.075431016179809,0.0
265,14.9,18.25870885582477,557.115233802905,0.1619417929795826,0.0,20.0,0.0,0.3,11.01190362211075,206.5635196114399,0.18551669495635076,0.0,6.928203230275509,0.0
266,14.9,18.111137427253347,559.1552338029051,0.1617724813592088,0.0,8.4,0.0,0.3,11.055610729841305,206.1871609133402,0.18643030516497916,0.0,4.17612260356422,0.0
267,14.9,17.861804093920007,560.195233802905,0.16076703124937566,0.0,4.4,0.0,0.3,11.012440271911903,206.96806587080613,0.1887728916202114,0.0,6.3118935352238,0.0
268,14.9,17.67208980820573,562.6452338029051,0.1721763989931036,0.0,8.0,0.0,0.3,11.027413669451143,206.9579170952979,0.18708103416100494,0.0,3.0983866769659336,0.0
269,14.9,13.995232665348627,622.2652338029043,0.12402564602298287,0.0,15.2,0.0,0.3,0.8347793054468217,94.18437812279883,0.03119307708759762,0.0,5.30659966456864,0.0
270,14.9,24.74732790344375,467.37023380290594,0.275036537289606,0.0,16.8,0.0,0.3,15.993221913495852,309.789708338487,0.2613590260065717,0.0,4.308131845707604,0.0
271,14.9,21.508327903443792,515.3702338029053,0.21810592918772936,0.0,7.6,0.0,0.3,14.55268876697688,269.513161025444,0.23013310872987744,0.0,4.17612260356422,0.0
272,14.9,21.43075647487236,518.3602338029052,0.22151486636343654,0.0,10.8,0.0,0.3,14.538658000988676,270.4482554887138,0.22939878208857442,0.0,7.166589146867567,0.0
273,14.9,21.244946951062836,519.9702338029052,0.2238732641581561,0.0,6.4,0.0,0.3,14.52028696163932,270.2184470679426,0.2300810855779867,0.0,3.6660605559646724,0.0
274,14.9,15.082394570110512,615.5642338029043,0.14588480912341656,0.0,13.2,0.0,0.3,2.791679848476726,128.23444688534897,0.09825537743068687,0.0,6.20966987850401,0.0
275,14.9,24.99726123677708,472.4162338029056,0.267188282690768,0.0,15.6,0.0,0.3,16.3321435035234,293.1973828728696,0.2675351505543057,0.0,4.543126676640219,0.0
276,14.9,21.219975522491413,532.1762338029049,0.21204187237923594,0.0,13.2,0.0,0.3,14.020493275503421,247.80877372290198,0.22023271161766253,0.0,6.20966987850401,0.0
277,14.9,21.02016599868189,534.1962338029049,0.2161962092595203,0.0,7.2,0.0,0.3,13.913751211842749,249.11027331546978,0.2215462154102557,0.0,7.547184905645283,0.0
278,14.9,16.39359457011052,599.906233802904,0.1567315487476202,0.0,3.2,0.0,0.3,6.543608068630252,177.9775294035054,0.1468230903433022,0.0,2.9933259094191533,0.0
279,14.9,14.267946951062914,634.5352338029037,0.10986336266863594,0.0,12.4,0.0,0.3,0.6033056653607672,106.03962289046383,0.020012623655677443,0.0,5.2,0.0
280,14.9,24.645912038159725,488.9743289250229,0.26328263613512615,0.0,22.0,0.0,0.3,15.84703381681309,285.6209139008924,0.25771064681216554,0.0,6.0,0.0
281,14.9,14.949708855824815,637.1552338029037,0.0939037792802214,0.0,12.0,0.0,0.3,0.4618428084702934,109.99161712737873,0.01039609116103603,0.0,3.5777087639996634,0.0
282,14.9,14.70913742725339,638.4752338029036,0.0933377224592585,0.0,5.2,0.0,0.3,0.5500471518069716,110.66291835460397,0.013323909574146735,0.0,4.749736834815167,0.0
283,14.9,14.375804093920053,638.9752338029036,0.09602842479396503,0.0,2.0,0.0,0.3,0.521466871070398,110.73578773823512,0.013794556101060135,0.0,2.0,0.0
284,14.9,14.475804093920052,643.5052338029035,0.10264130814236624,0.0,17.6,0.0,0.3,0.4572929322621764,110.35546318708174,0.013251560290276777,0.0,5.122499389946279,0.0
285,14.9,14.658994570110528,648.0552338029034,0.09938186972192524,0.0,18.4,0.0,0.3,0.5445151082468253,111.01447372759694,0.01184534570530739,0.0,7.8383671769061705,0.0
286,14.9,14.535423141539102,650.1352338029035,0.0971614395341284,0.0,8.8,0.0,0.3,0.536882873957157,110.83961678727069,0.017817528726952463,0.0,4.664761515876241,0.0
287,14.9,14.286089808205768,651.1752338029034,0.09598821012896815,0.0,4.4,0.0,0.3,0.6573258383444871,111.93793465285893,0.020231263840336026,0.0,6.3118935352238,0.0
288,14.9,14.128089808205766,653.5752338029034,0.1060757429485482,0.0,8.4,0.0,0.3,0.6489711400860572,112.48704693545761,0.01973516442076647,0.0,3.7735924528226414,0.0
289,14.9,14.258565998681956,657.6852338029032,0.11267965001562699,0.0,16.8,0.0,0.3,0.5461773036299504,111.76867145587993,0.023071589011216198,0.0,5.6000000000000005,0.0
290,14.9,21.733237677879856,551.1294443292205,0.2205267968893329,0.0,16.0,0.0,0.3,14.456623069242156,289.67555243950216,0.2359554735268234,0.0,4.0,0.0
291,14.9,17.669851712967635,611.4952338029037,0.15881836026060264,0.0,7.6,0.0,0.3,9.6091415909825,225.58821743668085,0.1772375679426221,0.0,4.17612260356422,0.0
292,14.9,17.53156599868192,614.1552338029036,0.163510534109838,0.0,9.6,0.0,0.3,9.585884042998487,226.8171847526568,0.17569321048336461,0.0,7.631513611335564,0.0
293,14.9,17.230423141539056,615.4952338029036,0.1702658233797276,0.0,4.4,0.0,0.3,9.61490454972942,226.6856478623366,0.17512480309322215,0.0,3.7735924528226414,0.0
294,14.9,14.050804093920046,666.745233802903,0.12080869143275477,0.0,13.6,0.0,0.3,0.44284849263457493,116.0931920935094,0.02236576173650225,0.0,6.499230723708769,0.0
295,14.9,27.17138053502264,475.08944432922135,0.2900989519925644,0.0,15.2,0.0,0.3,19.606017993834556,326.02348150866453,0.27665570793085514,0.0,4.308131845707604,0.0
296,14.9,23.290661236777076,537.2452338029047,0.23114911222847212,0.0,14.0,0.0,0.3,17.585357054971478,286.7263496167967,0.24879024506967445,0.0,6.260990336999411,0.0
297,14.9,18.258185046300955,613.3552338029036,0.16823589070771244,0.0,8.8,0.0,0.3,11.263234688899047,231.03976715047088,0.18461337440446354,0.0,6.881860213634101,0.0
298,14.9,17.933613617729527,614.1352338029035,0.17285711528393688,0.0,2.8,0.0,0.3,11.320461078797381,230.4709489021484,0.18472872095383422,0.0,3.1240998703626617,0.0
299,14.9,14.157899332015287,673.5152338029029,0.12022994614681862,0.0,12.4,0.0,0.3,0.7697911486139692,115.40007956375864,0.03700643536415792,0.0,5.2,0.0
300,14.9,30.533375522491276,436.3216623743343,0.33627992102944176,0.0,20.4,0.0,0.3,19.482282060746527,357.68785336990504,0.29700652132557576,0.0,4.17612260356422,0.0
301,14.9,27.3993279034437,484.070233802905,0.28082110499279034,0.0,10.0,0.0,0.3,19.23864890910319,330.6340155605122,0.2876943984669231,0.0,2.6832815729997477,0.0
302,14.9,22.51008980820567,555.5202338029042,0.22033757201157816,0.0,5.6,0.0,0.3,15.872091146292561,295.06649795077567,0.2462496299468436,0.0,4.454211490264018,0.0
303,14.9,22.176756474872334,556.0202338029042,0.22355859361666738,0.0,2.0,0.0,0.3,15.840923990322388,295.2761324594062,0.2474246746288561,0.0,2.0,0.0
304,14.9,14.584470760586715,677.1852338029026,0.10802617348700713,0.0,18.8,0.0,0.3,0.6779417647001896,125.70304042286708,0.03346273802513297,0.0,5.075431016179809,0.0
305,14.9,22.94524536376121,560.3679004695707,0.20370417777327368,0.0,19.6,0.0,0.3,15.450336888651456,290.87785604674605,0.2427259973130806,0.0,6.560487786742691,0.0
306,14.9,18.464518379634292,627.405233802903,0.13948239692611689,0.0,8.4,0.0,0.3,9.531953015808854,234.21707862392404,0.17951927907830387,0.0,4.17612260356422,0.0
307,14.9,18.215185046300963,628.445233802903,0.1380186464348336,0.0,4.4,0.0,0.3,9.485732178799642,235.03865827545076,0.1819785476579698,0.0,6.3118935352238,0.0
308,14.9,17.98956599868191,630.615233802903,0.14848134181299152,0.0,7.2,0.0,0.3,9.476864282865003,235.4888560757313,0.17895509218165723,0.0,3.487119154832539,0.0
309,14.9,14.794042189158143,682.6152338029023,0.09546294095542222,0.0,14.8,0.0,0.3,0.5689666416840348,126.10601379568787,0.026323773450460265,0.0,5.946427498927402,0.0
310,14.9,20.042947368420904,609.8459418282466,0.1528446350195715,0.0,16.4,0.0,0.3,15.047038532288509,236.6148367551821,0.19488725017572964,0.0,3.7735924528226414,0.0
311,14.9,14.898661236777192,686.4252338029022,0.08555566397702641,0.0,7.6,0.0,0.3,0.527846685360916,125.30190969159172,0.02760042978671298,0.0,4.17612260356422,0.0
312,14.9,14.831994570110524,689.2652338029022,0.08334354909127195,0.0,10.8,0.0,0.3,0.6895799465188645,126.81563903967576,0.019977222407326654,0.0,7.166589146867567,0.0
313,14.9,14.634185046300999,691.0552338029021,0.08726609415948317,0.0,6.4,0.0,0.3,0.6782012014334337,126.93977969029062,0.023631485195745355,0.0,3.6660605559646724,0.0
314,14.9,14.635232665348619,694.1952338029021,0.09243364588544375,0.0,13.2,0.0,0.3,0.5411475918099563,125.77998436964411,0.02884705482758455,0.0,6.20966987850401,0.0
315,14.9,14.746756474872427,697.6752338029021,0.0894402094909813,0.0,15.2,0.0,0.3,0.5958767254109882,126.28352760828803,0.027299381914781023,0.0,4.308131845707604,0.0
316,14.9,14.698137427253377,701.1052338029019,0.09608987176860255,0.0,12.8,0.0,0.3,0.6751826008633993,126.77495259494549,0.03006075968895512,0.0,6.144916598294887,0.0
317,14.9,14.480994570110521,702.9852338029019,0.0995001211516989,0.0,6.8,0.0,0.3,0.8424005062884193,128.0787758789335,0.03440643346756261,0.0,7.386474125047755,0.0
318,14.9,14.17708980820576,703.8552338029019,0.10517015534674716,0.0,3.2,0.0,0.3,0.7844916166516112,127.70767976701497,0.037512901258941016,0.0,2.9933259094191533,0.0
319,14.9,14.169375522491475,706.7152338029017,0.11340249617295813,0.0,12.4,0.0,0.3,0.701370721342571,126.98669527166881,0.04040445014535076,0.0,5.2,0.0
320,14.9,22.466713868356024,592.1194443292192,0.22014324397855828,0.0,21.6,0.0,0.3,15.399575842988181,312.75777619053616,0.24029883218454412,0.0,5.71314274283428,0.0
321,14.9,18.256851712967617,658.0052338029022,0.15640257362347415,0.0,12.0,0.0,0.3,10.115692280015656,244.88220462267216,0.1803409811553764,0.0,3.5777087639996634,0.0
322,14.9,17.998946951062855,659.1852338029023,0.15649104583738088,0.0,4.8,0.0,0.3,10.111974650043445,245.2755822881416,0.1820939027055349,0.0,4.995998398718719,0.0
323,14.9,17.66561361772952,659.6852338029023,0.1599383159416674,0.0,2.0,0.0,0.3,10.135476598645619,245.2230544912869,0.18257644211209123,0.0,2.0,0.0
324,14.9,14.376280284396236,715.0552338029016,0.11674765384509793,0.0,17.6,0.0,0.3,0.8153071946243035,130.3923419921037,0.030358873727209162,0.0,5.122499389946279,0.0
325,14.9,18.707327903443797,656.5652338029023,0.16240287606994366,0.0,17.6,0.0,0.3,11.534783149480665,250.46883630118182,0.17140101339521174,0.0,7.418894796396564,0.0
326,14.9,18.583756474872366,658.6452338029023,0.16314109998188436,0.0,8.8,0.0,0.3,11.579554152830672,250.2229998033792,0.17181561025469486,0.0,4.664761515876241,0.0
327,14.9,18.334423141539034,659.6852338029022,0.16273732098977764,0.0,4.4,0.0,0.3,11.540635914222136,251.07144281140498,0.17420340439671958,0.0,6.3118935352238,0.0
328,14.9,15.91454078859789,696.0134690970193,0.15559172176891278,0.0,8.4,0.0,0.3,4.815971125196925,170.32799571779788,0.13519159477855236,0.0,3.7735924528226414,0.0
329,14.9,14.50289933201528,723.2552338029011,0.11781178956862548,0.0,16.8,0.0,0.3,0.9270413480368291,132.42186992536028,0.03183347980061143,0.0,5.6000000000000005,0.0
330,14.9,23.486185046300882,593.2702338029029,0.2257441443987783,0.0,15.2,0.0,0.3,17.716873837090375,317.35388420861636,0.24207166817557538,0.0,3.9191835884530857,0.0
331,14.9,19.87651837963427,646.4302338029022,0.1695640381256069,0.0,7.2,0.0,0.3,15.469208060713774,253.47992816578676,0.1901610491872411,0.0,4.66476151587624,0.0
332,14.9,19.734899332015218,649.140233802902,0.17313694732487184,0.0,9.6,0.0,0.3,15.519736616087656,254.12484080155124,0.188360159282221,0.0,7.631513611335564,0.0
333,14.9,19.43375647487236,650.480233802902,0.18123570838456776,0.0,4.4,0.0,0.3,15.593827756662868,253.3696717447852,0.18699467637229963,0.0,3.7735924528226414,0.0
334,14.9,14.420470760586714,729.2352338029011,0.12014692835528573,0.0,13.6,0.0,0.3,0.8875925539187358,136.99460364282837,0.03131557785697351,0.0,6.499230723708769,0.0
335,14.9,30.254951963594003,496.5994443292202,0.32056550432994146,0.0,14.8,0.0,0.3,18.34895884651087,406.69019274610207,0.2860314474247484,0.0,3.6,0.0
336,14.9,23.511399332015166,601.2977338029027,0.24410248138936125,0.0,13.6,0.0,0.3,13.275314675237802,334.1236597694714,0.24008569373502334,0.0,6.974238309665077,0.0
337,14.9,18.585089808205712,675.8152338029016,0.14536969264222363,0.0,8.8,0.0,0.3,9.879251933343552,257.45730169481345,0.16749465000769378,0.0,6.881860213634101,0.0
338,14.9,18.243185046300948,676.4552338029017,0.15023487339574135,0.0,2.4,0.0,0.3,9.859112668780865,257.41090875165315,0.16777366934752017,0.0,2.6532998322843198,0.0
339,14.9,14.902137427253379,729.3152338029007,0.10127269092667716,0.0,12.4,0.0,0.3,0.5537882811293049,146.41238973736912,0.02015833112253464,0.0,5.2,0.0
340,14.9,20.615994987468504,651.2459418282451,0.16212177568859276,0.0,19.6,0.0,0.3,16.32596429696516,258.4792820672473,0.19564268160544254,0.0,4.176122603564219,0.0
341,14.9,15.061899332015283,734.8952338029005,0.10040587947941185,0.0,9.6,0.0,0.3,0.5703888397858204,146.85568484074335,0.015378689366169332,0.0,3.2,0.0
342,14.9,14.84866123677719,736.2052338029006,0.09857935389828834,0.0,5.6,0.0,0.3,0.6885005551253297,147.60118371876857,0.019584696412535848,0.0,4.454211490264018,0.0
343,14.9,14.515327903443856,736.7052338029005,0.10267207459884653,0.0,2.0,0.0,0.3,0.6722541693568752,147.64868649070803,0.02056881145286093,0.0,2.0,0.0
344,14.9,14.686280284396238,741.4152338029006,0.11198497250168023,0.0,18.8,0.0,0.3,0.6434307360322188,147.45688955426706,0.021622094643895407,0.0,5.075431016179809,0.0
345,14.9,18.73399457011047,687.9752338029014,0.15427033762082815,0.0,18.4,0.0,0.3,10.135911391356599,262.0562440521567,0.18404303426756288,0.0,5.71314274283428,0.0
346,14.9,15.09175647487243,741.6352338029003,0.10008764237197468,0.0,7.6,0.0,0.3,0.8116674238796227,148.15143198818663,0.031418672991633735,0.0,4.17612260356422,0.0
347,14.9,14.842423141539097,742.6752338029003,0.0990605502900445,0.0,4.4,0.0,0.3,0.9693758816628999,149.3105601253608,0.03572827701264071,0.0,6.3118935352238,0.0
348,14.9,14.628172514972679,744.6747074871109,0.1058952340345007,0.0,7.2,0.0,0.3,0.9566854830208481,149.89632227946274,0.032303600553136996,0.0,3.487119154832539,0.0
349,14.9,14.652648705448872,748.3747074871106,0.11565657509876637,0.0,14.8,0.0,0.3,0.87880928970306,149.34547683301986,0.03685796701833597,0.0,5.946427498927402,0.0
350,14.9,22.956618630260774,628.5794443292177,0.2182963680774203,0.0,15.2,0.0,0.3,16.102429633357342,337.53622892304077,0.23645196261663834,0.0,3.9191835884530852,0.0
351,14.9,19.155875209208208,684.6055956450062,0.18531073523209768,0.0,7.2,0.0,0.3,10.169640618064912,270.0916966921519,0.18911218753796827,0.0,4.66476151587624,0.0
352,14.9,18.30393441973453,699.2147074871116,0.15990888533790928,0.0,10.8,0.0,0.3,9.949779356941896,268.056869439663,0.18786692429115243,0.0,7.166589146867567,0.0
353,14.9,18.090791562591672,700.8347074871115,0.1649003602574347,0.0,6.0,0.0,0.3,10.01548885981673,267.77416339340067,0.186711651826728,0.0,4.09878030638384,0.0
354,14.9,14.64117251497268,754.9347074871106,0.11862035179917149,0.0,12.4,0.0,0.3,0.9880107407045589,154.4517421634211,0.04660562201813266,0.0,6.56048778674269,0.0
355,14.9,26.526446324496124,580.608457487116,0.2538762237426393,0.0,14.0,0.0,0.3,18.364810565822925,363.1644391024792,0.2595354395050241,0.0,4.47213595499958,0.0
356,14.9,21.600692661492726,656.7954767178813,0.19133331088278288,0.0,12.4,0.0,0.3,15.682598434712139,283.67666159741583,0.2062108896909132,0.0,6.560487786742691,0.0
357,14.9,21.38354980434987,658.6754767178812,0.19477624659726733,0.0,6.8,0.0,0.3,15.588868434599696,285.06099215236355,0.2088017330558453,0.0,7.386474125047755,0.0
358,14.9,15.932311709111854,736.7554767178802,0.1327299656431944,0.0,3.2,0.0,0.3,3.2207063195368657,185.32507197598068,0.10378929123416292,0.0,2.9933259094191533,0.0
359,14.9,14.927982038782208,754.1647074871105,0.10603645748995276,0.0,12.0,0.0,0.3,0.8568152287036577,163.75631796827236,0.04069418160154951,0.0,5.656854249492381,0.0
360,14.9,29.262982038781995,547.6297074871137,0.28131331388970937,0.0,20.4,0.0,0.3,22.15719111344603,382.5382533183514,0.28022406507766146,0.0,6.560487786742691,0.0
361,14.9,20.78602965782975,676.2997074871116,0.15798682257952876,0.0,10.8,0.0,0.3,16.346070618907255,277.1745715788027,0.20121108299329304,0.0,3.1240998703626617,0.0
362,14.9,20.52812489592499,677.4797074871117,0.15891858688767688,0.0,4.8,0.0,0.3,16.39526032660377,277.4787402629701,0.20148798916985244,0.0,4.995998398718719,0.0
363,14.9,20.19479156259166,677.9797074871117,0.1621985644644646,0.0,2.0,0.0,0.3,16.37484499166101,277.6402871777112,0.20204691320004448,0.0,2.0,0.0
364,14.9,14.872458229258395,763.0447074871105,0.11133402318367105,0.0,16.8,0.0,0.3,1.0975178973528483,167.3917507705569,0.05134920728114586,0.0,5.878775382679628,0.0
365,14.9,18.403077276877262,715.4897074871132,0.15029422491159844,0.0,16.4,0.0,0.3,9.077872984611812,267.0216308019653,0.15671659330025112,0.0,7.031358332498779,0.0
366,14.9,18.23669632449631,717.3897074871131,0.15159388373340876,0.0,8.0,0.0,0.3,9.092666391234001,266.94738190113185,0.15758187224790468,0.0,5.059644256269407,0.0
367,14.9,17.987362991162975,718.4297074871132,0.15162126185324507,0.0,4.4,0.0,0.3,9.050473605685987,267.8758667058388,0.15950943423630304,0.0,6.3118935352238,0.0
368,14.9,17.842886800686784,720.6397074871131,0.15523629692138669,0.0,8.4,0.0,0.3,9.013871614116297,268.3568067876499,0.15783685076197868,0.0,3.7735924528226414,0.0
369,14.9,14.957696324496496,769.1847074871105,0.11185438244923376,0.0,16.0,0.0,0.3,0.698653648554939,174.61439839635653,0.03375610080131012,0.0,6.196773353931867,0.0
370,14.9,26.537601503759152,599.4504155124562,0.22417299520160752,0.0,14.4,0.0,0.3,22.67697177979661,341.7684756256738,0.2489485672436522,0.0,4.454211490264017,0.0
371,14.9,23.15460126786117,648.7882761937832,0.21543913429671865,0.0,6.8,0.0,0.3,17.610521211413676,283.9393191736615,0.22870301246845046,0.0,5.075431016179808,0.0
372,14.9,22.95431555357546,651.1782761937831,0.22102327472189004,0.0,8.4,0.0,0.3,17.657665570919132,284.54958613167304,0.226880796572133,0.0,7.683749084919419,0.0
373,14.9,20.230410610210704,688.8597074871116,0.17616013022721805,0.0,4.4,0.0,0.3,16.693657137561246,284.05432785883823,0.19876156406172107,0.0,3.7735924528226414,0.0
374,14.9,14.7644582292584,774.0047074871103,0.1175742069467887,0.0,13.2,0.0,0.3,0.9955419392765662,172.16693422007998,0.04519455595890251,0.0,6.939740629158989,0.0
375,14.9,30.752540540298906,544.6095551325433,0.2816483551693413,0.0,14.0,0.0,0.3,24.8424982734775,382.0797073740437,0.2841591072968921,0.0,4.47213595499958,0.0
376,14.9,21.105505848305917,686.1547074871118,0.1702800920163167,0.0,13.2,0.0,0.3,17.679758240372085,283.2356615271613,0.19238914303566793,0.0,7.166589146867567,0.0
377,14.9,15.167696324496495,775.0447074871103,0.10018976860773524,0.0,8.0,0.0,0.3,1.241860911434453,174.51017239107873,0.04245080981714458,0.0,6.196773353931867,0.0
378,14.9,14.825791562591732,775.6847074871102,0.10528678963287941,0.0,2.4,0.0,0.3,1.2107965208891849,174.1930060095913,0.04529109178168191,0.0,2.6532998322843198,0.0
379,14.9,14.798124895925065,778.4447074871102,0.11242366841600175,0.0,12.0,0.0,0.3,1.1243693357085944,173.46121216759184,0.048822546237971116,0.0,5.656854249492381,0.0
380,14.9,28.828713868355926,574.0244443292188,0.28818551520256824,0.0,18.0,0.0,0.3,21.616501343176616,401.71005384712595,0.28197636746818877,0.0,4.8166378315169185,0.0
381,14.9,23.873410610210644,648.2697074871123,0.23033835948902254,0.0,9.2,0.0,0.3,18.372202916295898,355.16940393134126,0.24636092682220126,0.0,3.1240998703626617,0.0
382,14.9,18.239839181639294,730.4847074871112,0.16504187096277853,0.0,5.2,0.0,0.3,9.644245542809653,286.4291367677871,0.18618604683068685,0.0,4.4,0.0
383,14.9,17.905172514972627,731.0047074871111,0.1693404074509699,0.0,2.0,0.0,0.3,9.668390087361018,286.3969543705039,0.18664293301071297,0.0,2.0,0.0
384,14.9,14.774839181639356,784.8347074871101,0.12378364476371118,0.0,18.4,0.0,0.3,1.100590469968602,179.982770086531,0.051132892493756195,0.0,5.71314274283428,0.0
385,14.9,28.3258652953104,587.6450300677589,0.2715585854008992,0.0,17.2,0.0,0.3,19.713084003820157,405.50797899381996,0.2799373898759578,0.0,5.670978751503131,0.0
386,14.9,22.605484342929543,671.6550300677575,0.20774972017110463,0.0,6.8,0.0,0.3,13.778979735586411,359.61611117014223,0.23724658541213584,0.0,4.749736834815167,0.0
387,14.9,22.33548434292954,672.6050300677574,0.2075478687109955,0.0,4.0,0.0,0.3,13.720938773832614,360.4840742766816,0.24042478902593778,0.0,6.196773353931867,0.0
388,14.9,20.224037338321292,702.2624494225954,0.20731219260646086,0.0,6.4,0.0,0.3,10.6465217772764,318.7051620845671,0.22311752715851219,0.0,3.2,0.0
389,14.9,18.517743943544055,731.5247074871111,0.1703587379942617,0.0,14.4,0.0,0.3,10.03013170976371,294.8916297278204,0.18650409488592623,0.0,5.71314274283428,0.0
390,14.9,23.327713868356007,663.3394443292176,0.22862971377999147,0.0,14.4,0.0,0.3,16.828114405994754,367.3480593451973,0.23023328647671312,0.0,3.6660605559646724,0.0
391,14.9,20.01923767787988,711.5594443292166,0.1750187928574778,0.0,6.8,0.0,0.3,14.90566363415395,304.94822379510725,0.18699944212793732,0.0,5.075431016179808,0.0
392,14.9,15.060886800686978,787.3647074871102,0.1133790852671293,0.0,10.4,0.0,0.3,1.116141477975481,196.534848628129,0.04607027700912135,0.0,7.200000000000001,0.0
393,14.9,14.82441061021079,788.9347074871101,0.11871417754029649,0.0,5.6,0.0,0.3,1.1370621204382174,196.4525312213447,0.049687138154533,0.0,3.6660605559646724,0.0
394,14.9,14.77083918163936,791.6947074871101,0.12398559183788416,0.0,12.0,0.0,0.3,1.0637150059864247,195.6097907413098,0.052357526325341915,0.0,6.196773353931867,0.0
395,14.9,25.313206809694822,639.7272503495062,0.25532346859457233,0.0,13.2,0.0,0.3,17.66401429843563,323.46086790630505,0.2502619347156566,0.0,4.019950248448356,0.0
396,14.9,22.42691143122874,681.340052314698,0.20984386493419854,0.0,11.2,0.0,0.3,16.596098086193276,329.91372445950554,0.21939943893596137,0.0,7.110555533852471,0.0
397,14.9,16.65543524075263,766.1350523146968,0.1534026698814292,0.0,6.4,0.0,0.3,4.84239953616235,243.17044771926365,0.11518432022787009,0.0,6.740919818541086,0.0
398,14.9,16.36353047884787,766.8250523146967,0.15766864455211232,0.0,3.2,0.0,0.3,4.799464159457096,242.948513320624,0.11614544444080196,0.0,2.9933259094191533,0.0
399,14.9,14.820553467353653,792.31470748711,0.1259889191947269,0.0,12.0,0.0,0.3,0.8764339058078392,201.80914996230132,0.03531663099843328,0.0,5.656854249492381,0.0
400,14.9,24.955842940805276,647.9682225281929,0.2153397397510223,0.0,19.6,0.0,0.3,19.178044562429672,322.86386224561585,0.23050459761068243,0.0,6.3118935352238,0.0
