#{"t_start": 1761408449.496938, "env_id": "None"}
r,l,t
37.3,44,2.004127
57.9,64,2.885687
33.5,40,3.587731
33.7,40,4.296689
32.7,40,5.014405
39.5,46,5.823658
32.9,40,6.536694
58.7,64,7.427451
44.9,50,8.247936
57.3,64,9.146499
33.3,40,9.877355
45.9,52,10.783037
51.3,58,11.700956
39.1,46,12.525114
38.9,46,13.311764
32.7,40,14.007375
33.5,40,14.727507
47.1,52,15.570677
34.9,42,16.341731
39.3,46,17.135633
32.7,40,17.865394
36.7,44,18.666736
32.9,40,19.384352
32.9,40,20.1026
47.3,54,20.981809
38.9,46,21.799405
39.7,46,22.610856
47.3,54,23.506928
32.9,40,24.236395
35.1,42,24.982642
57.9,64,25.897368
39.7,46,26.701965
33.5,40,27.454107
32.5,40,28.171795
45.5,52,29.064755
39.5,46,29.836429
33.5,40,30.576986
39.7,46,31.402698
33.3,40,32.132066
38.9,46,32.951823
32.9,40,33.690336
39.5,46,34.500177
33.7,40,35.224689
33.1,40,35.947647
33.5,40,36.680032
39.5,46,37.494312
32.7,40,38.238785
33.1,40,38.956485
46.1,52,39.790761
37.5,44,40.552148
52.1,58,41.45056
37.829,44,42.206517
64.1,70,43.199647
46.7,52,44.05509
51.9,58,44.922487
38.9,46,45.707875
39.7,46,46.545446
39.7,46,47.35079
39.9,46,48.193274
35.5,42,48.955004
52.1,58,49.891542
51.9,58,50.821433
46.3,52,51.699671
28.9,36,52.345628
33.5,40,53.060048
32.9,40,53.789038
45.26,51,54.620024
32.9,40,55.349755
32.9,40,56.08064
33.5,40,56.80593
26.7,34,57.427981
45.3,52,58.389774
37.5,44,59.184684
33.1,40,59.903509
52.3,58,60.796432
33.9,40,61.506895
33.1,40,62.223669
37.3,44,62.968442
39.1,46,63.790563
33.5,40,64.499838
40.1,46,65.326713
63.7,70,66.240799
33.7,40,66.970236
38.7,46,67.750862
39.1,46,68.502767
51.7,58,69.411972
38.7,46,70.215461
32.9,40,70.931782
38.7,46,71.744474
32.9,40,72.461513
57.5,64,73.411689
51.9,58,74.354898
39.1,46,75.135093
40.1,46,75.941284
51.1,58,76.812703
32.9,40,77.572923
45.3,52,78.44524
62.868,69,79.397964
57.3,64,80.342613
64.1,70,81.324575
33.5,40,82.052601
40.7,48,82.868083
45.3,52,83.714669
45.9,52,84.57759
45.5,52,85.449391
45.7,52,86.328578
41.5,46,87.130598
45.7,52,88.028577
45.3,52,88.904813
33.9,40,89.656346
44.5,52,90.562064
45.1,52,91.421521
46.1,52,92.297832
35.5,42,93.056415
41.5,48,93.877203
44.9,52,94.739653
45.7,52,95.641366
51.7,58,96.548808
33.7,40,97.285195
45.1,52,98.133038
29.7,36,98.785647
33.5,40,99.513847
57.7,64,100.39955
45.1,52,101.276597
33.3,40,102.003035
52.3,58,102.936331
39.1,46,103.744723
33.1,40,104.466432
29.1,36,105.125387
45.3,52,105.984397
38.9,46,106.800811
39.1,46,107.623993
35.5,42,108.397811
39.1,46,109.17959
46.1,52,110.024776
40.1,46,110.850998
39.7,46,111.691171
57.1,64,112.679491
37.3,44,113.482702
39.5,46,114.340879
32.9,40,117.047031
33.3,40,120.085483
38.3,46,123.564173
40.5,46,126.967416
43.239,50,130.53011
57.7,64,134.366626
39.3,46,137.650159
26.5,34,140.208481
33.1,40,143.242146
44.7,52,146.687013
44.7,52,150.297326
41.1,48,153.75373
34.3,40,156.754436
38.26,45,160.080617
33.9,40,163.084873
33.9,40,166.112683
52.5,58,169.793395
39.1,46,173.129103
37.9,44,176.289386
39.1,46,179.493677
46.7,52,183.128309
63.7,70,187.067116
49.473,56,190.658581
32.472,39,193.488929
70.7,76,197.510441
40.1,46,200.807609
38.7,46,204.106643
33.9,40,207.113516
45.1,52,210.739762
45.1,52,214.245508
51.7,58,217.931597
33.3,40,220.93555
34.5,42,224.039489
45.1,52,227.658389
76.9,82,231.659109
33.3,40,234.641398
63.7,70,238.460883
39.3,46,241.803424
51.9,58,245.400712
35.3,42,248.473272
46.7,52,252.089179
58.5,64,255.91099
39.9,46,259.096645
46.5,52,262.686376
46.3,52,266.332053
45.264,51,269.829502
33.1,40,272.762357
44.9,52,276.282446
39.5,46,279.556549
39.5,46,282.708439
33.3,40,283.396992
39.5,46,284.179316
63.1,70,285.049355
33.5,40,285.749061
38.9,46,286.549557
50.5,58,287.403953
44.7,52,288.2625
45.7,52,289.142847
38.3,44,289.910316
32.7,40,290.623358
54.1,58,291.464909
39.1,46,292.254665
52.3,58,293.124498
32.9,40,293.852493
58.3,64,294.7415
33.9,40,295.45062
37.5,44,296.20488
45.9,52,297.101138
34.5,42,297.901657
44.9,52,298.813337
34.9,40,299.568222
48.7,52,300.48997
54.1,58,301.475405
36.3,40,302.232671
60.229,62,303.210686
47.7,52,304.143577
48.5,52,305.046102
55.5,58,306.016732
35.7,40,306.769357
46.5,50,307.657401
50.7,54,308.658473
41.9,46,309.486773
35.1,40,310.21801
60.7,64,311.142868
48.1,52,312.036871
48.5,52,312.892876
48.3,52,313.782715
35.7,40,314.535001
48.9,52,315.415015
42.3,46,316.234831
53.1,58,317.169179
34.7,40,317.930235
44.9,50,318.772954
55.268,58,319.704588
37.5,42,320.465166
35.1,40,321.204218
88.1,88,322.280809
41.5,46,323.070706
45.5,50,323.926356
48.7,52,324.81188
40.039,44,325.63185
35.5,40,326.361738
59.468,63,327.297792
71.892,73,328.267434
49.1,52,329.180759
49.698,53,330.100498
55.5,58,331.048903
42.9,46,331.892157
34.7,40,332.641501
48.3,52,333.552714
41.1,46,334.378304
61.7,64,335.37742
35.9,40,336.138467
33.9,40,336.890898
61.1,64,337.840795
48.3,52,338.718483
49.1,52,339.601638
42.1,46,340.4704
36.7,40,341.230799
52.693,56,342.156163
35.3,40,342.899057
41.7,46,343.735597
67.5,70,344.743608
38.7,42,345.546996
35.9,40,346.299535
55.1,58,347.253647
42.3,46,348.088466
43.1,46,348.933403
49.3,52,349.825917
40.3,44,350.66962
44.7,48,351.508542
41.3,46,352.337571
30.9,36,353.022668
43.1,46,353.88165
36.5,40,354.633451
56.3,58,355.595565
42.7,46,356.464266
49.9,52,357.375752
35.5,40,358.111956
50.1,52,359.014939
49.3,52,359.941376
49.7,52,360.873636
47.696,51,361.771815
42.7,46,362.600668
55.7,58,363.55106
94.9,94,364.640138
35.5,40,365.418853
38.1,42,366.206573
56.7,58,367.161244
42.5,46,368.021611
44.5,48,368.895758
42.7,46,369.723693
55.5,58,370.645791
61.5,64,371.635325
45.5,48,372.476002
57.419,60,373.43554
35.5,40,374.197787
38.9,42,374.96751
34.3,40,375.714208
36.3,40,376.492067
33.7,38,377.222782
43.1,46,378.047799
43.1,46,378.874329
54.5,58,379.800574
43.9,46,380.650034
49.7,52,381.572461
45.7,48,382.452611
36.7,40,383.226136
36.1,40,383.979807
37.3,40,384.730192
36.1,40,385.501187
43.3,46,386.322043
68.3,70,387.343067
56.1,58,388.275131
42.9,46,389.144108
36.3,40,389.894746
31.3,36,390.588133
49.5,52,391.520211
56.5,58,392.478454
49.9,52,393.404798
61.1,64,394.376137
43.1,46,395.229927
35.1,40,395.982812
70.5,70,396.952664
56.1,58,397.939015
37.9,40,398.718881
55.1,58,399.699666
36.5,40,400.458766
44.9,48,401.340114
56.3,58,402.296
49.076,51,403.220434
38.7,42,403.998682
48.5,52,404.896763
50.3,52,405.794277
64.5,64,406.767662
50.3,52,407.715217
45.3,48,408.592166
36.3,40,409.358379
35.3,40,410.097574
44.1,46,410.922327
43.9,46,411.762317
33.9,38,412.464437
55.9,58,413.391137
39.5,42,414.181029
31.3,36,414.87411
42.9,46,415.74128
36.1,40,416.489015
36.7,40,417.243063
49.5,52,418.179817
56.3,58,419.101296
35.9,40,419.868205
43.7,46,420.702862
43.7,46,421.565328
57.3,58,422.506387
35.3,40,423.271562
43.3,46,424.112545
36.9,40,424.870191
58.3,60,425.8757
49.5,52,426.738331
48.7,52,427.663581
43.7,46,428.522841
43.5,46,429.375022
43.7,48,430.247606
42.1,46,431.116467
52.9,54,432.097385
49.3,52,433.036212
57.9,60,434.062829
43.7,46,434.904765
70.3,70,435.992189
36.1,40,436.759751
43.5,46,437.627268
50.5,52,438.540922
50.9,52,439.439185
54.1,56,440.462553
50.7,52,441.370867
58.3,60,442.291633
49.7,52,443.142753
64.1,64,444.105063
37.3,40,444.859067
41.1,44,445.641513
49.5,52,446.525904
49.9,52,447.43147
43.3,46,448.253569
31.7,36,448.933212
50.1,52,449.838852
51.1,52,450.721649
48.5,50,451.588491
43.5,46,452.424449
57.1,58,453.343785
50.1,52,454.247958
57.1,58,455.166518
66.1,66,456.144639
36.5,40,456.968868
49.5,50,457.868494
43.3,46,458.717765
36.5,40,459.448548
49.7,52,460.378363
49.9,52,461.285595
43.5,46,462.232289
43.1,46,463.070232
43.5,46,463.878206
42.9,46,464.700529
43.5,46,465.570465
51.1,52,466.466083
55.3,56,467.382603
36.5,40,468.127816
37.1,40,468.87728
42.9,46,469.700785
43.3,46,470.530078
35.9,40,471.280018
34.5,40,472.045773
56.7,58,473.008194
49.9,52,473.911668
42.5,46,474.763345
51.7,52,475.680108
70.1,70,476.670212
35.5,40,477.427343
37.7,40,478.170858
50.3,52,479.05865
54.3,56,479.998902
50.3,52,480.94801
49.7,52,481.827455
36.7,40,482.581116
27.9,32,483.183962
45.9,48,484.038145
64.3,64,485.02845
36.1,40,485.785378
49.9,52,486.712581
38.5,42,487.501961
69.5,70,488.522703
43.08,45,489.367972
56.3,58,490.328241
57.5,58,491.257151
62.229,62,492.23172
44.1,46,493.070119
43.5,46,493.921426
43.9,46,494.783783
47.1,48,495.682689
44.7,46,496.550091
48.1,50,497.447364
36.9,40,498.203453
56.9,58,499.192542
48.084,51,500.076717
36.5,40,500.819997
37.1,40,501.587849
43.3,46,502.427834
49.263,50,503.300586
43.7,46,504.140237
46.5,48,505.004503
42.3,46,505.841522
36.9,40,506.621131
44.1,46,507.45066
44.3,46,508.275894
37.3,40,508.996116
35.1,38,509.711053
35.7,38,510.43951
55.1,56,511.404271
58.1,58,512.317421
58.1,58,513.291793
64.5,64,514.207673
37.7,40,514.968213
37.3,40,515.722391
49.9,52,516.650748
43.7,46,517.511459
39.7,42,518.295962
41.9,44,519.09795
36.9,40,519.842499
44.5,46,520.704834
53.1,54,521.633987
36.9,40,522.409294
102.7,98,523.503493
42.7,46,524.708635
57.9,58,525.717429
58.3,58,526.728781
65.5,64,527.761982
54.3,56,528.699079
37.7,40,529.488899
37.5,40,530.251567
50.5,52,531.155985
43.7,46,532.019728
37.5,40,532.831722
37.9,40,533.636108
49.7,52,534.563381
44.7,46,535.433798
62.3,64,536.447453
51.1,52,537.396467
50.064,51,538.305225
57.5,58,539.240457
48.7,50,540.140639
43.9,46,541.009108
39.635,42,541.788379
63.7,64,542.728176
44.1,46,543.620533
36.3,40,544.409905
37.1,40,545.266975
37.3,40,546.15537
45.7,46,547.020784
37.1,40,547.777528
38.3,40,548.586052
37.9,40,549.350544
43.7,46,550.185958
53.7,54,551.108632
50.9,52,552.044887
57.5,58,553.031046
45.1,46,553.943534
51.1,52,554.843629
57.9,58,555.778844
36.9,40,556.525581
53.7,56,557.585428
36.9,40,558.369412
42.3,46,559.233167
63.3,64,560.167486
44.5,46,561.057244
39.1,42,561.838083
51.1,52,562.753042
37.5,40,563.536309
59.1,58,564.534996
50.5,52,565.482481
28.3,32,566.101194
43.864,45,566.973014
59.26,59,567.972399
67.7,66,569.075667
57.7,58,570.072896
30.9,34,570.708016
64.7,64,571.711288
37.1,40,572.581424
49.3,50,573.433336
36.9,40,574.181616
44.3,46,575.013454
51.1,52,575.926256
56.5,58,576.869342
45.3,46,577.787497
37.3,40,578.540766
45.1,46,579.395827
44.1,46,580.287639
38.3,40,581.035671
42.3,44,581.850371
50.668,51,582.716656
36.9,40,583.4588
44.3,46,584.323593
43.9,46,585.202074
37.1,40,585.988722
36.9,40,586.743923
38.5,40,587.48715
38.1,40,588.262025
51.5,52,589.144524
45.885,48,590.063393
59.1,58,591.032999
37.1,40,591.848531
43.092,45,592.726902
58.3,58,593.748098
44.7,46,594.582693
52.1,52,595.483678
44.1,46,596.327379
33.3,36,597.025019
51.1,52,597.93761
50.1,52,598.81335
38.5,40,599.568623
51.9,54,600.528826
44.5,46,601.347295
66.1,64,602.25867
72.3,70,603.292529
45.1,46,604.133695
39.7,42,604.936928
50.9,52,605.885905
44.9,46,606.721049
42.1,44,607.540588
57.9,58,608.487994
51.3,52,609.39065
50.3,52,610.311539
57.3,58,611.262333
38.3,40,612.020767
38.1,40,612.776103
52.5,52,613.687473
39.1,40,614.455861
38.1,40,615.258683
51.9,52,616.221447
37.3,40,616.973572
51.3,52,617.885581
65.3,64,618.883036
38.1,40,619.637192
40.9,42,620.440729
35.9,38,621.175467
44.9,46,622.074229
36.3,40,622.828561
45.5,46,623.673157
38.9,40,624.418537
58.7,58,625.353254
41.9,44,626.244542
79.3,76,627.269969
32.5,36,628.050086
39.1,40,628.793744
38.1,40,629.572187
44.9,46,630.405191
51.3,52,631.316905
35.9,38,632.061727
33.7,36,632.738429
43.7,46,633.590799
38.9,40,634.363703
40.1,42,635.145339
38.3,40,635.898291
72.3,70,636.975706
33.5,36,637.679648
51.9,52,638.629308
52.1,52,639.535455
42.3,44,640.344467
43.7,46,641.215746
44.3,46,642.114733
40.5,42,642.925086
59.3,58,643.914399
51.9,52,644.824175
45.5,46,645.672509
44.3,46,646.520863
58.5,58,647.765592
37.7,40,648.750566
49.5,50,649.631785
73.5,70,650.64099
34.9,40,651.396147
45.7,46,652.233038
38.1,40,652.990699
38.1,40,653.741453
43.664,45,654.564559
37.7,40,655.33093
52.3,52,656.247187
50.7,50,657.123147
47.3,48,658.006818
38.5,40,658.763127
52.5,52,659.688733
38.3,40,660.427388
61.831,60,661.40966
58.5,58,662.347122
65.5,64,663.351144
51.9,52,664.305079
38.3,40,665.056727
50.9,50,665.947171
38.3,40,666.694618
45.3,46,667.519237
61.3,60,668.473487
38.1,40,669.226498
59.3,58,670.170723
37.5,40,670.925794
38.1,40,671.661545
38.3,40,672.4069
64.7,64,673.393988
51.7,52,674.295357
38.7,40,675.025311
52.1,52,675.938298
37.1,40,676.699629
51.9,52,677.606426
45.3,46,678.419917
45.3,46,679.244333
49.9,50,680.137302
53.1,52,681.01208
44.9,46,681.838372
46.1,46,682.650473
51.5,52,683.587144
45.9,46,684.473747
50.1,50,685.323734
58.7,58,686.249786
45.1,46,687.078707
45.3,46,687.921204
44.1,46,688.803412
52.9,52,689.652632
34.1,36,690.335181
55.5,54,691.266462
46.1,46,692.120642
44.9,46,692.96719
38.9,40,693.69837
46.3,46,694.551887
46.1,46,695.375437
46.7,46,696.224176
51.7,52,697.141933
37.9,40,697.901529
66.9,64,698.864257
59.5,58,699.824973
38.1,40,700.596803
44.5,46,701.44373
38.7,40,702.315893
45.9,46,703.141033
39.3,40,703.885211
45.5,46,704.723111
48.3,48,705.534979
51.7,52,706.39956
58.68,57,707.284772
48.5,48,708.11796
60.3,58,709.039629
51.9,52,709.944448
53.1,52,710.803802
38.3,40,711.547609
36.5,38,712.243712
44.9,46,713.072347
66.1,64,713.990899
38.9,40,714.75721
57.231,56,715.647509
37.7,40,716.384271
45.1,46,717.210293
59.7,58,718.130391
38.3,40,718.855941
38.9,40,719.590402
45.7,46,720.44345
64.5,62,721.365258
33.7,36,722.044307
52.3,52,722.960782
46.1,46,723.800009
41.3,42,724.566209
45.3,46,725.440031
35.9,38,726.145658
38.9,40,726.863928
69.5,66,727.82159
59.3,58,728.781799
45.9,46,729.652093
43.9,44,730.461423
38.3,40,731.2025
39.3,40,731.962907
53.1,52,732.846348
57.1,56,733.7902
43.7,44,734.577367
67.3,64,735.521771
36.3,38,736.255486
45.5,46,737.105377
40.7,42,737.872254
57.687,56,738.76033
68.1,64,739.721926
39.3,40,740.479911
52.5,52,741.39854
46.3,46,742.228147
39.1,40,742.959716
53.1,52,743.820999
52.7,52,744.729725
38.9,40,745.470908
41.5,42,746.252614
43.3,44,747.065974
80.7,76,748.104072
34.7,36,748.781382
55.7,54,749.660341
45.7,46,750.492611
39.5,40,751.282152
59.264,57,752.226809
39.3,40,752.969944
46.1,46,753.825497
53.9,52,754.692756
52.9,52,755.609762
41.5,42,756.381212
59.5,58,757.331217
58.431,56,758.255496
46.9,46,759.094101
43.635,44,759.905667
39.1,40,760.665392
74.1,70,761.678439
45.5,46,762.506762
46.1,46,763.353662
38.9,40,764.108793
46.1,46,764.943995
38.9,40,765.702992
60.7,58,766.64463
39.1,40,767.411588
46.7,46,768.262882
39.5,40,769.021399
74.9,70,770.069148
38.7,40,770.815515
51.3,50,771.701987
35.1,36,772.39381
46.1,46,773.234962
70.5,66,774.251107
46.7,46,775.091262
53.9,52,775.959552
46.3,46,776.819415
46.5,46,777.676557
38.9,40,778.429521
53.7,52,779.317718
46.7,46,780.162359
39.1,40,780.917724
44.1,44,781.750031
60.41,58,782.686436
46.9,46,783.535191
70.1,66,784.543296
59.9,58,785.525951
46.7,46,786.373392
58.1,56,787.248553
46.9,46,788.121251
43.9,44,788.947873
58.5,56,789.89063
53.7,52,790.770463
46.5,46,791.605284
54.1,52,792.539761
39.1,40,793.318757
60.9,58,794.27214
46.9,46,795.124712
39.1,40,795.894354
38.9,40,796.648041
46.1,46,797.493056
44.1,44,798.32575
39.5,40,799.083874
45.9,46,799.941804
45.9,46,800.796878
46.3,46,801.643312
46.1,46,802.485483
63.1,60,803.468232
47.1,46,804.313508
67.9,64,805.254593
58.5,56,806.19617
34.5,36,806.846602
46.9,46,807.689684
53.5,52,808.581701
37.1,38,809.294918
74.48,70,810.260127
46.9,46,811.107687
60.7,58,812.030822
39.3,40,812.801486
53.7,52,813.737567
46.7,46,814.582252
60.636,58,815.552315
53.3,52,816.464867
39.3,40,817.213398
41.7,42,817.975516
46.7,46,818.81036
46.9,46,819.664149
47.1,46,820.487597
39.7,40,821.247906
39.5,40,821.984655
46.5,46,822.824578
68.3,64,823.76897
60.3,58,824.707282
39.7,40,825.457693
60.9,58,826.435471
32.1,36,827.128849
53.5,52,828.016594
49.5,48,828.898385
46.7,46,829.75257
39.5,40,830.489342
65.9,62,831.433971
53.7,52,832.379858
37.3,38,833.095684
54.1,52,834.072562
49.3,48,834.9467
39.9,40,835.677335
51.7,50,836.569452
42.1,42,837.318163
50.9,50,838.163046
39.5,40,838.895591
46.9,46,839.747607
46.1,46,840.56319
61.1,58,841.460449
39.3,40,842.187608
39.7,40,842.919609
51.5,50,843.797069
45.276,45,844.590413
68.1,64,845.565001
46.9,46,846.413533
46.5,46,847.243042
75.3,70,848.212237
39.9,40,848.946218
46.3,46,849.76123
46.1,46,850.589914
33.9,36,851.252063
39.7,40,851.987964
49.1,48,852.857097
53.7,52,853.742804
37.237,38,854.437477
49.1,48,855.255528
46.9,46,856.098724
47.1,46,856.962664
45.9,46,857.791492
39.5,40,858.533776
54.1,52,859.42432
44.5,44,860.221477
68.3,64,861.236717
61.3,58,862.188042
59.1,56,863.102024
53.9,52,864.015572
37.5,38,864.730443
39.7,40,865.466259
60.9,58,866.399981
45.856,45,867.210439
39.3,40,867.967654
60.7,58,868.924849
60.9,58,869.877347
46.7,46,870.693189
61.1,58,871.642296
54.3,52,872.532842
54.1,52,873.442075
46.7,46,874.249409
72.9,68,875.288137
65.7,62,876.305252
46.7,46,877.175274
39.5,40,877.913644
46.5,46,878.728009
49.3,48,879.601763
81.9,76,880.685814
51.5,50,881.593869
39.7,40,882.352685
56.3,54,883.219575
39.7,40,883.993515
37.3,38,884.712869
53.9,52,885.603357
39.5,40,886.33714
46.7,46,887.187887
34.9,36,887.880162
32.3,34,888.526758
53.7,52,889.433527
60.5,58,890.35752
51.433,50,891.227505
39.7,40,892.01623
39.7,40,892.770769
54.1,52,893.656471
82.7,76,894.686593
42.1,42,895.462903
38.9,40,896.215061
61.1,58,897.168455
46.7,46,897.970923
53.7,52,898.873089
53.9,52,899.786346
61.1,58,900.723847
61.5,58,901.63159
39.3,40,902.401699
61.3,58,903.408937
75.1,70,904.422137
39.7,40,905.235642
82.3,76,906.274147
60.7,58,907.268477
72.9,68,908.332567
39.1,40,909.093503
92.5,84,910.151131
46.3,46,910.999369
44.7,44,911.825446
39.7,40,912.637687
53.7,52,913.679777
39.5,40,914.549626
53.7,52,915.634301
39.7,40,916.49106
39.5,40,917.386168
39.7,40,918.210745
54.3,52,919.170013
39.5,40,919.973056
60.9,58,920.899982
68.7,64,921.895388
46.7,46,922.715425
54.3,52,923.684542
53.7,52,924.596208
46.9,46,925.467137
63.1,60,926.449861
52.9,52,927.380102
60.7,58,928.417202
54.3,52,929.359785
39.7,40,930.119675
53.3,52,930.994811
39.3,40,931.799334
39.006,40,932.574115
39.9,40,933.346804
53.9,52,934.258573
53.9,52,935.17256
56.5,54,936.116269
60.5,58,937.069007
39.7,40,937.830858
39.1,40,938.5952
39.7,40,939.430231
78.1,72,940.57805
68.3,64,941.655488
47.1,46,942.56984
39.9,40,943.348937
60.7,58,944.354468
39.5,40,945.112698
53.5,52,946.029135
60.5,58,946.997253
68.1,64,947.964871
82.5,76,948.980323
41.7,42,949.790413
65.5,62,950.801399
53.9,52,951.749082
46.7,46,952.630519
39.7,40,953.398783
46.5,46,954.242844
46.5,46,955.107835
65.7,62,956.153571
39.3,40,956.910192
39.5,40,957.6556
53.7,52,958.54256
45.064,45,959.387582
47.1,46,960.269398
47.1,46,961.089636
46.9,46,961.930032
55.9,54,962.828533
56.1,54,963.846972
46.9,46,964.672847
39.7,40,965.4437
47.1,46,966.40209
71.1,66,967.282568
54.1,52,968.191847
68.1,64,969.189029
46.5,46,970.050699
41.9,42,970.814403
39.5,40,971.569364
60.9,58,972.532243
46.3,46,973.345932
63.5,60,974.279823
61.1,58,975.251498
42.1,42,976.022422
58.1,56,976.929075
70.9,66,977.891794
39.7,40,978.637058
41.9,42,979.436207
60.9,58,980.453413
47.1,46,981.295755
34.5,36,981.967166
39.7,40,982.729616
46.9,46,983.584755
60.7,58,984.508826
53.9,52,985.423693
47.1,46,986.351639
54.3,52,987.248027
75.7,70,988.26978
39.5,40,989.038278
46.9,46,989.866757
58.1,56,990.815011
39.9,40,991.567031
53.7,52,992.449639
39.7,40,993.226955
54.3,52,994.117328
46.3,46,994.977829
47.1,46,995.830588
61.1,58,996.881024
68.1,64,997.87009
61.3,58,998.936598
44.1,44,999.775823
39.9,40,1000.535787
53.9,52,1005.717239
48.7,50,1006.63675
58.9,56,1007.63821
60.5,58,1008.57512
61.3,58,1009.553524
44.7,44,1010.359837
46.7,46,1011.152342
54.1,52,1012.118123
60.9,58,1013.079458
53.7,52,1013.972821
46.9,46,1014.809536
45.296,45,1015.636449
39.7,40,1016.384539
47.1,46,1017.375926
75.7,70,1018.439018
53.7,52,1019.309597
53.7,52,1020.226853
46.7,46,1021.128785
54.3,52,1022.046647
39.3,40,1022.789382
46.7,46,1023.635286
58.837,56,1024.534117
42.1,42,1025.311224
46.7,46,1026.147613
63.5,60,1027.097017
51.3,50,1027.98471
39.7,40,1028.732647
55.685,54,1029.721749
61.3,58,1030.653453
53.9,52,1031.601174
39.9,40,1032.474813
39.5,40,1033.343558
39.7,40,1034.106421
53.7,52,1035.167476
51.5,50,1036.195785
39.3,40,1037.001907
70.9,66,1038.013096
34.9,36,1038.69465
68.3,64,1039.797695
46.5,46,1040.774655
37.1,38,1041.482202
54.1,52,1042.367276
49.3,48,1043.242225
54.1,52,1044.145618
46.9,46,1044.992955
53.7,52,1045.90164
46.9,46,1046.768319
54.1,52,1047.683736
47.1,46,1048.561937
39.7,40,1049.321027
48.9,48,1050.16984
60.5,58,1051.127557
45.631,45,1051.963982
46.7,46,1052.80549
39.5,40,1053.641476
46.7,46,1054.5331
53.9,52,1055.474381
46.5,46,1056.302182
46.7,46,1057.132139
39.7,40,1057.935947
68.1,64,1058.970365
45.9,46,1059.813066
46.1,46,1060.656428
59.664,57,1061.575481
75.1,70,1062.630905
49.3,48,1063.513148
38.7,40,1064.293217
39.5,40,1065.050453
46.9,46,1065.874564
43.831,44,1066.656354
46.3,46,1067.520339
68.3,64,1068.533215
45.7,46,1069.414693
46.9,46,1070.233248
61.5,58,1071.147459
39.5,40,1071.914871
49.1,48,1072.77119
39.7,40,1073.514293
39.7,40,1074.309178
61.1,58,1075.283769
46.7,46,1076.125339
39.5,40,1076.880298
54.3,52,1077.760441
39.7,40,1078.522313
39.3,40,1079.305035
50.091,49,1080.26577
42.3,42,1081.052588
39.7,40,1081.868759
39.7,40,1082.6282
46.7,46,1083.474909
39.7,40,1084.229768
39.9,40,1085.036276
39.9,40,1085.835663
39.7,40,1086.591506
39.9,40,1087.333549
34.5,36,1088.057341
61.3,58,1089.12125
54.1,52,1090.17867
42.3,42,1091.09897
39.9,40,1091.986967
39.9,40,1092.848767
67.3,64,1093.809035
58.7,56,1094.804613
58.9,56,1095.744278
54.3,52,1096.68263
47.1,46,1097.497919
46.9,46,1098.281702
63.7,60,1099.278127
53.9,52,1100.233175
42.1,42,1101.096395
44.5,44,1101.928967
39.7,40,1102.711394
54.3,52,1103.623643
39.7,40,1104.369164
39.7,40,1105.107231
47.1,46,1105.962917
39.1,40,1106.683489
34.7,36,1107.374132
61.5,58,1108.346572
39.7,40,1109.087465
46.1,46,1109.920845
39.7,40,1110.743558
49.1,48,1111.645397
46.7,46,1112.499486
67.7,64,1113.463676
56.233,54,1114.381061
53.9,52,1115.317941
46.5,46,1116.203491
53.9,52,1117.11027
45.9,46,1117.972968
46.9,46,1118.801446
46.7,46,1119.714821
53.7,52,1120.613518
39.5,40,1121.397272
47.1,46,1122.246095
68.3,64,1123.221647
39.7,40,1123.966963
46.7,46,1124.825424
39.7,40,1125.580586
39.5,40,1126.403045
39.7,40,1127.175072
49.5,48,1128.038602
44.3,44,1128.857158
39.7,40,1129.617796
58.9,56,1130.540324
53.5,52,1131.47362
39.3,40,1132.283572
59.1,56,1133.241069
63.804,60,1134.249779
56.7,54,1135.141526
46.7,46,1135.989839
42.1,42,1136.805691
43.9,44,1137.630256
39.7,40,1138.388416
61.3,58,1139.357109
46.5,46,1140.218498
68.3,64,1141.179897
53.5,52,1142.112896
53.9,52,1142.979418
39.5,40,1143.735988
54.3,52,1144.617225
39.5,40,1145.406594
39.5,40,1146.161462
47.1,46,1147.015098
35.1,36,1147.709025
49.3,48,1148.571505
42.3,42,1149.356099
63.1,60,1150.315086
39.7,40,1151.123667
55.7,54,1152.036695
44.1,44,1152.88283
39.5,40,1153.649575
53.7,52,1154.559205
39.5,40,1155.31484
46.9,46,1156.152345
47.1,46,1156.972855
51.235,50,1157.876902
47.1,46,1158.790654
37.5,38,1159.523609
61.204,58,1160.450771
46.9,46,1161.297827
53.9,52,1162.208757
41.7,42,1163.039528
46.5,46,1163.879089
39.3,40,1164.608961
59.876,57,1165.543682
46.5,46,1166.423559
53.9,52,1167.354102
38.476,39,1168.104019
53.7,52,1169.047578
54.1,52,1169.953068
39.7,40,1170.776578
46.9,46,1171.60306
47.872,47,1172.504897
39.9,40,1173.414277
44.3,44,1174.238382
58.7,56,1175.212954
46.5,46,1176.04811
41.9,42,1176.906142
46.7,46,1177.726044
46.3,46,1178.670123
39.7,40,1179.489366
54.1,52,1180.342421
51.447,50,1181.235202
42.1,42,1182.022866
53.9,52,1182.901657
43.9,44,1183.741473
39.7,40,1184.497942
46.7,46,1185.372436
51.5,50,1186.247398
39.7,40,1187.079771
51.7,50,1187.981053
39.7,40,1188.750097
68.5,64,1189.739105
39.5,40,1190.50264
39.9,40,1191.294954
56.5,54,1192.184433
42.1,42,1192.979298
39.7,40,1193.735059
56.3,54,1194.692431
39.5,40,1195.456502
53.9,52,1196.421072
47.1,46,1197.219456
39.7,40,1197.981987
41.9,42,1198.735071
51.1,50,1199.633193
46.7,46,1200.474833
44.7,44,1201.316073
53.075,51,1202.235814
39.1,40,1202.992708
46.9,46,1203.818012
47.1,46,1204.72903
39.7,40,1205.506196
57.9,56,1206.459802
60.5,58,1207.377086
74.7,70,1208.398691
39.9,40,1209.15082
34.5,36,1209.855021
54.1,52,1210.778657
41.231,42,1211.567047
67.9,64,1212.49843
54.1,52,1213.395545
39.9,40,1214.152395
47.1,46,1215.039565
39.9,40,1215.793076
61.3,58,1216.69611
44.5,44,1217.50834
37.1,38,1218.227176
46.7,46,1219.048779
65.268,62,1220.17576
39.849,40,1220.976726
60.7,58,1221.95301
39.5,40,1222.688718
46.9,46,1223.501019
39.3,40,1224.224496
54.1,52,1225.153556
53.9,52,1226.071142
46.7,46,1226.921727
75.7,70,1227.922729
82.5,76,1229.004066
67.7,64,1229.989276
46.9,46,1230.905917
67.9,64,1231.908787
46.3,46,1232.769293
56.3,54,1233.709744
61.3,58,1234.650373
38.7,40,1235.405685
54.3,52,1236.367453
42.1,42,1237.178971
54.1,52,1238.067853
54.3,52,1238.946928
60.7,58,1239.950954
46.9,46,1240.797122
39.7,40,1241.616883
53.9,52,1242.533487
46.7,46,1243.387615
65.7,62,1244.326275
39.5,40,1245.073727
46.7,46,1245.923775
39.7,40,1246.682149
41.9,42,1247.477934
39.5,40,1248.234705
46.9,46,1249.08343
39.3,40,1249.846609
34.5,36,1250.533743
38.09,39,1251.315016
54.1,52,1252.251306
39.7,40,1253.008456
56.075,54,1253.974408
44.5,44,1254.801092
48.5,48,1255.695872
46.9,46,1256.574959
46.3,46,1257.41924
35.1,36,1258.079146
39.3,40,1258.883271
46.9,46,1259.840565
46.7,46,1260.677512
46.5,46,1261.539166
39.7,40,1262.317434
37.1,38,1263.048426
61.3,58,1264.023764
46.3,46,1264.923525
53.3,52,1265.848405
61.5,58,1266.827543
51.3,50,1267.701397
35.1,36,1268.381618
53.3,52,1269.269264
44.5,44,1270.123882
68.5,64,1271.118478
67.3,64,1272.110413
60.9,58,1273.028434
39.5,40,1273.79995
39.1,40,1274.549587
66.268,63,1275.514464
56.465,54,1276.467724
46.9,46,1277.375346
49.1,48,1278.260371
75.1,70,1279.38283
54.1,52,1280.285344
61.3,58,1281.218674
53.9,52,1282.122594
39.9,40,1282.899678
46.9,46,1283.743446
39.9,40,1284.563424
44.5,44,1285.388861
53.9,52,1286.323721
39.1,40,1287.122406
45.868,45,1288.086854
46.9,46,1288.923384
67.268,63,1289.865432
39.3,40,1290.629627
49.1,48,1291.530943
44.3,44,1292.405723
46.9,46,1293.28229
46.9,46,1294.145121
47.1,46,1295.015584
46.7,46,1295.906498
35.1,36,1296.595297
56.1,54,1297.517774
44.3,44,1298.431127
61.1,58,1299.471405
46.7,46,1300.344584
60.9,58,1301.414964
53.5,52,1302.504198
34.5,36,1303.29836
70.9,66,1304.357054
46.9,46,1305.228855
54.1,52,1306.256814
47.1,46,1307.111662
39.9,40,1307.884059
53.9,52,1308.787434
67.9,64,1309.727322
60.7,58,1310.684909
61.1,58,1311.680731
77.5,72,1312.692097
39.9,40,1313.454196
60.7,58,1314.419259
39.7,40,1315.200983
49.3,48,1316.141544
74.7,70,1317.162902
39.7,40,1317.908045
49.5,48,1318.768993
53.9,52,1319.677782
70.3,66,1320.679968
44.3,44,1321.537742
39.7,40,1322.300226
51.5,50,1323.338537
39.3,40,1324.232212
47.1,46,1325.106324
46.7,46,1325.953055
56.3,54,1326.8737
46.7,46,1327.730852
54.1,52,1328.636611
54.3,52,1329.667658
39.5,40,1330.460134
67.7,64,1331.400395
53.9,52,1332.344247
53.9,52,1333.244405
60.9,58,1334.341369
46.9,46,1335.316486
53.9,52,1336.26253
61.1,58,1337.210311
39.7,40,1337.966805
60.9,58,1338.936297
39.5,40,1339.737851
51.3,50,1340.659572
46.5,46,1341.493759
58.7,56,1342.424398
72.831,68,1343.350313
39.5,40,1344.181736
42.3,42,1345.112428
46.5,46,1345.967622
46.7,46,1346.832985
46.9,46,1347.674562
39.1,40,1348.43888
53.7,52,1349.339772
67.9,64,1350.407577
54.3,52,1351.583597
46.3,46,1352.404744
87.099,80,1353.377878
70.7,66,1354.342389
46.3,46,1355.183894
53.3,52,1356.079193
39.3,40,1356.882988
49.3,48,1357.752831
46.7,46,1358.546489
67.9,64,1359.50193
36.9,38,1360.222756
39.7,40,1360.992849
46.9,46,1362.056942
46.3,46,1362.867196
80.233,74,1363.875967
53.7,52,1364.743195
53.9,52,1365.65501
61.1,58,1366.578853
51.3,52,1367.477651
41.9,42,1368.424668
53.5,52,1369.320581
60.1,58,1370.264837
54.1,52,1371.176685
39.5,40,1371.924377
53.7,52,1372.839526
54.1,52,1373.748617
44.5,44,1374.588585
75.5,70,1375.693251
56.5,54,1376.751707
39.3,40,1377.494567
53.3,52,1378.421988
39.9,40,1379.180322
68.7,64,1380.089556
39.5,40,1380.876946
35.1,36,1381.592217
39.3,40,1382.339653
39.3,40,1383.081864
46.7,46,1383.907442
39.9,40,1384.657411
41.7,42,1385.455408
68.3,64,1386.389894
60.3,58,1387.345237
68.3,64,1388.375117
41.5,42,1389.219723
46.9,46,1390.170755
39.5,40,1391.059056
39.3,40,1391.932495
39.5,40,1392.727023
39.7,40,1393.507671
46.7,46,1394.341964
41.7,42,1395.198515
46.9,46,1396.035182
53.64,52,1396.940966
49.5,48,1397.778684
46.3,46,1398.621794
54.1,52,1399.519619
39.7,40,1400.267716
39.9,40,1401.007395
61.1,58,1401.909038
75.5,70,1402.933324
39.5,40,1403.734539
46.9,46,1404.58831
39.5,40,1405.325428
39.7,40,1406.063114
73.1,68,1407.106116
53.5,52,1408.042889
46.1,46,1408.890754
51.7,50,1409.743577
39.5,40,1410.487829
39.9,40,1411.255567
39.7,40,1412.015142
39.7,40,1412.79086
39.5,40,1413.553206
53.5,52,1414.448958
37.3,38,1415.189363
54.3,52,1416.08592
53.3,52,1417.032419
39.9,40,1417.813531
34.7,36,1418.548872
58.5,56,1419.506008
54.1,52,1420.412307
50.9,50,1421.320614
39.3,40,1422.117543
48.9,48,1422.999847
53.5,52,1423.90975
54.1,52,1424.799558
34.9,36,1425.498225
46.7,46,1426.486964
48.9,48,1427.320855
37.5,38,1428.053455
53.3,52,1429.033998
56.1,54,1429.959451
68.1,64,1430.949278
39.9,40,1431.723182
47.1,46,1432.569525
53.9,52,1433.512218
39.7,40,1434.26855
61.1,58,1435.376201
39.7,40,1436.252161
46.9,46,1437.309559
39.7,40,1438.098106
39.3,40,1438.927608
46.7,46,1439.858578
34.7,36,1440.59135
54.1,52,1441.513864
53.9,52,1442.444326
67.9,64,1443.466334
39.9,40,1444.27255
54.1,52,1445.160984
34.9,36,1445.841461
67.9,64,1446.917801
39.9,40,1447.688294
39.5,40,1448.543777
54.3,52,1449.494658
46.7,46,1450.382964
39.5,40,1451.219932
46.9,46,1452.066126
37.5,38,1452.799442
53.5,52,1453.686241
53.5,52,1454.57101
46.7,46,1455.456466
42.3,42,1456.24082
68.1,64,1457.226094
39.9,40,1457.989395
53.9,52,1458.949222
46.5,46,1459.835119
47.1,46,1460.695067
42.029,42,1461.462453
39.3,40,1462.198964
53.7,52,1463.168129
39.9,40,1463.943518
53.3,52,1464.912507
61.3,58,1465.902952
39.7,40,1466.675557
68.5,64,1467.701265
53.9,52,1468.570285
51.441,50,1469.46419
56.7,54,1470.440854
46.5,46,1471.334659
39.7,40,1472.122071
58.5,56,1473.130124
39.7,40,1473.967294
39.7,40,1474.797114
61.5,58,1475.850186
60.9,58,1476.821638
54.1,52,1477.724001
39.5,40,1478.492334
46.5,46,1479.360712
39.5,40,1480.133989
39.9,40,1480.961479
47.1,46,1481.839287
46.5,46,1482.672426
41.9,42,1483.451537
39.3,40,1484.218144
46.7,46,1485.093594
46.9,46,1486.029186
54.1,52,1486.971997
39.3,40,1487.717533
72.829,68,1488.796487
43.7,44,1489.588753
39.7,40,1490.33368
46.9,46,1491.202127
47.1,46,1492.041493
39.5,40,1492.777556
53.9,52,1493.6706
39.1,40,1494.413166
55.7,54,1495.312001
47.1,46,1496.16013
34.9,36,1496.829152
39.7,40,1497.558475
39.7,40,1498.396341
49.1,48,1499.297895
39.5,40,1500.025046
34.5,36,1500.687517
46.1,46,1501.571038
46.9,46,1502.400008
60.9,58,1503.308058
46.5,46,1504.170171
46.7,46,1505.008735
39.3,40,1505.750701
68.5,64,1506.720551
34.7,36,1507.399305
35.1,36,1508.077519
39.9,40,1508.816641
46.5,46,1509.708027
39.7,40,1510.449961
65.5,62,1511.382494
35.1,36,1512.066942
46.9,46,1512.913298
61.1,58,1513.851985
39.7,40,1514.608717
54.3,52,1515.585685
48.9,48,1516.495088
54.1,52,1517.410204
47.1,46,1518.234757
34.7,36,1518.906888
39.5,40,1519.659205
39.7,40,1520.403207
53.7,52,1521.447497
53.5,52,1522.389949
93.9,86,1523.451811
37.3,38,1524.168341
61.1,58,1525.146061
39.7,40,1525.956629
46.7,46,1526.786897
49.3,48,1527.662005
39.7,40,1528.412386
61.1,58,1529.352268
38.097,39,1530.067314
42.1,42,1530.856547
46.7,46,1531.708537
61.3,58,1532.709341
41.9,42,1533.473095
68.1,64,1534.351803
53.7,52,1535.240814
46.1,46,1536.086013
42.1,42,1536.866528
46.9,46,1537.759718
46.7,46,1538.625808
41.3,42,1539.418465
53.9,52,1540.315646
36.9,38,1541.028491
60.9,58,1541.949873
54.3,52,1542.903286
41.9,42,1543.691527
39.7,40,1544.465158
44.1,44,1545.296555
39.7,40,1546.069486
61.9,60,1547.023537
39.5,40,1547.753469
53.631,52,1548.685452
52.9,52,1549.560643
46.7,46,1550.394511
39.3,40,1551.147655
39.3,40,1552.014079
39.9,40,1552.753882
46.7,46,1553.621313
68.5,64,1554.619402
39.3,40,1555.44477
53.9,52,1556.374805
39.5,40,1557.134286
53.9,52,1557.997773
44.5,44,1558.894315
49.1,48,1559.765557
46.9,46,1560.638483
54.1,52,1561.557412
60.7,58,1562.491844
46.5,46,1563.321193
46.9,46,1564.25719
61.1,58,1565.226606
52.9,52,1566.145756
39.3,40,1566.881201
73.1,68,1567.888537
39.5,40,1568.718022
68.5,64,1569.678109
47.1,46,1570.54262
54.3,52,1571.412922
53.9,52,1572.329029
44.5,44,1573.151439
49.3,48,1574.028147
46.832,46,1574.879806
35.1,36,1575.550277
46.3,46,1576.405166
54.1,52,1577.292944
45.7,46,1578.208878
34.7,36,1578.945082
49.1,48,1579.886059
44.3,44,1580.706941
61.1,58,1581.647138
60.9,58,1582.58502
39.5,40,1583.339047
39.3,40,1584.097483
45.664,45,1584.98777
39.9,40,1585.764742
39.1,40,1586.534839
41.7,42,1587.31503
68.5,64,1588.306982
75.3,70,1589.31297
53.7,52,1590.304929
53.1,52,1591.254502
53.7,52,1592.235688
37.5,38,1592.959177
56.1,54,1593.885273
53.7,52,1594.805095
60.1,58,1595.723813
27.3,30,1596.287553
53.7,52,1597.26236
46.9,46,1598.130934
53.7,52,1599.048269
39.3,40,1599.804921
53.9,52,1600.847071
46.7,46,1601.722168
39.5,40,1602.497371
46.7,46,1603.373629
46.9,46,1604.222056
46.1,46,1605.094032
51.5,50,1606.160814
44.5,44,1607.023453
39.1,40,1607.800875
38.7,40,1608.565384
39.9,40,1609.339025
39.7,40,1610.081533
46.5,46,1610.945628
46.9,46,1611.826967
46.3,46,1612.696151
59.1,56,1613.688066
34.3,36,1614.372968
56.3,54,1615.333808
37.235,38,1616.143398
39.9,40,1616.962014
67.9,64,1617.969485
39.3,40,1618.732212
34.7,36,1619.465436
53.7,52,1620.460037
39.7,40,1621.344752
39.1,40,1622.27121
53.7,52,1623.136552
46.9,46,1624.020801
46.3,46,1624.962889
51.3,50,1625.881511
68.5,64,1626.955025
56.3,54,1627.900245
53.9,52,1628.77349
51.7,50,1629.66664
39.5,40,1630.40659
42.1,42,1631.186801
46.9,46,1632.073625
46.7,46,1632.923049
46.7,46,1633.871276
39.3,40,1634.684242
46.9,46,1635.694352
46.9,46,1636.6955
47.1,46,1637.516689
53.7,52,1638.435506
39.3,40,1639.280175
46.5,46,1640.0985
51.1,50,1641.059307
61.1,58,1642.063385
39.7,40,1642.826948
68.1,64,1643.845213
46.9,46,1644.681775
55.5,54,1645.597863
53.3,52,1646.485935
54.3,52,1647.400883
39.9,40,1648.187006
37.3,38,1648.913274
46.7,46,1649.797722
61.3,58,1650.751499
53.5,52,1651.685364
58.9,56,1652.790533
37.1,38,1653.493565
47.1,46,1654.351336
41.9,42,1655.146982
46.7,46,1656.040461
34.9,36,1656.807604
54.1,52,1657.707811
44.3,44,1658.538211
39.5,40,1659.289885
39.5,40,1660.046263
46.7,46,1660.884143
70.1,66,1661.837148
39.3,40,1662.714627
35.1,36,1663.406319
38.9,40,1664.162001
39.5,40,1664.936044
68.1,64,1665.983576
46.5,46,1666.841558
46.9,46,1667.73418
70.5,66,1668.676044
48.7,48,1669.569299
63.5,60,1670.541204
53.9,52,1671.478581
39.9,40,1672.236262
68.233,64,1673.273491
54.3,52,1674.17487
39.9,40,1674.930254
46.7,46,1675.802051
52.085,52,1676.839916
67.9,64,1677.844277
68.3,64,1678.871663
46.7,46,1679.721303
39.9,40,1680.484168
67.9,64,1681.428397
61.1,58,1682.450642
70.9,66,1683.523576
48.9,48,1684.419813
46.9,46,1685.365331
39.9,40,1686.125544
34.9,36,1686.804592
61.1,58,1687.847514
46.3,46,1688.835846
61.1,58,1689.896975
67.7,64,1691.023514
53.5,52,1691.933357
39.7,40,1692.783308
53.7,52,1693.731845
49.1,48,1694.669939
61.3,58,1695.590221
39.3,40,1696.401223
60.9,58,1697.33064
46.7,46,1698.183914
39.7,40,1698.953156
48.7,48,1699.817376
47.1,46,1700.667402
41.7,42,1701.429476
39.7,40,1702.159645
43.7,44,1702.994753
39.7,40,1703.762517
47.1,46,1704.603416
42.3,42,1705.374253
61.3,58,1706.286894
60.9,58,1707.251339
53.492,52,1708.144492
46.9,46,1709.03578
54.1,52,1709.955534
53.5,52,1710.888276
39.1,40,1711.648673
60.9,58,1712.584155
39.5,40,1713.339178
61.1,58,1714.317675
46.9,46,1715.191277
39.7,40,1715.951784
53.7,52,1716.852034
56.1,54,1717.780333
54.1,52,1718.72007
45.443,45,1719.55929
60.9,58,1720.59027
39.9,40,1721.332548
39.3,40,1722.132321
61.3,58,1723.105196
41.1,42,1723.902097
39.7,40,1724.649756
68.3,64,1725.705229
39.7,40,1726.481489
51.7,50,1727.412876
60.9,58,1728.372859
39.3,40,1729.112086
67.7,64,1730.167874
44.9,46,1731.050963
39.5,40,1731.863431
58.9,56,1732.797577
46.5,46,1733.663825
39.9,40,1734.47109
46.9,46,1735.33807
46.7,46,1736.194737
51.5,50,1737.072172
61.1,58,1737.993231
72.9,68,1738.999814
39.9,40,1739.750128
62.9,60,1740.750957
46.7,46,1741.584036
67.5,64,1742.52161
39.9,40,1743.272032
39.5,40,1744.057271
60.5,58,1744.96622
39.7,40,1745.730278
53.9,52,1746.683275
46.9,46,1747.565619
61.1,58,1748.423254
49.3,48,1749.269691
60.5,58,1750.269753
61.5,58,1751.239432
61.3,58,1752.260495
53.7,52,1753.195369
61.3,58,1754.108129
39.7,40,1754.87573
46.9,46,1755.785347
39.7,40,1756.575119
46.3,46,1757.384429
60.7,58,1758.280015
42.3,42,1759.078798
61.1,58,1760.191849
38.9,40,1760.944012
36.9,38,1761.823632
39.3,40,1762.559559
41.7,42,1763.297162
48.9,48,1764.130612
46.856,46,1764.927712
39.5,40,1765.668498
60.7,58,1766.677718
46.7,46,1767.531121
34.5,36,1768.185563
39.3,40,1768.925489
39.5,40,1769.670146
56.3,54,1770.600772
52.9,52,1771.488036
39.7,40,1772.27941
54.1,52,1773.200177
43.9,44,1774.021755
61.1,58,1774.957355
46.7,46,1775.809722
47.1,46,1776.654411
54.1,52,1777.550545
39.3,40,1778.37022
53.9,52,1779.29129
39.3,40,1780.022831
39.7,40,1780.777404
53.9,52,1781.656178
39.3,40,1782.425399
59.264,57,1783.342846
53.7,52,1784.274486
46.9,46,1785.11818
46.7,46,1785.960405
46.9,46,1786.788115
34.3,36,1787.481036
39.3,40,1788.22567
39.7,40,1788.972624
47.1,46,1789.799207
68.3,64,1790.726423
47.1,46,1791.595117
63.3,60,1792.558867
61.1,58,1793.53854
46.7,46,1794.357268
70.9,66,1795.325601
39.7,40,1796.080736
60.7,58,1797.018494
54.3,52,1797.902272
38.7,40,1798.654915
61.3,58,1799.632045
39.9,40,1800.384254
39.3,40,1801.141478
47.1,46,1801.986713
46.7,46,1802.838566
46.3,46,1803.760068
47.1,46,1804.616028
39.7,40,1805.378961
48.9,48,1806.242244
46.7,46,1807.105761
41.9,42,1807.893387
61.5,58,1808.887055
39.5,40,1809.65093
46.7,46,1810.471682
73.856,69,1811.419
82.7,76,1812.481905
39.9,40,1813.239529
58.7,56,1814.197446
68.1,64,1815.219884
44.059,44,1816.044327
75.3,70,1817.069552
54.1,52,1817.94247
39.5,40,1818.700213
68.3,64,1819.68378
61.1,58,1820.645743
49.872,49,1821.528371
54.1,52,1822.453929
72.3,68,1823.677539
46.7,46,1824.598042
65.5,62,1825.60097
39.7,40,1826.36512
39.1,40,1827.177532
53.5,52,1828.08182
39.5,40,1828.846484
54.1,52,1829.748033
52.7,52,1830.673512
73.033,68,1831.736307
53.7,52,1832.678981
54.1,52,1833.63974
53.5,52,1834.56718
39.7,40,1835.331767
61.1,58,1836.32365
30.3,32,1836.928662
46.5,46,1837.782274
58.9,56,1838.731151
37.3,38,1839.489273
53.5,52,1840.368807
46.9,46,1841.215823
39.5,40,1841.987308
46.9,46,1842.83553
54.1,52,1843.748859
74.9,70,1844.812382
46.3,46,1845.673886
61.1,58,1846.590494
39.3,40,1847.345296
53.3,52,1848.20192
46.7,46,1849.057472
61.1,58,1850.055646
68.5,64,1851.012329
35.1,36,1851.676501
72.7,68,1852.668222
39.9,40,1853.465676
56.3,54,1854.384627
61.5,58,1855.316365
53.9,52,1856.242657
53.3,52,1857.145324
46.7,46,1858.011436
46.7,46,1858.848179
39.3,40,1859.593203
53.3,52,1860.545332
39.7,40,1861.313786
53.9,52,1862.311652
39.5,40,1863.06703
45.5,46,1863.923762
53.9,52,1864.787191
39.5,40,1865.546295
47.1,46,1866.449062
39.5,40,1867.205256
70.9,66,1868.231282
39.483,40,1869.027156
53.9,52,1870.077293
67.5,64,1871.092072
51.9,50,1871.983291
39.5,40,1872.752939
56.3,54,1873.768337
29.9,32,1874.368466
40.872,41,1875.129258
46.5,46,1876.020495
56.1,54,1876.972898
39.1,40,1877.753643
39.7,40,1878.570929
39.5,40,1879.312711
44.5,44,1880.147902
39.5,40,1880.938495
39.7,40,1881.739445
67.292,63,1882.751199
46.5,46,1883.609192
39.3,40,1884.378926
49.3,48,1885.244476
46.7,46,1886.130644
68.1,64,1887.138508
39.7,40,1887.896903
46.7,46,1888.778096
46.9,46,1889.643
36.9,38,1890.381511
54.3,52,1891.301677
53.5,52,1892.276482
39.7,40,1893.033114
53.9,52,1893.978925
39.7,40,1894.820768
54.1,52,1895.716257
46.7,46,1896.53927
46.9,46,1897.472434
60.7,58,1898.403896
39.5,40,1899.139429
53.9,52,1900.02114
46.5,46,1900.787284
46.7,46,1901.628443
61.3,58,1902.735561
39.3,40,1903.629507
46.5,46,1904.564117
46.5,46,1905.525474
39.7,40,1906.306544
46.9,46,1907.35459
53.7,52,1908.307658
46.5,46,1913.690642
43.7,46,1914.531998
47.1,46,1915.341259
68.1,64,1916.31929
41.9,42,1917.095397
56.3,54,1918.047341
67.3,64,1919.007682
54.292,52,1919.888962
39.7,40,1920.680513
37.5,38,1921.453127
39.7,40,1922.23011
39.7,40,1923.025758
56.3,54,1923.914038
51.9,50,1924.76593
43.7,44,1925.5696
42.1,42,1926.380508
44.7,44,1927.203956
68.1,64,1928.202338
46.7,46,1929.052917
54.1,52,1930.023708
53.3,52,1930.930681
81.9,76,1932.003399
39.3,40,1932.813057
38.3,40,1933.639086
42.1,42,1934.480098
38.5,40,1935.272564
61.1,58,1936.180929
39.7,40,1936.95914
53.7,52,1937.807488
60.5,58,1938.793285
47.1,46,1939.621147
46.7,46,1940.467911
39.3,40,1941.230224
61.3,58,1942.242579
48.9,48,1943.215154
65.7,62,1944.205583
46.9,46,1945.024741
46.5,46,1945.876616
36.829,38,1946.599609
75.3,70,1947.559182
39.3,40,1948.321829
54.3,52,1949.245163
39.5,40,1950.023434
67.9,64,1951.092391
46.9,46,1952.103045
46.9,46,1952.998886
39.7,40,1953.84854
46.9,46,1954.73022
47.1,46,1955.577532
56.5,54,1956.523865
46.5,46,1957.426528
46.7,46,1958.320988
47.1,46,1959.181377
39.5,40,1960.02192
68.1,64,1960.997648
46.7,46,1962.020919
46.9,46,1962.875745
53.9,52,1963.804579
51.449,50,1964.761315
54.1,52,1965.668667
39.5,40,1966.425575
39.5,40,1967.241412
61.1,58,1968.198761
39.5,40,1968.965167
46.3,46,1969.848904
68.7,64,1970.835666
39.5,40,1971.596371
46.5,46,1972.436935
42.3,42,1973.254222
39.3,40,1974.016874
46.7,46,1974.867456
61.1,58,1975.838725
68.1,64,1976.811107
39.5,40,1977.607543
39.7,40,1978.415085
39.3,40,1979.204132
60.5,58,1980.198174
53.5,52,1981.102794
63.5,60,1982.118116
47.1,46,1982.955882
47.1,46,1983.788516
46.7,46,1984.627003
36.9,38,1985.376321
65.829,62,1986.408752
54.1,52,1987.357715
55.9,54,1988.274243
72.9,68,1989.260775
67.9,64,1990.253575
53.7,52,1991.235587
54.1,52,1992.120211
51.7,50,1993.012122
56.3,54,1993.939016
39.9,40,1994.691256
46.9,46,1995.546367
39.9,40,1996.312487
39.5,40,1997.1526
60.9,58,1998.121641
46.5,46,1998.955772
45.9,46,1999.781432
46.7,46,2000.598952
53.7,52,2001.529157
34.7,36,2002.240777
39.9,40,2003.003666
46.7,46,2003.956978
39.1,40,2004.691899
46.7,46,2005.536549
39.7,40,2006.355213
44.5,44,2007.141378
38.9,40,2007.889281
53.7,52,2008.820334
39.7,40,2009.575913
39.9,40,2010.347439
46.9,46,2011.226482
39.1,40,2011.994313
44.1,44,2012.850349
39.5,40,2013.610281
53.7,52,2014.556576
39.1,40,2015.320957
75.5,70,2016.344856
51.3,50,2017.246758
60.7,58,2018.205794
51.7,50,2019.093536
46.7,46,2019.935724
37.3,38,2020.67013
34.7,36,2021.356677
53.7,52,2022.272229
39.7,40,2023.022293
63.633,60,2023.992868
39.7,40,2024.758585
55.833,54,2025.652026
60.9,58,2026.694552
51.3,50,2027.651429
51.7,50,2028.59082
39.7,40,2029.335621
37.1,38,2030.041512
42.1,42,2030.822253
60.9,58,2031.737255
35.1,36,2032.442008
46.5,46,2033.308871
37.3,38,2034.025959
44.3,44,2034.812868
46.7,46,2035.642577
54.3,52,2036.521188
39.5,40,2037.284618
46.7,46,2038.23698
49.1,48,2039.133272
61.3,58,2040.069098
61.3,58,2040.995848
46.3,46,2041.906899
51.433,50,2042.810083
39.7,40,2043.626584
54.1,52,2044.553995
39.7,40,2045.319093
34.433,36,2045.997387
47.1,46,2046.82783
63.3,60,2047.790467
54.3,52,2048.714328
46.9,46,2049.580408
46.7,46,2050.433998
39.5,40,2051.193005
39.7,40,2051.944368
60.9,58,2052.932049
46.9,46,2053.937376
39.5,40,2054.694149
39.7,40,2055.447858
61.1,58,2056.418381
46.9,46,2057.292577
39.7,40,2058.055331
39.7,40,2058.796108
46.9,46,2059.619822
39.9,40,2060.409363
61.1,58,2061.346403
68.5,64,2062.280395
53.9,52,2063.372601
58.9,56,2064.383862
39.5,40,2065.151167
39.1,40,2065.914721
48.7,48,2066.764773
44.5,44,2067.574076
51.7,50,2068.460287
39.7,40,2069.240015
46.9,46,2070.053872
53.9,52,2070.982228
46.1,46,2071.832622
58.7,56,2072.774809
39.5,40,2073.540166
53.3,52,2074.49805
77.9,72,2075.531896
47.1,46,2076.371124
44.439,44,2077.197509
39.9,40,2077.947685
75.7,70,2078.92615
66.1,62,2079.972903
53.9,52,2080.894388
46.5,46,2081.714438
53.9,52,2082.650766
35.1,36,2083.334998
39.7,40,2084.165258
53.7,52,2085.138199
58.1,56,2086.062524
60.7,58,2087.015124
56.5,54,2087.986371
68.3,64,2088.989677
46.9,46,2089.893832
46.9,46,2090.742372
39.7,40,2091.486596
68.5,64,2092.454916
64.092,61,2093.442097
60.9,58,2094.37805
49.435,50,2095.275208
61.1,58,2096.222405
82.5,76,2097.283563
39.1,40,2098.062244
46.9,46,2098.90548
58.7,56,2099.86593
34.7,36,2100.606163
34.7,36,2101.283201
60.5,58,2102.259585
58.631,56,2103.198102
41.7,42,2103.986964
61.1,58,2104.930024
51.5,50,2105.853127
54.3,52,2106.774185
49.1,48,2107.63122
34.7,36,2108.307786
39.1,40,2109.057361
39.5,40,2109.800987
67.7,64,2110.863648
35.1,36,2111.566123
39.5,40,2112.371358
75.5,70,2113.377815
35.1,36,2114.053758
39.5,40,2114.795513
53.1,52,2115.703024
46.5,46,2116.540699
39.1,40,2117.317783
46.5,46,2118.166029
53.7,52,2119.107861
46.1,46,2119.956959
45.66,45,2120.835723
39.9,40,2121.569251
48.1,48,2122.440774
47.1,46,2123.269665
46.7,46,2124.158395
53.9,52,2125.087271
68.5,64,2126.029713
39.5,40,2126.809912
39.3,40,2127.584629
42.057,42,2128.371072
39.3,40,2129.087337
39.5,40,2129.826795
47.1,46,2130.687232
64.676,63,2131.71633
45.3,46,2132.584508
53.9,52,2133.497812
47.1,46,2134.637565
54.029,52,2135.611817
56.234,54,2136.56605
49.1,48,2137.455419
51.5,50,2138.315093
53.5,52,2139.173316
39.5,40,2139.927198
73.1,68,2140.967234
39.7,40,2141.744677
42.1,42,2142.532538
39.5,40,2143.282986
61.1,58,2144.236231
42.1,42,2145.001543
49.5,48,2145.875881
37.5,38,2146.744808
53.9,52,2147.671013
68.3,64,2148.618906
46.1,46,2149.448017
46.7,46,2150.288809
34.9,36,2150.971282
47.1,46,2151.79614
68.1,64,2152.917699
53.9,52,2153.831575
39.5,40,2154.582232
44.1,44,2155.407267
39.5,40,2156.176931
68.3,64,2157.345184
39.7,40,2158.112748
44.1,44,2158.923805
47.1,46,2159.745924
39.9,40,2160.50287
39.7,40,2161.352162
58.431,56,2162.278402
56.5,54,2163.204362
41.031,42,2163.960148
75.7,70,2164.919012
46.7,46,2165.727698
39.9,40,2166.465231
46.7,46,2167.260856
60.7,58,2168.159609
54.3,52,2169.090235
51.1,50,2170.019301
54.1,52,2170.903652
49.3,48,2171.743937
47.1,46,2172.577239
60.9,58,2173.524495
39.7,40,2174.264586
46.9,46,2175.06265
53.1,52,2175.952408
39.7,40,2176.702053
53.9,52,2177.578777
48.9,48,2178.447716
41.7,42,2179.228197
65.3,62,2180.190574
46.3,46,2181.023937
51.1,50,2181.876625
39.5,40,2182.673246
39.9,40,2183.462201
53.5,52,2184.406279
47.1,46,2185.238544
75.9,70,2186.16744
60.9,58,2187.11249
46.9,46,2187.955855
60.9,58,2188.930634
60.5,58,2189.847172
51.3,50,2190.729301
39.7,40,2191.494075
46.9,46,2192.327828
46.5,46,2193.187233
72.433,68,2194.24137
46.3,46,2195.082372
54.1,52,2195.998209
60.9,58,2196.979172
39.5,40,2197.71784
48.7,48,2198.581075
50.9,50,2199.491009
44.1,44,2200.309104
65.433,62,2201.290335
61.1,58,2202.267869
39.7,40,2203.019029
41.3,42,2203.808225
50.5,50,2204.774796
39.5,40,2205.592721
45.468,45,2206.454246
47.1,46,2207.311587
58.9,56,2208.267716
60.9,58,2209.212194
72.9,68,2210.191742
54.3,52,2211.138316
76.436,71,2212.143855
39.5,40,2212.9102
39.3,40,2213.644838
61.3,58,2214.653189
36.9,38,2215.372776
51.9,50,2216.240163
53.3,52,2217.134807
52.672,51,2218.108078
39.9,40,2218.891865
56.5,54,2219.822901
60.9,58,2220.763145
53.9,52,2221.669319
42.1,42,2222.48543
54.3,52,2223.424322
46.9,46,2224.353983
39.5,40,2225.143544
51.7,50,2226.021235
46.7,46,2226.952498
60.5,58,2227.928752
53.7,52,2228.816733
53.7,52,2229.895518
46.9,46,2230.873965
39.7,40,2231.656197
60.9,58,2232.623672
39.7,40,2233.472267
54.1,52,2234.555437
44.5,44,2235.519794
61.3,58,2236.622455
39.5,40,2237.369231
60.7,58,2238.326808
53.9,52,2239.325709
53.7,52,2240.243959
61.1,58,2241.276582
61.3,58,2242.243371
44.7,44,2243.073677
46.7,46,2243.920306
51.3,50,2244.794975
60.068,57,2245.788562
46.7,46,2246.645892
63.1,60,2247.607487
60.9,58,2248.651802
46.9,46,2249.522621
79.3,74,2250.569367
46.7,46,2251.443572
37.5,38,2252.171083
53.1,52,2253.102802
54.1,52,2254.007879
46.5,46,2254.885684
46.831,46,2255.747205
46.7,46,2256.634975
46.9,46,2257.491242
46.7,46,2258.379398
60.7,58,2259.345618
47.1,46,2260.223648
59.1,56,2261.209291
39.9,40,2262.006622
46.9,46,2262.916137
53.9,52,2263.977891
49.3,48,2264.876946
46.9,46,2265.721549
47.028,46,2266.569976
54.1,52,2267.563294
46.9,46,2268.56466
46.3,46,2269.473422
71.661,67,2270.493726
46.5,46,2271.317235
46.1,46,2272.219522
58.9,58,2273.194256
41.7,42,2274.083273
46.7,46,2274.937755
61.3,58,2275.859829
46.7,46,2276.79945
39.7,40,2277.574405
43.9,44,2278.391947
68.5,64,2279.327073
51.1,50,2280.229485
39.9,40,2280.987135
56.3,54,2281.90572
39.7,40,2282.734382
34.9,36,2283.425742
39.7,40,2284.179622
68.5,64,2285.1498
37.3,38,2285.865779
54.1,52,2286.78457
46.7,46,2287.688093
53.7,52,2288.62907
61.1,58,2289.612171
47.1,46,2290.563196
31.9,34,2291.190968
46.7,46,2292.042497
39.7,40,2292.859882
67.3,64,2293.849725
59.436,57,2294.8125
39.5,40,2295.543139
54.1,52,2296.479629
53.7,52,2297.399493
39.5,40,2298.189042
41.9,42,2298.95858
46.3,46,2299.795897
54.1,52,2300.750899
68.5,64,2301.627005
59.052,56,2302.551876
51.7,50,2303.474205
54.1,52,2304.402064
54.1,52,2305.301499
39.5,40,2306.044955
39.3,40,2306.807985
46.5,46,2307.688044
46.3,46,2308.542698
46.9,46,2309.384166
51.433,50,2310.255171
53.5,52,2311.164139
49.3,48,2312.107871
53.1,52,2313.027781
46.1,46,2313.955525
44.1,44,2314.802802
68.1,64,2315.787137
39.5,40,2316.516023
65.659,62,2317.474267
60.7,58,2318.475949
39.7,40,2319.302336
58.3,56,2320.289409
61.1,58,2321.212209
54.3,52,2322.102342
47.498,47,2322.951251
46.7,46,2323.82471
47.1,46,2324.719507
53.5,52,2325.640079
46.5,46,2326.492395
39.5,40,2327.26287
39.9,40,2328.033104
53.9,52,2328.933534
39.7,40,2329.700085
37.231,38,2330.433359
46.7,46,2331.284138
66.7,64,2332.279625
60.9,58,2333.326336
53.9,52,2334.299031
45.9,46,2335.134518
46.5,46,2336.081749
39.7,40,2336.837018
61.1,58,2337.776556
46.5,46,2338.633393
54.3,52,2339.582225
61.1,58,2340.574674
39.7,40,2341.350631
44.1,44,2342.172091
53.5,52,2343.083369
60.9,58,2344.09289
46.9,46,2345.007825
46.7,46,2345.922149
61.1,58,2346.854244
61.1,58,2347.846299
39.7,40,2348.590723
61.3,58,2349.550649
54.1,52,2350.576665
47.1,46,2351.435006
45.7,46,2352.295992
47.5,48,2353.188874
46.7,46,2354.033767
51.7,50,2354.920191
39.1,40,2355.74154
51.7,50,2356.621551
65.7,62,2357.609863
53.9,52,2358.603681
46.9,46,2359.461882
45.9,46,2360.390465
56.5,54,2361.323602
48.068,47,2362.205523
44.7,44,2363.039049
42.1,42,2363.852956
39.7,40,2364.591066
39.5,40,2365.361881
60.084,57,2366.315653
54.3,52,2367.23395
46.5,46,2368.091807
39.7,40,2368.865315
61.1,58,2369.903474
46.3,46,2370.844579
37.5,38,2371.596573
34.9,36,2372.277328
39.5,40,2373.039346
39.9,40,2373.80763
46.9,46,2374.653759
31.9,34,2375.306453
68.1,64,2376.296965
53.5,52,2377.202235
61.3,58,2378.151803
60.3,58,2379.075485
39.7,40,2379.836083
39.7,40,2380.585565
68.1,64,2381.687596
36.864,38,2382.42535
53.5,52,2383.357108
39.7,40,2384.122615
60.9,58,2385.175848
75.3,70,2386.174773
39.7,40,2386.944399
39.7,40,2387.710118
70.5,66,2388.721659
53.3,52,2389.662623
41.9,42,2390.439695
75.1,70,2391.497903
39.3,40,2392.303118
34.5,36,2393.001062
53.9,52,2393.941137
42.1,42,2394.772882
54.1,52,2395.687968
39.7,40,2396.451759
58.9,56,2397.415242
46.5,46,2398.26115
54.1,52,2399.147935
70.9,66,2400.194646
46.7,46,2401.104373
53.9,52,2402.066707
61.3,58,2402.996778
70.5,66,2404.000684
47.1,46,2404.860561
24.7,26,2405.353719
46.1,46,2406.196293
37.3,38,2406.966482
39.3,40,2407.745195
39.5,40,2408.605077
53.7,52,2409.527249
46.9,46,2410.367481
39.5,40,2411.1336
39.3,40,2411.909095
51.1,50,2412.859118
34.7,36,2413.523347
39.7,40,2414.26045
60.7,58,2415.260616
65.9,62,2416.181527
46.7,46,2417.025312
39.9,40,2417.838932
39.7,40,2418.678719
44.3,44,2419.459497
54.1,52,2420.344767
41.7,42,2421.14291
60.9,58,2422.033453
46.9,46,2422.881431
44.1,44,2423.683872
46.9,46,2424.629647
61.1,58,2425.550584
61.3,58,2426.534675
44.1,44,2427.362448
68.5,64,2428.391167
54.3,52,2429.283815
53.7,52,2430.249244
37.1,38,2430.974888
34.5,36,2431.642589
71.1,66,2432.634938
60.7,58,2433.596856
74.9,70,2434.584922
54.1,52,2435.497132
39.3,40,2436.245827
41.7,42,2437.028174
39.9,40,2437.782962
37.1,38,2438.515682
39.9,40,2439.275744
29.9,32,2439.895756
53.9,52,2440.775012
68.5,64,2441.817809
51.1,50,2442.691516
39.9,40,2443.497526
60.9,58,2444.423514
51.3,50,2445.283694
46.3,46,2446.116012
49.5,48,2447.013821
39.7,40,2447.756733
61.1,58,2448.706852
47.1,46,2449.558469
56.5,54,2450.525194
39.5,40,2451.278903
37.043,38,2452.00442
49.1,50,2452.932816
54.3,52,2453.862862
46.9,46,2454.710295
39.9,40,2455.464685
38.7,40,2456.198036
39.5,40,2456.943959
68.1,64,2457.941143
53.5,52,2458.851985
54.1,52,2459.755286
39.3,40,2460.503436
51.7,50,2461.394296
46.5,46,2462.250801
46.5,46,2463.085251
60.9,58,2463.994453
54.1,52,2464.923083
51.9,50,2465.825775
60.9,58,2466.751884
34.7,36,2467.438301
46.9,46,2468.278251
65.631,62,2469.259694
39.5,40,2470.039675
39.7,40,2470.816957
51.5,50,2471.695411
39.1,40,2472.447705
53.9,52,2473.35078
48.9,48,2474.202049
68.5,64,2475.27928
31.9,34,2475.93317
39.5,40,2476.694822
54.1,52,2477.565374
51.5,50,2478.415983
39.5,40,2479.177361
53.9,52,2480.137076
46.5,46,2481.004238
53.5,52,2481.88455
44.3,44,2482.694244
38.9,40,2483.43504
46.5,46,2484.277146
53.9,52,2485.199316
46.9,46,2486.063405
68.3,64,2487.049932
47.1,46,2488.005143
41.9,42,2488.827689
60.9,58,2489.811613
60.06,57,2490.734655
41.9,42,2491.521875
65.3,62,2492.523007
46.9,46,2493.376786
37.5,38,2494.128059
47.1,46,2494.979825
75.3,70,2496.035146
49.3,48,2496.907648
49.1,48,2497.792612
60.7,58,2498.733186
61.5,58,2499.684529
39.7,40,2500.429672
53.9,52,2501.346808
39.3,40,2502.087657
46.5,46,2502.910711
39.1,40,2503.661016
46.9,46,2504.549391
46.7,46,2505.453741
53.7,52,2506.475516
46.3,46,2507.407467
46.1,46,2508.317744
68.7,64,2509.319881
68.5,64,2510.340074
46.5,46,2511.287332
46.7,46,2512.131575
56.3,54,2513.032169
51.229,50,2513.908874
53.9,52,2514.771795
39.5,40,2515.501476
42.1,42,2516.296728
60.9,58,2517.230146
53.5,52,2518.10147
75.5,70,2519.169868
47.1,46,2520.000852
46.9,46,2520.873481
41.3,42,2521.737684
46.9,46,2522.602172
51.5,50,2523.663241
39.1,40,2524.44316
75.9,70,2525.481183
75.7,70,2526.480437
39.1,40,2527.280233
82.5,76,2528.270354
48.014,47,2529.127197
53.9,52,2530.082223
39.9,40,2530.838942
60.9,58,2531.818227
46.5,46,2532.671637
41.9,42,2533.462192
46.7,46,2534.324456
39.3,40,2535.208665
68.7,64,2536.186112
61.3,58,2537.126178
39.9,40,2537.922099
46.7,46,2538.801798
39.7,40,2539.554791
47.1,46,2540.393099
47.1,46,2541.220731
38.256,39,2541.930881
56.7,54,2542.917484
37.5,38,2543.64772
54.1,52,2544.580436
69.005,65,2545.536428
60.7,58,2546.513996
39.3,40,2547.310266
41.9,42,2548.133119
47.1,46,2548.992278
54.1,52,2549.904502
39.5,40,2550.764198
72.5,68,2551.8828
39.3,40,2552.609343
46.5,46,2553.465223
46.5,46,2554.298297
39.5,40,2555.060437
53.9,52,2555.972296
82.5,76,2556.936664
39.9,40,2557.679049
39.7,40,2558.547805
39.9,40,2559.304078
46.1,46,2560.111122
39.5,40,2560.834361
39.5,40,2561.699221
61.3,58,2562.666431
41.7,42,2563.47894
37.5,38,2564.186622
39.7,40,2564.941883
46.9,46,2565.775585
60.9,58,2566.679282
39.5,40,2567.427754
39.7,40,2568.158947
39.9,40,2568.93085
35.1,36,2569.595242
75.249,70,2570.634439
61.5,58,2571.527053
68.5,64,2572.499755
39.9,40,2573.246327
61.1,58,2574.218946
51.7,50,2575.132431
45.465,46,2575.955856
56.3,54,2576.884266
75.1,70,2577.913336
34.5,36,2578.595152
56.1,54,2579.742697
68.1,64,2580.851323
75.7,70,2581.931635
46.9,46,2582.809583
74.9,70,2583.780074
75.5,70,2584.868503
49.1,48,2585.702048
44.453,44,2586.525129
46.9,46,2587.425339
87.3,80,2588.488338
53.5,52,2589.550754
46.9,46,2590.444911
46.9,46,2591.359736
77.7,72,2592.456401
54.1,52,2593.427285
38.3,40,2594.202041
42.1,42,2595.083202
53.7,52,2595.978745
39.9,40,2596.735149
46.9,46,2597.578998
61.1,58,2598.505644
39.5,40,2599.246273
37.1,38,2599.983878
46.9,46,2600.824155
37.1,38,2601.518078
53.9,52,2602.410452
44.7,44,2603.223459
34.7,36,2603.905954
39.7,40,2604.694467
58.7,56,2605.638558
46.7,46,2606.4867
46.7,46,2607.329403
46.7,46,2608.160849
46.7,46,2608.988862
61.3,58,2609.917097
75.9,70,2610.952997
46.7,46,2611.765205
45.5,46,2612.598533
47.1,46,2613.464934
62.668,59,2614.394493
68.3,64,2615.462842
44.631,44,2616.33204
68.5,64,2617.249938
54.1,52,2618.17367
39.3,40,2618.966694
39.7,40,2619.711522
41.9,42,2620.488196
69.9,66,2621.520649
46.7,46,2622.361276
48.9,48,2623.246459
39.7,40,2623.995482
53.5,52,2624.922671
54.1,52,2625.869208
68.3,64,2627.007695
39.9,40,2627.863728
68.1,64,2628.941932
39.7,40,2629.696131
53.3,52,2630.615179
35.1,36,2631.424704
39.7,40,2632.225185
68.3,64,2633.199298
47.1,46,2634.036311
60.9,58,2635.015444
61.3,58,2636.01106
46.5,46,2636.8599
54.1,52,2637.835448
43.7,46,2638.641024
45.7,46,2639.522948
48.7,48,2640.485749
39.7,40,2641.28638
46.5,46,2642.156787
46.9,46,2643.02002
49.1,48,2643.893167
68.1,64,2644.892257
39.5,40,2645.652052
34.9,36,2646.366271
39.1,40,2647.135916
46.7,46,2647.982744
61.3,58,2648.936383
46.5,46,2649.772556
51.1,50,2650.658252
70.5,66,2651.612745
53.1,52,2652.562807
46.5,46,2653.407687
58.633,56,2654.372423
46.5,46,2655.202403
46.3,46,2656.097382
46.3,46,2657.025742
62.831,60,2657.992464
39.5,40,2658.754677
54.1,52,2659.674104
39.3,40,2660.456991
47.1,46,2661.302073
37.1,38,2662.015773
63.5,60,2663.101387
53.7,52,2664.000576
61.5,58,2664.945535
54.3,52,2665.833709
46.7,46,2666.673505
60.5,58,2667.772587
38.7,40,2668.518262
61.3,58,2669.501994
46.9,46,2670.36545
48.276,47,2671.255544
54.3,52,2672.32006
47.1,46,2673.395547
39.5,40,2674.22381
39.7,40,2675.071585
67.7,64,2676.141803
41.7,42,2676.975744
42.1,42,2677.862578
46.1,46,2678.740857
46.9,46,2679.61527
53.7,52,2680.545682
46.5,46,2681.392497
46.9,46,2682.338137
72.433,68,2683.390191
75.7,70,2684.418391
39.9,40,2685.187709
67.633,64,2686.241395
46.7,46,2687.096308
61.5,58,2688.038344
68.5,64,2689.138533
75.9,70,2690.164057
39.3,40,2690.903375
46.7,46,2691.746104
46.7,46,2692.60163
39.9,40,2693.34697
63.087,60,2694.319137
39.7,40,2695.081642
53.9,52,2696.034814
39.9,40,2696.790802
46.9,46,2697.632278
39.9,40,2698.417244
51.1,50,2699.36333
46.5,46,2700.234435
51.7,50,2701.105646
47.1,46,2702.024828
39.3,40,2702.7726
53.9,52,2703.665257
46.9,46,2704.527512
46.9,46,2705.368847
44.035,44,2706.194544
60.9,58,2707.232092
63.295,60,2708.225863
46.9,46,2709.069674
46.7,46,2709.993445
46.5,46,2710.834683
44.1,46,2711.685067
37.3,38,2712.390936
51.5,50,2713.236978
47.1,46,2714.074889
34.3,36,2714.763644
36.5,38,2715.499511
53.7,52,2716.411303
46.7,46,2717.230003
53.9,52,2718.120974
46.7,46,2718.9696
35.1,36,2719.666678
54.1,52,2720.592829
34.5,36,2721.326464
39.7,40,2722.09064
61.3,58,2723.117708
50.9,50,2724.000872
61.1,58,2724.975512
47.1,46,2725.810362
53.7,52,2726.727589
46.5,46,2727.577538
46.9,46,2728.605529
61.1,58,2729.60161
39.7,40,2730.404294
46.9,46,2731.251786
60.7,58,2732.267838
51.1,50,2733.20367
46.5,46,2734.045389
72.5,68,2735.104638
39.5,40,2735.98201
68.1,64,2737.002162
54.3,52,2737.929436
60.9,58,2738.883732
39.3,40,2739.642018
60.7,58,2740.677121
39.3,40,2741.42436
39.7,40,2742.208732
46.7,46,2743.055869
39.7,40,2743.840142
53.7,52,2744.774015
53.7,52,2745.756305
54.1,52,2746.694283
61.1,58,2747.620762
82.3,76,2748.642601
43.3,44,2749.475307
61.3,58,2750.466239
61.3,58,2751.473433
53.9,52,2752.391588
39.5,40,2753.145118
34.5,36,2753.833956
53.5,52,2754.778093
46.9,46,2755.623084
47.1,46,2756.573309
60.9,58,2757.519423
46.5,46,2758.339863
37.3,38,2759.054982
39.7,40,2759.834569
55.7,54,2760.761207
58.1,56,2761.718112
46.9,46,2762.551098
53.7,52,2763.503253
37.3,38,2764.223966
46.7,46,2765.114733
46.3,46,2766.020438
61.3,58,2767.071608
39.7,40,2767.81838
39.7,40,2768.631259
73.078,68,2769.626491
34.5,36,2770.317333
56.5,54,2771.245836
46.848,46,2772.158199
53.7,52,2773.060052
53.9,52,2773.955768
39.3,40,2774.71245
39.9,40,2775.466746
46.9,46,2776.32724
67.9,64,2777.368912
54.1,52,2778.317313
54.1,52,2779.208551
46.9,46,2780.035496
52.464,51,2781.002817
39.3,40,2781.747463
68.5,64,2782.76158
44.3,44,2783.569998
44.3,44,2784.359405
46.1,46,2785.210865
61.1,58,2786.183958
68.1,64,2787.184299
39.5,40,2787.956376
46.9,46,2788.826322
41.9,42,2789.605426
42.7,44,2790.464357
46.5,46,2791.337862
44.3,44,2792.166771
39.7,40,2793.006202
39.5,40,2793.768693
46.9,46,2794.620096
34.9,36,2795.308837
39.7,40,2796.078889
39.5,40,2796.848571
46.7,46,2797.76935
39.9,40,2798.514958
46.5,46,2799.349702
46.9,46,2800.208011
47.1,46,2801.067428
37.5,38,2801.791954
53.5,52,2802.712831
60.7,58,2803.669754
54.3,52,2804.656898
38.9,40,2805.419817
69.27,65,2806.412916
54.1,52,2807.407135
38.7,40,2808.260687
46.7,46,2809.161428
39.5,40,2809.906644
46.1,46,2815.035758
41.7,42,2815.828261
75.5,70,2816.812501
53.9,52,2817.683891
39.7,40,2818.450666
46.9,46,2819.306766
75.1,70,2820.25179
42.3,42,2821.034755
53.9,52,2821.900168
34.9,36,2822.591685
39.5,40,2823.31901
58.9,56,2824.266972
53.3,52,2825.165322
67.675,64,2826.114384
46.5,46,2826.960882
39.3,40,2827.75034
60.068,57,2828.666618
54.3,52,2829.586445
46.7,46,2830.438422
46.5,46,2831.24079
44.7,44,2832.081804
46.7,46,2832.955811
46.3,46,2833.944528
39.1,40,2834.817575
46.5,46,2835.76338
39.7,40,2836.587702
46.9,46,2837.434601
54.3,52,2838.413519
47.1,46,2839.34654
39.3,40,2840.148373
34.7,36,2840.823835
53.7,52,2841.710252
75.3,70,2842.746307
53.9,52,2843.649052
53.9,52,2844.627576
54.1,52,2845.541916
39.3,40,2846.348922
75.3,70,2847.353516
39.5,40,2848.115967
60.7,58,2849.098637
39.3,40,2849.879195
46.9,46,2850.771602
39.3,40,2851.526101
39.3,40,2852.467069
38.9,40,2853.450826
39.9,40,2854.354944
58.3,56,2855.325303
39.3,40,2856.067099
39.3,40,2856.831301
39.7,40,2857.600582
46.5,46,2858.533196
46.3,46,2859.355401
46.9,46,2860.203827
51.7,50,2861.100413
46.3,46,2861.935668
39.5,40,2862.692772
46.9,46,2863.55955
56.1,54,2864.543712
61.1,58,2865.52322
46.7,46,2866.333001
53.7,52,2867.233002
54.1,52,2868.121104
39.7,40,2868.871379
53.3,52,2869.772609
54.1,52,2870.705705
51.5,50,2871.587716
49.1,48,2872.46134
39.1,40,2873.21514
45.9,46,2874.04321
46.5,46,2874.878607
50.463,49,2875.803014
53.5,52,2876.725259
44.3,44,2877.523891
53.9,52,2878.484574
34.7,36,2879.164234
49.1,48,2880.047475
39.5,40,2880.79937
39.7,40,2881.56862
47.1,46,2882.429575
49.1,48,2883.298775
46.7,46,2884.166665
75.9,70,2885.191634
53.9,52,2886.022254
49.1,48,2886.909975
46.7,46,2887.77738
66.3,62,2888.826923
53.9,52,2889.773868
39.5,40,2890.687118
56.3,54,2891.765458
65.5,62,2892.797376
39.7,40,2893.613142
55.871,54,2894.638169
46.9,46,2895.482026
54.1,52,2896.380569
70.3,66,2897.374929
39.3,40,2898.11611
39.7,40,2898.880356
39.3,40,2899.662197
39.5,40,2900.524412
39.7,40,2901.284332
43.263,43,2902.110145
39.5,40,2902.868534
42.1,42,2903.652455
50.845,50,2904.486066
75.7,70,2905.434483
39.9,40,2906.201084
39.9,40,2906.983399
32.7,34,2907.644706
39.5,40,2908.411331
46.3,46,2909.256915
47.464,47,2910.093874
61.3,58,2911.060513
39.3,40,2911.887
49.3,48,2912.782231
39.5,40,2913.531932
39.7,40,2914.285619
46.5,46,2915.136982
37.5,38,2915.879956
49.3,48,2916.740004
39.9,40,2917.548431
67.088,63,2918.583158
39.1,40,2919.430311
54.3,52,2920.318301
67.9,64,2921.291866
58.5,56,2922.284656
46.9,46,2923.278063
53.9,52,2924.177974
47.1,46,2925.020448
39.5,40,2925.789308
39.5,40,2926.570454
53.7,52,2927.56389
54.1,52,2928.501073
61.3,58,2929.421778
37.1,38,2930.115624
46.7,46,2930.973703
75.3,70,2931.943941
53.9,52,2932.846723
46.9,46,2933.707396
39.3,40,2934.47676
39.9,40,2935.235549
47.1,46,2936.113333
74.7,70,2937.124231
49.1,48,2938.006008
49.5,48,2938.920272
63.5,60,2939.918662
68.5,64,2940.948136
47.1,46,2941.790247
37.1,38,2942.515254
75.9,70,2943.496973
60.9,58,2944.487912
41.9,42,2945.256561
44.5,46,2946.194524
65.7,62,2947.173882
54.1,52,2948.125104
39.7,40,2948.894572
39.7,40,2949.626125
44.5,44,2950.41304
61.864,59,2951.341468
46.3,46,2952.17591
39.7,40,2952.915101
39.3,40,2953.642618
39.7,40,2954.409076
46.5,46,2955.258353
46.9,46,2956.102053
46.5,46,2956.937908
39.9,40,2957.692458
39.5,40,2958.484531
64.9,62,2959.497218
61.1,58,2960.402284
46.7,46,2961.250168
41.7,42,2962.022754
39.1,40,2962.771989
53.7,52,2963.698545
46.7,46,2964.553243
53.9,52,2965.536872
46.7,46,2966.469666
60.7,58,2967.415829
39.7,40,2968.165015
46.7,46,2968.988559
54.1,52,2969.93621
46.9,46,2970.791662
53.7,52,2971.784146
39.5,40,2972.538787
39.7,40,2973.288872
46.5,46,2974.141054
49.3,48,2975.04911
39.5,40,2975.79917
39.5,40,2976.553197
53.7,52,2977.437592
35.1,36,2978.095641
39.5,40,2978.849875
39.698,40,2979.598857
46.7,46,2980.499323
61.3,58,2981.390345
61.3,58,2982.302819
54.1,52,2983.259709
46.9,46,2984.103216
37.3,38,2984.812459
46.9,46,2985.645962
61.1,58,2986.614926
46.7,46,2987.458045
39.5,40,2988.224094
47.1,46,2989.089057
39.7,40,2989.823052
60.3,58,2990.7814
60.7,58,2991.718424
58.7,56,2992.64894
53.7,52,2993.54271
34.7,36,2994.211617
39.3,40,2995.034388
58.7,58,2996.045063
54.1,52,2996.965205
54.1,52,2997.820018
53.3,52,2998.748842
46.9,46,2999.60314
56.5,54,3000.51834
35.1,36,3001.231888
44.1,44,3002.096193
39.7,40,3002.843071
42.3,42,3003.6264
46.7,46,3004.465469
46.7,46,3005.302323
48.5,48,3006.246139
60.9,58,3007.214059
60.9,58,3008.202147
46.9,46,3009.038766
51.5,50,3009.925128
53.3,52,3010.815799
46.7,46,3011.695951
39.7,40,3012.452806
39.7,40,3013.202983
72.7,68,3014.278567
46.7,46,3015.124283
53.1,52,3016.017612
39.3,40,3016.822758
46.5,46,3017.832172
37.3,38,3018.587633
42.3,42,3019.444865
39.5,40,3020.210853
53.7,52,3021.061106
47.1,46,3021.955232
34.9,36,3022.704038
53.9,52,3023.631119
46.7,46,3024.461604
46.5,46,3025.294815
46.7,46,3026.147401
53.9,52,3027.132324
60.5,58,3028.177321
41.9,42,3028.961674
39.3,40,3029.710699
54.1,52,3030.626615
51.9,52,3031.6085
53.9,52,3032.556129
48.627,48,3033.430035
53.9,52,3034.349281
43.5,44,3035.191185
47.1,46,3036.051881
60.9,58,3036.98645
39.7,40,3037.772734
46.3,46,3038.660401
46.7,46,3039.511165
85.3,78,3040.711924
42.1,42,3041.489204
75.9,70,3042.596689
39.7,40,3043.360672
53.5,52,3044.320955
53.5,52,3045.20902
39.7,40,3045.99408
47.1,46,3046.814528
68.5,64,3047.914752
51.431,50,3048.807128
45.3,46,3049.637029
63.3,60,3050.691604
61.3,58,3051.6539
39.7,40,3052.447124
54.1,52,3053.376515
46.7,46,3054.242336
54.1,52,3055.247873
44.7,44,3056.075827
39.7,40,3056.820555
39.5,40,3057.593449
46.5,46,3058.485781
53.7,52,3059.38479
39.9,40,3060.147936
53.7,52,3061.071517
53.3,52,3061.971463
48.9,48,3062.845872
32.5,34,3063.620515
54.3,52,3064.547777
38.288,39,3065.302603
68.3,64,3066.386062
43.9,44,3067.2269
39.5,40,3067.990155
46.9,46,3068.884917
39.9,40,3069.705958
48.9,48,3070.628133
41.5,42,3071.431347
53.7,52,3072.330527
53.5,52,3073.260835
67.7,64,3074.241287
45.66,45,3075.045856
46.9,46,3075.923302
46.3,46,3076.87051
34.7,36,3077.562529
41.7,42,3078.386316
46.7,46,3079.363506
56.5,54,3080.331537
39.1,40,3081.212881
46.5,46,3082.038467
53.7,52,3082.917804
81.1,76,3083.933249
39.1,40,3084.685984
54.1,52,3085.583723
54.3,52,3086.491787
54.1,54,3087.411243
39.9,40,3088.186549
39.5,40,3088.939579
34.637,36,3089.639021
61.1,58,3090.592021
46.5,46,3091.413426
39.9,40,3092.149776
53.9,52,3093.089056
51.3,50,3093.964906
39.5,40,3094.73128
50.433,50,3095.615536
50.7,50,3096.506402
39.7,40,3097.253896
44.5,44,3098.061399
38.488,39,3098.787292
49.5,48,3099.675596
30.1,32,3100.290631
53.9,52,3101.210804
37.3,38,3101.92912
53.9,52,3102.831401
54.1,52,3103.760143
37.831,39,3104.495024
67.9,64,3105.513925
46.5,46,3106.347161
32.3,34,3106.982577
53.9,52,3107.90994
52.684,51,3108.820149
39.7,40,3109.590651
34.9,36,3110.273354
63.3,60,3111.204596
54.1,52,3112.117386
53.9,52,3113.035555
32.1,34,3113.660169
53.7,52,3114.579947
46.7,46,3115.452231
39.1,40,3116.214264
75.3,70,3117.212739
60.3,58,3118.176715
60.7,58,3119.101734
36.9,38,3119.841188
53.9,52,3120.791006
51.253,50,3121.690347
54.1,52,3122.570941
46.9,46,3123.4238
42.1,42,3124.232886
53.9,52,3125.123935
46.9,46,3125.976788
39.9,40,3126.728872
67.9,64,3127.690135
41.7,42,3128.477568
46.5,46,3129.325532
39.1,40,3130.096251
56.212,54,3131.062906
53.7,52,3131.977214
53.9,52,3132.84399
86.899,80,3133.846467
39.3,40,3134.596538
42.3,42,3135.383921
68.1,64,3136.339221
39.9,40,3137.10307
37.1,38,3137.809699
54.1,52,3138.745339
39.7,40,3139.509518
63.3,60,3140.453828
61.5,58,3141.3863
68.1,64,3142.360266
39.5,40,3143.126351
46.5,46,3143.96951
54.1,52,3144.87424
43.435,44,3145.683334
46.9,46,3146.571315
68.5,64,3147.593736
39.3,40,3148.349838
56.3,54,3149.265818
51.868,51,3150.158077
46.5,46,3151.014844
46.7,46,3151.905876
53.7,52,3152.816231
53.7,52,3153.707182
39.5,40,3154.480696
39.7,40,3155.234415
54.1,52,3156.142002
58.5,56,3157.065548
46.7,46,3157.904737
46.1,46,3158.735522
44.1,44,3159.559561
36.1,40,3160.334468
47.1,46,3161.161877
53.9,52,3162.097598
46.3,46,3162.957083
39.7,40,3163.717735
36.9,38,3164.441614
35.1,36,3165.105624
39.9,40,3165.872805
53.7,52,3166.800142
39.3,40,3167.570434
46.7,46,3168.411643
46.7,46,3169.251376
47.1,46,3170.102342
46.3,46,3170.975994
34.7,36,3171.661734
36.9,38,3172.367053
34.5,36,3173.061589
39.5,40,3173.919308
46.5,46,3174.772904
46.7,46,3175.617096
53.5,52,3176.52325
46.7,46,3177.361979
39.5,40,3178.136127
46.7,46,3178.970374
39.5,40,3179.808094
60.264,57,3180.763263
46.3,46,3181.617378
34.9,36,3182.314645
39.7,40,3183.086895
42.1,42,3183.882275
44.5,44,3184.693357
49.3,48,3185.571726
59.66,57,3186.503411
39.7,40,3187.258962
39.5,40,3188.028419
47.1,46,3188.909363
55.5,54,3189.844685
39.9,40,3190.613948
54.1,52,3191.531049
39.3,40,3192.309806
53.5,52,3193.187973
39.5,40,3193.984015
46.5,46,3194.844598
70.284,66,3195.843919
68.1,64,3196.844962
58.418,57,3197.78009
46.9,46,3198.639112
46.9,46,3199.50972
61.5,58,3200.472741
45.864,45,3201.297552
54.3,52,3202.235638
39.9,40,3203.010011
41.5,42,3203.805276
58.489,56,3204.803079
34.3,36,3205.488933
53.9,52,3206.382406
51.633,50,3207.268136
53.9,52,3208.191027
46.9,46,3209.068774
60.3,58,3210.072016
53.9,52,3211.073055
39.1,40,3211.800251
53.5,52,3212.668301
39.5,40,3213.407499
39.7,40,3214.137076
70.5,66,3215.123332
39.5,40,3215.85608
53.7,52,3216.754521
39.1,40,3217.491936
39.3,40,3218.24237
39.5,40,3218.98184
46.244,46,3219.855086
39.9,40,3220.587548
53.9,52,3221.468955
39.7,40,3222.22227
46.9,46,3223.04147
67.7,64,3223.997869
54.1,52,3224.876352
44.5,44,3225.706883
65.9,62,3226.668885
47.1,46,3227.519074
46.7,46,3228.378966
46.1,46,3229.204157
46.9,46,3230.070204
63.5,60,3230.99933
47.1,46,3231.807969
54.1,52,3232.695418
54.3,52,3233.590911
39.7,40,3234.332011
39.7,40,3235.107554
46.9,46,3235.95385
39.3,40,3236.708615
39.9,40,3237.46634
53.3,52,3238.378876
44.445,44,3239.171933
37.1,38,3239.863853
39.5,40,3240.62223
46.1,46,3241.485603
46.3,46,3242.33424
37.3,38,3243.040182
60.9,58,3243.951358
41.5,42,3244.756769
55.9,54,3245.704774
61.1,58,3246.685714
46.7,46,3247.517858
34.5,36,3248.206423
39.3,40,3248.972709
56.3,56,3249.885408
39.7,40,3250.630359
46.3,46,3251.47957
39.5,40,3252.229244
47.1,46,3253.072118
44.3,44,3253.869088
60.5,58,3254.803651
43.9,44,3255.602903
54.1,52,3256.532767
49.3,48,3257.418896
61.5,58,3258.346427
39.5,40,3259.098265
60.7,58,3260.042862
53.7,52,3260.955397
54.1,52,3261.872785
39.7,40,3262.616436
61.3,58,3263.539632
60.3,58,3264.513764
53.3,52,3265.432163
39.7,40,3266.181738
51.5,50,3267.082208
68.1,64,3268.041676
52.5,52,3268.953667
33.9,36,3269.639253
46.9,46,3270.501422
73.464,69,3271.536551
39.1,40,3272.303134
46.9,46,3273.17539
39.9,40,3273.951273
46.5,46,3274.803781
42.3,42,3275.5913
46.5,46,3276.468082
61.3,58,3277.433659
68.3,64,3278.408016
51.633,50,3279.313977
41.5,42,3280.108631
46.9,46,3280.967352
44.3,44,3281.774971
46.9,46,3282.633915
39.5,40,3283.396463
46.9,46,3284.246055
56.3,54,3285.188697
58.251,56,3286.152706
39.9,40,3286.911899
60.06,57,3287.867737
46.5,46,3288.679081
39.1,40,3289.434793
53.9,52,3290.323219
39.7,40,3291.085177
39.7,40,3291.856256
53.5,52,3292.800627
46.7,46,3293.656687
61.3,58,3294.630166
46.7,46,3295.514092
53.9,52,3296.438267
46.5,46,3297.270916
39.5,40,3298.056708
39.5,40,3298.832336
54.1,52,3299.749734
46.9,46,3300.595068
53.5,52,3301.515074
82.5,76,3302.527069
46.9,46,3303.387706
44.3,44,3304.215834
68.3,64,3305.24002
37.3,38,3305.964011
54.1,52,3306.868326
39.3,40,3307.649368
53.5,52,3308.603519
47.1,46,3309.450132
53.5,52,3310.363632
43.419,43,3311.175732
47.1,46,3312.019019
46.7,46,3312.854151
46.9,46,3313.717053
37.1,38,3314.447618
53.9,52,3315.340009
53.7,52,3316.215996
65.229,62,3317.202903
75.1,70,3318.257901
62.3,60,3319.285177
56.1,54,3320.175992
46.7,46,3321.043654
63.7,60,3322.040085
53.5,52,3322.951499
64.051,61,3323.924814
68.5,64,3324.943195
39.7,40,3325.67871
46.7,46,3326.5339
67.5,64,3327.499492
61.5,58,3328.451527
49.3,48,3329.371981
37.1,40,3330.235973
60.3,58,3331.23581
46.9,46,3332.186366
34.9,36,3332.987565
39.3,40,3333.740155
46.7,46,3334.658741
57.656,55,3335.784455
39.7,40,3336.542897
37.1,38,3337.362991
46.9,46,3338.300152
46.9,46,3339.259954
61.1,58,3340.264158
47.1,46,3341.180197
39.5,40,3341.934793
53.9,52,3342.942064
55.9,54,3343.844536
46.7,46,3344.726959
46.5,46,3345.556846
44.039,44,3346.357302
56.3,54,3347.2789
53.7,52,3348.202668
48.3,48,3349.094775
56.1,54,3350.049266
54.1,52,3350.953731
39.5,40,3351.691222
39.9,40,3352.446193
39.7,40,3353.259976
51.9,52,3354.13032
50.9,50,3355.047936
39.7,40,3355.803707
67.9,64,3356.845795
39.3,40,3357.600192
39.7,40,3358.347075
34.9,36,3359.048629
34.7,36,3359.737349
39.9,40,3360.532388
66.86,63,3361.497109
60.7,58,3362.394924
68.5,64,3363.473194
44.3,44,3364.380437
39.5,40,3365.142991
32.235,34,3365.894542
74.9,70,3366.87098
46.5,46,3367.777717
46.9,46,3368.626533
39.496,40,3369.445747
51.7,50,3370.327105
70.7,66,3371.355922
38.456,39,3372.167872
49.3,48,3373.143452
39.7,40,3373.902429
46.3,46,3374.735048
44.5,44,3375.542752
51.488,51,3376.494124
37.5,38,3377.216111
74.7,70,3378.27765
58.1,58,3379.21952
47.1,46,3380.072026
41.9,46,3380.9303
32.9,36,3381.615145
44.5,44,3382.536222
44.5,44,3383.391107
53.5,52,3384.274082
61.3,58,3385.256285
61.1,58,3386.247881
39.7,40,3387.086764
46.5,46,3387.967464
46.1,46,3388.806017
75.1,70,3389.799663
54.1,52,3390.744874
46.9,46,3391.641893
46.9,46,3392.483387
39.7,40,3393.248109
66.1,62,3394.22779
68.3,64,3395.245703
46.5,46,3396.104963
68.066,64,3397.157473
46.9,46,3398.030904
53.9,52,3398.969366
43.645,44,3399.773734
39.7,40,3400.507974
46.5,46,3401.359517
39.9,40,3402.147313
39.7,40,3402.917179
60.7,58,3403.886812
46.3,46,3404.740979
27.433,30,3405.30938
61.1,58,3406.267399
58.5,56,3407.183659
49.5,48,3408.039237
39.5,40,3408.803417
46.7,46,3409.658429
44.3,44,3410.517159
43.9,44,3411.382169
61.1,58,3412.385208
48.633,48,3413.29493
35.1,36,3414.037984
39.9,40,3414.837332
51.685,50,3415.691358
46.9,46,3416.539289
45.3,46,3417.482486
44.3,44,3418.31484
39.5,40,3419.114932
39.5,40,3419.868597
54.1,52,3420.792361
53.9,52,3421.877074
39.9,40,3422.694228
46.9,46,3423.54858
46.9,46,3424.407128
46.9,46,3425.249488
46.7,46,3426.112411
46.9,46,3426.953016
36.9,38,3427.683776
44.431,44,3428.499672
47.1,46,3429.381297
46.7,46,3430.260799
34.9,36,3430.997092
52.676,51,3431.900157
41.7,42,3432.758103
47.9,48,3433.845481
39.7,40,3434.686183
46.9,46,3435.636525
39.1,40,3436.486811
60.7,58,3437.457339
47.1,46,3438.411879
45.48,45,3439.318204
54.1,52,3440.239169
46.7,46,3441.105179
39.9,40,3441.883002
49.1,48,3442.719982
53.5,52,3443.644901
46.5,46,3444.549675
53.9,52,3445.506238
46.7,46,3446.371628
68.5,64,3447.38081
65.9,62,3448.475182
49.031,48,3449.358902
53.9,52,3450.281152
68.1,64,3451.304709
48.7,48,3452.186182
34.9,36,3452.859666
70.7,66,3453.869319
60.7,58,3454.799804
56.5,54,3455.755343
68.1,64,3456.725795
53.9,52,3457.684439
39.7,40,3458.459048
85.1,78,3459.543971
46.5,46,3460.396941
34.7,36,3461.094914
96.5,88,3462.234864
46.7,46,3463.093799
39.7,40,3463.867853
46.9,46,3464.729314
75.1,70,3465.764563
46.7,46,3466.642445
39.3,40,3467.420509
48.9,48,3468.392892
43.9,44,3469.235419
39.3,40,3470.012225
49.5,48,3470.879169
39.7,40,3471.63793
46.1,46,3472.480148
39.5,40,3473.252978
46.5,46,3474.126426
53.7,52,3475.063642
60.9,58,3476.041298
39.7,40,3476.800724
53.9,52,3477.727262
59.899,58,3478.703426
34.7,36,3479.39181
39.7,40,3480.328804
60.9,58,3481.259979
56.5,54,3482.167248
39.5,40,3482.902978
35.1,36,3483.570466
46.3,46,3484.386196
75.5,70,3485.431109
46.7,46,3486.294479
58.5,56,3487.205974
46.9,46,3488.036238
48.9,48,3488.929606
39.5,40,3489.74839
46.9,46,3490.789803
47.1,46,3491.694486
53.7,52,3492.683747
39.3,40,3493.508499
60.7,58,3494.438195
60.7,58,3495.416018
51.1,50,3496.308802
53.7,52,3497.20067
39.5,40,3497.966166
39.3,40,3498.732531
58.7,58,3499.652606
68.5,64,3500.67638
46.7,46,3501.564454
39.5,40,3502.395622
44.9,46,3503.238727
54.3,52,3504.126448
39.7,40,3504.880533
39.9,40,3505.644788
53.9,52,3506.533945
61.1,58,3507.480385
54.1,52,3508.383595
72.831,68,3509.458668
46.7,46,3510.29394
39.7,40,3511.071726
53.7,52,3511.977744
49.5,48,3512.816889
54.3,52,3513.804704
40.3,44,3514.643125
63.429,60,3515.601716
58.1,56,3516.56301
46.9,46,3517.419186
39.5,40,3518.176712
46.5,46,3519.024616
68.3,64,3520.016738
75.5,70,3521.233929
39.7,40,3522.255202
39.7,40,3523.153269
39.7,40,3523.897994
90.86,83,3524.916163
46.7,46,3525.834851
65.7,62,3526.909528
41.9,42,3527.722943
39.3,40,3528.467847
47.1,46,3529.320911
39.5,40,3530.077841
54.1,52,3530.970485
44.3,44,3531.859864
75.9,70,3532.953738
61.3,58,3533.930998
61.1,58,3534.946749
39.9,40,3535.694945
40.7,42,3536.554133
61.3,58,3537.574702
39.3,40,3538.42199
39.3,40,3539.187483
43.7,46,3540.028274
53.7,52,3540.937837
58.5,58,3541.921135
46.7,46,3542.787323
51.629,50,3543.676077
37.3,38,3544.454362
51.833,50,3545.375291
70.9,66,3546.358823
39.9,40,3547.112525
39.5,40,3547.945871
67.9,64,3548.934762
39.9,40,3549.765019
56.5,54,3550.684793
60.9,58,3551.591561
68.3,64,3552.607045
43.9,46,3553.493328
39.7,40,3554.26282
43.3,46,3555.083745
61.5,58,3555.985937
32.3,34,3556.648891
41.7,42,3557.459502
44.5,44,3558.317708
54.1,52,3559.256919
60.9,58,3560.318534
46.7,46,3561.182834
46.1,46,3562.050393
60.9,58,3563.008535
53.7,52,3563.937305
46.1,46,3564.794732
39.5,40,3565.565478
39.7,40,3566.343345
37.3,38,3567.064968
39.7,40,3567.848337
46.9,46,3569.377927
52.08,51,3572.930081
74.7,70,3577.001741
47.1,46,3580.521264
53.9,52,3584.218088
30.3,32,3586.726631
46.3,46,3590.297504
67.7,64,3594.371665
39.5,40,3597.5668
54.1,52,3601.285063
84.9,78,3605.550013
46.9,46,3609.158016
39.5,40,3612.351052
35.1,36,3615.153858
37.9,40,3618.349369
46.9,46,3621.876394
68.1,64,3625.840281
42.1,42,3629.12275
47.1,46,3632.684897
36.9,38,3635.730104
65.837,62,3639.907627
46.828,46,3643.506061
39.5,40,3646.633896
68.3,64,3650.689954
49.5,48,3654.29883
61.1,58,3657.954788
61.1,58,3661.935317
61.1,58,3666.031531
39.3,40,3669.206249
43.9,44,3672.567236
39.7,40,3675.696328
46.7,46,3679.259467
39.7,40,3682.439376
39.5,40,3685.596327
39.9,40,3688.755833
61.1,58,3692.786127
41.9,42,3696.08292
34.3,36,3698.915172
61.3,58,3702.822316
47.1,46,3706.40093
54.1,52,3710.154139
39.9,40,3713.307952
39.7,40,3716.484724
75.3,70,3720.613934
60.7,58,3724.621652
39.9,40,3727.81901
46.9,46,3731.328084
50.7,50,3735.130273
39.1,40,3738.252937
45.1,46,3741.763265
47.1,46,3745.333501
61.3,58,3749.108057
42.3,42,3752.489962
46.7,46,3756.324248
35.1,36,3759.101996
68.1,64,3763.086082
39.3,40,3766.144419
46.7,46,3769.497604
46.5,46,3772.833966
46.9,46,3776.309756
47.1,46,3779.670019
39.3,40,3782.752194
54.1,52,3786.515274
53.9,52,3790.118176
32.5,34,3792.714406
46.5,46,3796.128797
39.5,40,3799.198184
58.053,56,3803.245759
37.5,38,3806.173999
53.5,52,3809.882139
34.7,36,3812.640146
44.1,44,3816.03622
46.3,46,3819.515495
49.1,48,3823.038961
46.9,46,3826.639622
39.5,40,3829.769034
56.5,54,3833.697533
39.9,40,3836.857406
46.7,46,3840.321567
39.9,40,3843.431137
43.9,44,3846.829348
34.5,36,3849.637716
90.405,83,3853.846544
58.7,56,3857.753904
54.1,52,3861.580418
66.483,63,3865.627879
39.3,40,3868.761002
44.241,44,3872.278516
53.9,52,3875.962646
37.3,38,3879.051989
60.9,58,3882.941257
46.5,46,3886.501196
37.5,38,3889.572505
70.3,66,3893.466074
54.3,52,3897.2845
44.3,44,3898.761182
53.3,52,3899.622716
61.1,58,3900.567773
46.3,46,3901.416206
46.9,46,3902.239639
56.5,54,3903.141011
53.9,52,3904.027449
52.455,51,3904.943089
39.3,40,3905.705785
46.9,46,3906.565544
53.9,52,3907.470467
53.5,52,3908.353242
61.1,58,3909.311124
53.7,52,3910.992342
57.1,56,3914.752178
54.3,52,3918.4437
54.1,52,3922.197072
68.1,64,3926.508062
66.1,62,3930.616125
53.7,52,3934.351522
46.3,46,3937.723839
39.7,40,3940.792906
46.7,46,3943.887956
47.1,46,3947.247451
42.1,42,3950.549768
75.7,70,3954.535669
54.3,52,3958.214407
75.3,70,3962.47071
44.3,44,3965.939164
61.1,58,3970.006548
39.7,40,3973.25975
46.7,46,3976.856753
44.7,44,3980.297192
53.5,52,3983.891935
39.1,40,3986.979198
51.5,50,3990.430335
46.7,46,3994.084281
46.7,46,3997.583123
46.3,46,4001.205819
39.3,40,4004.410957
44.5,44,4007.951878
54.3,52,4011.834162
39.7,40,4015.001927
46.7,46,4018.636665
46.5,46,4022.269509
39.7,40,4025.332477
68.3,64,4027.199644
44.3,44,4028.022593
56.7,54,4028.969826
61.1,58,4029.990438
46.5,46,4030.85893
46.7,46,4031.808208
53.5,52,4035.626076
53.5,52,4039.324753
37.5,38,4042.23455
60.5,58,4046.06503
46.5,46,4049.420613
63.5,60,4053.269093
46.9,46,4056.757516
39.3,40,4057.786457
38.9,40,4058.57531
49.3,48,4059.450672
67.5,64,4060.431387
47.1,46,4061.346958
50.9,50,4065.045599
65.9,62,4068.96569
55.7,54,4072.942467
60.3,58,4076.814891
44.064,45,4080.37452
39.5,40,4083.507792
46.5,46,4087.071688
53.9,52,4090.888285
